#VRML V2.0 utf8
# 3D model generated by easyeda2kicad.py (https://github.com/uPesy/easyeda2kicad.py)

Shape{
    appearance Appearance {
        material  Material 	{
            diffuseColor 0.8313725490196079 0.8313725490196079 0.8196078431372549
            specularColor 0.6666666666666666 0.6666666666666666 0.6549019607843137
            ambientIntensity 0.83
            transparency 0.0
            shininess 0.5
        }
    }
    geometry IndexedFaceSet {
        ccw TRUE
        solid FALSE
        coord DEF co Coordinate {
            point [
                3.315 0.2024 3.4252, 3.315 0.2024 -1.3386, 2.9213 0.2024 3.4252, 2.9213 0.2024 -1.3386, 2.9213 -0.1913 3.4252, 2.9213 -0.1913 -1.3386, 3.315 -0.1913 3.4252, 3.315 -0.1913 -1.3386, 3.2756 0.163 3.7402, 2.9606 0.163 3.7402, 3.2756 -0.152 3.7402, 2.9606 -0.152 3.7402, 2.9606 0.163 -1.6535, 3.2756 0.163 -1.6535, 2.9606 -0.152 -1.6535, 3.2756 -0.152 -1.6535, -1.3622 0.2024 3.4252, -1.3622 0.2024 -1.3386, -1.7559 0.2024 3.4252, -1.7559 0.2024 -1.3386, -1.7559 -0.1913 3.4252, -1.7559 -0.1913 -1.3386, -1.3622 -0.1913 3.4252, -1.3622 -0.1913 -1.3386, -1.4016 0.163 3.7402, -1.7165 0.163 3.7402, -1.4016 -0.152 3.7402, -1.7165 -0.152 3.7402, -1.7165 0.163 -1.6535, -1.4016 0.163 -1.6535, -1.7165 -0.152 -1.6535, -1.4016 -0.152 -1.6535, 0.1969 0.2024 3.4252, 0.1969 0.2024 -1.3386, -0.1969 0.2024 3.4252, -0.1969 0.2024 -1.3386, -0.1969 -0.1913 3.4252, -0.1969 -0.1913 -1.3386, 0.1969 -0.1913 3.4252, 0.1969 -0.1913 -1.3386, 0.1575 0.163 3.7402, -0.1575 0.163 3.7402, 0.1575 -0.152 3.7402, -0.1575 -0.152 3.7402, -0.1575 0.163 -1.6535, 0.1575 0.163 -1.6535, -0.1575 -0.152 -1.6535, 0.1575 -0.152 -1.6535, -2.9213 0.2024 3.4252, -2.9213 0.2024 -1.3386, -3.315 0.2024 3.4252, -3.315 0.2024 -1.3386, -3.315 -0.1913 3.4252, -3.315 -0.1913 -1.3386, -2.9213 -0.1913 3.4252, -2.9213 -0.1913 -1.3386, -2.9606 0.163 3.7402, -3.2756 0.163 3.7402, -2.9606 -0.152 3.7402, -3.2756 -0.152 3.7402, -3.2756 0.163 -1.6535, -2.9606 0.163 -1.6535, -3.2756 -0.152 -1.6535, -2.9606 -0.152 -1.6535, 1.7559 0.2024 3.4252, 1.7559 0.2024 -1.3386, 1.3622 0.2024 3.4252, 1.3622 0.2024 -1.3386, 1.3622 -0.1913 3.4252, 1.3622 -0.1913 -1.3386, 1.7559 -0.1913 3.4252, 1.7559 -0.1913 -1.3386, 1.7165 0.163 3.7402, 1.4016 0.163 3.7402, 1.7165 -0.152 3.7402, 1.4016 -0.152 3.7402, 1.4016 0.163 -1.6535, 1.7165 0.163 -1.6535, 1.4016 -0.152 -1.6535, 1.7165 -0.152 -1.6535
            ]
        }
        coordIndex [
            0,1,2,-1,2,1,3,-1,2,3,4,-1,4,3,5,-1,4,5,6,-1,6,5,7,-1,6,7,0,-1,0,7,1,-1,8,9,10,-1,10,9,11,-1,12,13,14,-1,14,13,15,-1,7,15,1,-1,1,15,13,-1,5,14,7,-1,7,14,15,-1,12,3,13,-1,13,3,1,-1,3,12,5,-1,5,12,14,-1,4,11,2,-1,2,11,9,-1,6,10,4,-1,4,10,11,-1,8,0,9,-1,9,0,2,-1,0,8,6,-1,6,8,10,-1,16,17,18,-1,18,17,19,-1,18,19,20,-1,20,19,21,-1,20,21,22,-1,22,21,23,-1,22,23,16,-1,16,23,17,-1,24,25,26,-1,26,25,27,-1,28,29,30,-1,30,29,31,-1,23,31,17,-1,17,31,29,-1,21,30,23,-1,23,30,31,-1,28,19,29,-1,29,19,17,-1,19,28,21,-1,21,28,30,-1,20,27,18,-1,18,27,25,-1,22,26,20,-1,20,26,27,-1,24,16,25,-1,25,16,18,-1,16,24,22,-1,22,24,26,-1,32,33,34,-1,34,33,35,-1,34,35,36,-1,36,35,37,-1,36,37,38,-1,38,37,39,-1,38,39,32,-1,32,39,33,-1,40,41,42,-1,42,41,43,-1,44,45,46,-1,46,45,47,-1,39,47,33,-1,33,47,45,-1,37,46,39,-1,39,46,47,-1,44,35,45,-1,45,35,33,-1,35,44,37,-1,37,44,46,-1,36,43,34,-1,34,43,41,-1,38,42,36,-1,36,42,43,-1,40,32,41,-1,41,32,34,-1,32,40,38,-1,38,40,42,-1,48,49,50,-1,50,49,51,-1,50,51,52,-1,52,51,53,-1,52,53,54,-1,54,53,55,-1,54,55,48,-1,48,55,49,-1,56,57,58,-1,58,57,59,-1,60,61,62,-1,62,61,63,-1,55,63,49,-1,49,63,61,-1,53,62,55,-1,55,62,63,-1,60,51,61,-1,61,51,49,-1,51,60,53,-1,53,60,62,-1,52,59,50,-1,50,59,57,-1,54,58,52,-1,52,58,59,-1,56,48,57,-1,57,48,50,-1,48,56,54,-1,54,56,58,-1,64,65,66,-1,66,65,67,-1,66,67,68,-1,68,67,69,-1,68,69,70,-1,70,69,71,-1,70,71,64,-1,64,71,65,-1,72,73,74,-1,74,73,75,-1,76,77,78,-1,78,77,79,-1,71,79,65,-1,65,79,77,-1,69,78,71,-1,71,78,79,-1,76,67,77,-1,77,67,65,-1,67,76,69,-1,69,76,78,-1,68,75,66,-1,66,75,73,-1,70,74,68,-1,68,74,75,-1,72,64,73,-1,73,64,66,-1,64,72,70,-1,70,72,74,-1,
        ]
    }
}
Shape{
    appearance Appearance {
        material  Material 	{
            diffuseColor 1.0 0.5490196078431373 0.0
            specularColor 0.30196078431372547 0.16470588235294117 0.0
            ambientIntensity 0.6213
            transparency 0.0
            shininess 0.5
        }
    }
    geometry IndexedFaceSet {
        ccw TRUE
        solid FALSE
        coord DEF co Coordinate {
            point [
                -3.8976 -1.3528 3.9764, -3.8976 -1.3528 3.8737, -2.6051 -1.3528 3.8737, -2.2061 -1.3528 3.0751, -2.2061 -1.3528 0.3937, -2.1085 -1.3528 0.3937, 3.622 -1.3528 0.3937, 3.8976 -1.3528 0.3937, 3.8976 -1.3528 3.0751, -1.8115 -1.3528 3.1615, -1.8588 -1.3528 3.1615, -1.8588 -1.3528 3.1597, -2.1527 -1.3528 3.1608, -2.1621 -1.3528 3.1597, -2.1085 -1.3528 3.1597, -2.3182 -1.3528 3.7136, -2.3018 -1.3528 3.7156, -2.3868 -1.3528 3.7156, -2.9597 -1.3528 3.7156, -2.9248 -1.3528 3.6921, -2.6051 -1.3528 3.7156, -2.8752 -1.3528 3.6349, -2.8428 -1.3528 3.5722, -2.8325 -1.3528 3.5686, -2.7876 -1.3528 3.5455, -3.2766 -1.3528 3.7347, -3.2066 -1.3528 3.7617, -3.1313 -1.3528 3.7711, -3.0687 -1.3528 3.7645, -2.9925 -1.3528 3.7376, -3.648 -1.3528 3.4813, -3.8976 -1.3528 3.7156, -3.6574 -1.3528 3.4358, -3.8976 -1.3528 3.4358, -3.6603 -1.3528 3.4216, -3.3074 -1.3528 3.7156, -3.3134 -1.3528 3.7119, -3.6222 -1.3528 3.535, -3.5897 -1.3528 3.5752, -3.5749 -1.3528 3.5889, -3.5238 -1.3528 3.6227, -3.4671 -1.3528 3.6426, -3.4152 -1.3528 3.6481, -3.3491 -1.3528 3.6813, -3.3977 -1.3528 3.6471, -3.3802 -1.3528 3.6451, -3.4759 -1.3528 3.1638, -3.5035 -1.3528 3.1726, -3.8976 -1.3528 3.1597, -3.5573 -1.3528 3.2013, -3.5973 -1.3528 3.2367, -3.604 -1.3528 3.2445, -3.6358 -1.3528 3.2936, -3.6556 -1.3528 3.3505, -3.6611 -1.3528 3.4022, -3.4085 -1.3528 3.081, -3.4381 -1.3528 3.1035, -3.8976 -1.3528 3.0751, -3.4607 -1.3528 3.1313, -3.474 -1.3528 3.1597, -3.8976 -1.3528 0.3937, -3.622 -1.3528 0.3937, -3.622 -1.3528 0.0, -3.3937 -1.3528 0.0, -3.3937 -1.3528 0.3937, -2.8425 -1.3528 0.0, -2.6142 -1.3528 0.0, -2.8425 -1.3528 0.3937, -2.6142 -1.3528 0.3937, -2.6051 -1.3528 3.0751, -2.6051 -1.3528 0.3937, -2.3996 -1.3528 0.3937, -3.2688 -1.3528 3.0751, -3.295 -1.3528 3.0651, -3.3317 -1.3528 3.0606, -3.3376 -1.3528 3.0607, -3.3734 -1.3528 3.0663, -3.3944 -1.3528 3.0751, -3.1894 -1.3528 3.1597, -3.1895 -1.3528 3.1594, -3.2074 -1.3528 3.1255, -3.2309 -1.3528 3.0991, -3.2611 -1.3528 3.0781, -3.2178 -1.3528 3.3141, -3.0144 -1.3528 3.4204, -3.2443 -1.3528 3.3382, -3.2765 -1.3528 3.3555, -2.747 -1.3528 3.5102, -2.7166 -1.3528 3.4666, -2.6051 -1.3528 3.4358, -2.7048 -1.3528 3.4358, -2.6987 -1.3528 3.42, -2.793 -1.3528 3.1922, -2.8396 -1.3528 3.1704, -2.6051 -1.3528 3.1597, -2.8869 -1.3528 3.1608, -2.7874 -1.3528 3.3849, -2.7944 -1.3528 3.414, -2.8061 -1.3528 3.4358, -3.5617 -1.3528 3.4358, -3.0033 -1.3528 3.1717, -3.0089 -1.3528 3.1772, -3.0042 -1.3528 3.2433, -2.9947 -1.3528 3.2497, -2.9673 -1.3528 3.3399, -2.9843 -1.3528 3.2536, -2.7203 -1.3528 3.2679, -2.7487 -1.3528 3.2291, -2.7531 -1.3528 3.2244, -2.9764 -1.3528 3.1608, -2.983 -1.3528 3.1617, -2.9931 -1.3528 3.1651, -3.5529 -1.3528 3.3449, -3.5346 -1.3528 3.3138, -3.4575 -1.3528 3.2983, -3.5074 -1.3528 3.2859, -3.4744 -1.3528 3.2655, -3.4013 -1.3528 3.3485, -3.4324 -1.3528 3.3269, -3.5654 -1.3528 3.4052, -3.5637 -1.3528 3.3821, -2.6925 -1.3528 3.3733, -2.6927 -1.3528 3.3652, -2.7005 -1.3528 3.3155, -3.0204 -1.3528 3.2078, -3.0202 -1.3528 3.2123, -3.1798 -1.3528 3.2276, -3.0176 -1.3528 3.2239, -3.0121 -1.3528 3.2345, -3.3678 -1.3528 3.3613, -3.3317 -1.3528 3.3657, -3.3131 -1.3528 3.3646, -3.0153 -1.3528 3.1868, -3.0192 -1.3528 3.1972, -3.1806 -1.3528 3.1969, -3.1798 -1.3528 3.2124, -2.9734 -1.3528 3.2549, -2.9719 -1.3528 3.2548, -2.9674 -1.3528 3.2538, -2.8174 -1.3528 3.2915, -2.8007 -1.3528 3.3152, -2.7903 -1.3528 3.3423, -2.7867 -1.3528 3.3718, -2.9643 -1.3528 3.2534, -2.896 -1.3528 3.2534, -2.8689 -1.3528 3.2585, -2.8421 -1.3528 3.2709, -2.8196 -1.3528 3.2892, -2.923 -1.3528 3.5206, -2.9436 -1.3528 3.5709, -2.9755 -1.3528 3.6138, -3.0342 -1.3528 3.6572, -3.0821 -1.3528 3.6746, -2.9172 -1.3528 3.4902, -3.3332 -1.3528 3.5342, -3.3444 -1.3528 3.5403, -3.3784 -1.3528 3.5527, -3.3124 -1.3528 3.5785, -2.9051 -1.3528 3.4902, -2.8085 -1.3528 3.4403, -2.8262 -1.3528 3.46, -2.8498 -1.3528 3.4765, -2.8763 -1.3528 3.4867, -2.9911 -1.3528 3.6285, -3.1297 -1.3528 3.68, -3.1374 -1.3528 3.6798, -3.1879 -1.3528 3.6722, -3.4666 -1.3528 3.5474, -3.5005 -1.3528 3.5295, -3.4292 -1.3528 3.5562, -3.5269 -1.3528 3.506, -3.548 -1.3528 3.4757, -3.2373 -1.3528 3.6515, -3.2792 -1.3528 3.6198, -3.4136 -1.3528 3.557, -3.5609 -1.3528 3.4419, -1.7913 -1.3528 3.6618, -1.7716 -1.3528 3.7138, -1.7913 -1.3528 3.7156, -1.7421 -1.3528 3.7138, -1.713 -1.3528 3.5586, -1.7913 -1.3528 3.5586, -1.6912 -1.3528 3.5002, -1.7913 -1.3528 3.4358, -1.6608 -1.3528 3.5002, -1.5914 -1.3528 3.4358, -1.5914 -1.3528 3.7156, -1.8529 -1.3528 3.5002, -1.8588 -1.3528 3.4358, -1.8224 -1.3528 3.5002, -1.8019 -1.3528 3.5586, -2.1662 -1.3528 3.5246, -2.1085 -1.3528 3.5246, -2.1662 -1.3528 3.5964, -2.1085 -1.3528 3.5964, -2.1085 -1.3528 3.7156, -2.0838 -1.3528 3.7138, -2.0587 -1.3528 3.7156, -2.0838 -1.3528 3.6892, -2.0898 -1.3528 3.5964, -2.0789 -1.3528 3.5246, -2.0898 -1.3528 3.6209, -2.1085 -1.3528 3.6892, -2.1085 -1.3528 3.6209, -2.1662 -1.3528 3.6892, -2.1662 -1.3528 3.6209, -2.2061 -1.3528 3.7156, -2.1937 -1.3528 3.7138, -2.1085 -1.3528 3.7138, -2.1937 -1.3528 3.5002, -2.2061 -1.3528 3.4358, -2.1085 -1.3528 3.5002, -2.1085 -1.3528 3.4358, -2.0789 -1.3528 3.5002, -2.0587 -1.3528 3.4358, -2.2456 -1.3528 3.7156, -2.2456 -1.3528 3.7113, -2.2365 -1.3528 3.7086, -2.2365 -1.3528 3.6798, -2.2365 -1.3528 3.5355, -2.2365 -1.3528 3.5091, -2.2401 -1.3528 3.5073, -2.2815 -1.3528 3.5216, -2.2574 -1.3528 3.5261, -2.2456 -1.3528 3.6837, -2.2456 -1.3528 3.5314, -2.2388 -1.3528 3.6811, -2.3569 -1.3528 3.5581, -2.3465 -1.3528 3.5437, -2.3423 -1.3528 3.5396, -2.3284 -1.3528 3.5297, -2.345 -1.3528 3.6688, -2.3566 -1.3528 3.6527, -2.3304 -1.3528 3.6808, -2.3136 -1.3528 3.6886, -2.2605 -1.3528 3.6893, -2.2868 -1.3528 3.6925, -2.3672 -1.3528 3.5967, -2.2951 -1.3528 3.6922, -2.3674 -1.3528 3.6046, -2.3638 -1.3528 3.6343, -2.3132 -1.3528 3.5238, -2.2916 -1.3528 3.5212, -2.3638 -1.3528 3.5754, -2.2866 -1.3528 3.7174, -2.2644 -1.3528 3.7156, -2.2588 -1.3528 3.7151, -2.2456 -1.3528 3.8737, -2.2871 -1.3528 3.7174, -2.381 -1.3528 3.6657, -2.3655 -1.3528 3.6859, -2.3604 -1.3528 3.6908, -2.3405 -1.3528 3.7048, -2.3996 -1.3528 3.7156, -2.3911 -1.3528 3.642, -2.3868 -1.3528 3.6521, -2.3868 -1.3528 3.5542, -2.3928 -1.3528 3.5711, -2.3996 -1.3528 3.4358, -2.3963 -1.3528 3.603, -2.396 -1.3528 3.6141, -2.3316 -1.3528 3.502, -2.3517 -1.3528 3.5115, -2.3868 -1.3528 3.4358, -2.3689 -1.3528 3.5258, -2.3723 -1.3528 3.5296, -2.3846 -1.3528 3.5482, -2.2456 -1.3528 3.5055, -2.263 -1.3528 3.4998, -2.2456 -1.3528 3.4358, -2.2956 -1.3528 3.4966, -2.3085 -1.3528 3.4973, -2.3665 -1.3528 3.2342, -2.3623 -1.3528 3.2773, -2.3718 -1.3528 3.2265, -2.3755 -1.3528 3.2171, -2.2456 -1.3528 3.1597, -2.2547 -1.3528 3.1615, -2.2814 -1.3528 3.1615, -2.3868 -1.3528 3.1597, -2.3726 -1.3528 3.181, -2.3759 -1.3528 3.19, -2.3031 -1.3528 3.2948, -2.3123 -1.3528 3.2958, -2.3266 -1.3528 3.2521, -2.3583 -1.3528 3.2413, -2.3469 -1.3528 3.2471, -2.3438 -1.3528 3.289, -2.327 -1.3528 3.2944, -2.3555 -1.3528 3.1638, -2.3641 -1.3528 3.1699, -2.367 -1.3528 3.1729, -2.294 -1.3528 3.3161, -2.2827 -1.3528 3.3127, -2.2737 -1.3528 3.3077, -2.2666 -1.3528 3.3009, -2.2814 -1.3528 3.1851, -2.2822 -1.3528 3.1851, -2.2866 -1.3528 3.1784, -2.295 -1.3528 3.1694, -2.2611 -1.3528 3.2923, -2.2568 -1.3528 3.2803, -2.2547 -1.3528 3.2597, -2.3772 -1.3528 3.2023, -2.3772 -1.3528 3.2055, -2.3623 -1.3528 3.3033, -2.357 -1.3528 3.3064, -2.3371 -1.3528 3.3142, -2.3098 -1.3528 3.3175, -2.2814 -1.3528 3.2585, -2.2823 -1.3528 3.2701, -2.2851 -1.3528 3.2797, -2.2882 -1.3528 3.2852, -2.2922 -1.3528 3.2895, -2.297 -1.3528 3.2926, -2.3048 -1.3528 3.1631, -2.3145 -1.3528 3.1597, -2.2456 -1.3528 3.0751, -2.3158 -1.3528 3.1593, -2.3289 -1.3528 3.1579, -2.3868 -1.3528 3.0751, -2.3326 -1.3528 3.158, -2.3442 -1.3528 3.1597, -2.3453 -1.3528 3.1599, -2.2138 -1.3528 3.2536, -2.2169 -1.3528 3.2617, -2.2185 -1.3528 3.1945, -2.2061 -1.3528 3.1625, -2.2185 -1.3528 3.1669, -2.2088 -1.3528 3.1885, -2.2061 -1.3528 3.1874, -2.2061 -1.3528 3.244, -2.2107 -1.3528 3.2487, -2.2096 -1.3528 3.2977, -2.2063 -1.3528 3.2442, -2.2183 -1.3528 3.2729, -2.2174 -1.3528 3.2818, -2.2144 -1.3528 3.2904, -2.1997 -1.3528 3.1603, -2.2061 -1.3528 3.1597, -2.1943 -1.3528 3.1597, -2.1771 -1.3528 3.1579, -2.1228 -1.3528 3.3107, -2.1228 -1.3528 3.2848, -2.1244 -1.3528 3.2282, -2.1198 -1.3528 3.2216, -2.1196 -1.3528 3.1845, -2.1244 -1.3528 3.1774, -2.2061 -1.3528 3.3009, -2.2012 -1.3528 3.3054, -2.1947 -1.3528 3.3094, -2.1804 -1.3528 3.3149, -2.1589 -1.3528 3.3175, -2.1402 -1.3528 3.3158, -2.1327 -1.3528 3.17, -2.1387 -1.3528 3.1663, -2.1168 -1.3528 3.2139, -2.1155 -1.3528 3.203, -2.1165 -1.3528 3.193, -2.1615 -1.3528 3.2958, -2.1694 -1.3528 3.2952, -2.1907 -1.3528 3.2753, -2.1766 -1.3528 3.2933, -2.1826 -1.3528 3.2901, -2.1905 -1.3528 3.2717, -2.1894 -1.3528 3.2676, -2.1875 -1.3528 3.2639, -2.1849 -1.3528 3.2611, -2.1755 -1.3528 3.2552, -2.1428 -1.3528 3.2935, -2.1589 -1.3528 3.248, -2.1277 -1.3528 3.2876, -2.1486 -1.3528 3.2438, -2.1308 -1.3528 3.2339, -2.1866 -1.3528 3.2865, -2.1889 -1.3528 3.2831, -2.1902 -1.3528 3.2795, -2.1921 -1.3528 3.1819, -2.1778 -1.3528 3.2285, -2.1937 -1.3528 3.2359, -2.1745 -1.3528 3.1798, -2.1733 -1.3528 3.1798, -2.1602 -1.3528 3.2212, -2.1596 -1.3528 3.1813, -2.1429 -1.3528 3.2004, -2.1432 -1.3528 3.2037, -2.1527 -1.3528 3.1838, -2.1502 -1.3528 3.1853, -2.1472 -1.3528 3.188, -2.1448 -1.3528 3.1915, -2.1435 -1.3528 3.1953, -2.1444 -1.3528 3.2079, -2.1465 -1.3528 3.2114, -2.1498 -1.3528 3.2149, -2.016 -1.3528 3.1597, -1.9263 -1.3528 3.1615, -1.9552 -1.3528 3.314, -1.9263 -1.3528 3.375, -2.0318 -1.3528 3.1994, -2.0285 -1.3528 3.1868, -2.0278 -1.3528 3.1868, -2.0266 -1.3528 3.1921, -2.0245 -1.3528 3.1992, -2.0587 -1.3528 3.2769, -1.9829 -1.3528 3.314, -2.0587 -1.3528 3.1597, -2.0587 -1.3528 3.2051, -2.1015 -1.3528 3.314, -2.0716 -1.3528 3.314, -2.0417 -1.3528 3.1618, -2.0426 -1.3528 3.1597, -2.0535 -1.3528 3.1341, -2.1085 -1.3528 3.0751, -2.096 -1.3528 3.0919, -2.096 -1.3528 3.1157, -2.0906 -1.3528 3.1139, -2.0809 -1.3528 3.1126, -2.0757 -1.3528 3.1131, -2.0699 -1.3528 3.1149, -2.0648 -1.3528 3.118, -2.0587 -1.3528 3.0945, -2.0676 -1.3528 3.091, -2.0587 -1.3528 3.0751, -2.0788 -1.3528 3.0897, -2.0848 -1.3528 3.0899, -2.0594 -1.3528 3.1236, -2.0587 -1.3528 3.1247, -2.0246 -1.3528 3.1379, -2.0375 -1.3528 3.1135, -1.8588 -1.3528 3.0751, -2.0244 -1.3528 3.1385, -2.0473 -1.3528 3.1022, -2.0477 -1.3528 3.1018, -2.0571 -1.3528 3.0952, -1.8988 -1.3528 3.1859, -1.8588 -1.3528 3.1859, -1.8988 -1.3528 3.2577, -1.8588 -1.3528 3.2577, -1.8588 -1.3528 3.375, -1.8164 -1.3528 3.375, -1.8164 -1.3528 3.3505, -1.8224 -1.3528 3.2577, -1.8115 -1.3528 3.1859, -1.8224 -1.3528 3.2821, -1.8588 -1.3528 3.3505, -1.8588 -1.3528 3.2821, -1.8988 -1.3528 3.3505, -1.8988 -1.3528 3.2821, 2.6142 -1.3528 0.3937, 2.6142 -1.3528 0.0, 2.8425 -1.3528 0.0, 2.8425 -1.3528 0.3937, 3.3937 -1.3528 0.3937, 1.2521 -1.3528 3.0751, 1.8346 -1.3528 0.3937, 1.2835 -1.3528 0.3937, 1.2521 -1.3528 0.0, 1.2835 -1.3528 0.0, 1.8346 -1.3528 0.0, 2.063 -1.3528 0.0, 2.063 -1.3528 0.3937, -1.5914 -1.3528 0.3937, -1.2835 -1.3528 0.3937, -0.5039 -1.3528 0.3937, -0.5039 -1.3528 0.0, -0.2756 -1.3528 0.0, -0.2756 -1.3528 0.3937, 0.2756 -1.3528 0.3937, -1.0551 -1.3528 0.3937, -1.0551 -1.3528 0.0, -1.2835 -1.3528 0.0, 1.0551 -1.3528 0.0, 1.0551 -1.3528 0.3937, 0.5039 -1.3528 0.3937, 0.5039 -1.3528 0.0, 0.2756 -1.3528 0.0, -2.063 -1.3528 0.0, -2.0587 -1.3528 0.0, -2.063 -1.3528 0.3937, -2.3868 -1.3528 0.3937, -2.2456 -1.3528 0.3937, -2.3996 -1.3528 3.0751, -1.8588 -1.3528 0.0, -1.7913 -1.3528 3.1597, -1.7913 -1.3528 3.0751, -1.8346 -1.3528 0.3937, -1.8346 -1.3528 0.0, -2.4077 -1.3528 3.3505, -2.3996 -1.3528 3.1597, -2.4028 -1.3528 3.1859, -2.4028 -1.3528 3.1615, -2.5177 -1.3528 3.1615, -2.5177 -1.3528 3.375, -2.4077 -1.3528 3.375, -2.4901 -1.3528 3.2577, -2.4901 -1.3528 3.1859, -2.4137 -1.3528 3.2577, -2.4137 -1.3528 3.2821, -2.4901 -1.3528 3.2821, -2.4901 -1.3528 3.3505, -1.5914 -1.3528 3.0751, -1.5914 -1.3528 3.1597, -1.7124 -1.3528 3.1615, -1.7712 -1.3528 3.1615, -1.6031 -1.3528 3.2325, -1.6136 -1.3528 3.2104, -1.6295 -1.3528 3.1914, -1.6516 -1.3528 3.1756, -1.6758 -1.3528 3.166, -1.7712 -1.3528 3.375, -1.7103 -1.3528 3.375, -1.6777 -1.3528 3.3714, -1.6519 -1.3528 3.362, -1.6295 -1.3528 3.3468, -1.6222 -1.3528 3.3396, -1.6089 -1.3528 3.321, -1.601 -1.3528 3.3007, -1.5973 -1.3528 3.271, -1.598 -1.3528 3.2575, 1.2521 -1.3528 3.1597, 1.2521 -1.3528 3.4358, -1.4747 -1.3528 3.375, -1.3934 -1.3528 3.1615, -1.4238 -1.3528 3.1615, -1.4456 -1.3528 3.2199, -1.5345 -1.3528 3.2199, -1.555 -1.3528 3.1615, -1.5855 -1.3528 3.1615, -1.5042 -1.3528 3.375, -1.7913 -1.3528 0.3937, -2.4901 -1.3528 3.7138, -2.4901 -1.3528 3.5246, -2.4051 -1.3528 3.5246, -2.4051 -1.3528 3.5002, -2.5177 -1.3528 3.5002, -2.5177 -1.3528 3.7138, -2.0386 -1.3528 3.5002, -1.8654 -1.3528 3.5962, -1.8705 -1.3528 3.5712, -1.881 -1.3528 3.5491, -1.8969 -1.3528 3.5302, -1.8763 -1.3528 3.6597, -1.8684 -1.3528 3.6394, -1.8588 -1.3528 3.7156, -1.8647 -1.3528 3.6097, -1.919 -1.3528 3.5143, -1.9432 -1.3528 3.5048, -1.9798 -1.3528 3.5002, -2.0386 -1.3528 3.7138, -1.9777 -1.3528 3.7138, -1.9451 -1.3528 3.7102, -1.9193 -1.3528 3.7008, -1.8969 -1.3528 3.6855, -1.8896 -1.3528 3.6783, 1.2521 -1.3528 3.7156, 3.3937 -1.3528 0.0, 3.622 -1.3528 0.0, 3.8976 -1.3528 3.1597, 3.8976 -1.3528 3.4358, 3.8976 -1.3528 3.7156, -2.3868 -1.3528 3.8737, -2.3996 -1.3528 3.8737, -2.2061 -1.3528 3.8737, -2.1085 -1.3528 3.8737, -2.0587 -1.3528 3.8737, -1.8588 -1.3528 3.8737, -1.7913 -1.3528 3.8737, -1.5914 -1.3528 3.8737, 1.2521 -1.3528 3.8737, 3.8976 -1.3528 3.8737, -2.6051 -1.3528 3.9764, -2.3996 -1.3528 3.9764, -2.3868 -1.3528 3.9764, -2.2456 -1.3528 3.9764, -2.2061 -1.3528 3.9764, -2.1085 -1.3528 3.9764, -2.0587 -1.3528 3.9764, -1.8588 -1.3528 3.9764, -1.7913 -1.3528 3.9764, -1.5914 -1.3528 3.9764, 1.2521 -1.3528 3.9764, 3.8976 -1.3528 3.9764, 3.8976 -0.8724 3.7402, 3.8976 -0.8724 1.2205, 3.5856 -0.8724 3.7402, 3.5856 -0.8724 1.2205, -3.8976 1.1591 3.9764, 3.8976 1.1591 3.9764, -3.8976 1.4425 3.9764, 3.8976 1.4425 3.9764, -3.622 0.4189 0.0, -3.8976 0.4189 0.0, -3.8976 1.5606 0.0, 3.8976 1.5606 0.0, 3.8976 0.4189 0.0, 3.622 0.4189 0.0, 2.8425 0.4189 0.0, 2.6142 0.4189 0.0, 3.3937 0.4189 0.0, 2.063 0.4189 0.0, 1.0551 0.4189 0.0, 0.5039 0.4189 0.0, 1.2835 0.4189 0.0, -0.5039 0.4189 0.0, -1.0551 0.4189 0.0, 1.8346 0.4189 0.0, -0.2756 0.4189 0.0, 0.2756 0.4189 0.0, -2.063 0.4189 0.0, -2.6142 0.4189 0.0, -3.3937 0.4189 0.0, -1.8346 0.4189 0.0, -1.2835 0.4189 0.0, -2.8425 0.4189 0.0, -2.5669 1.5606 0.6386, -3.6693 1.5606 0.6386, -3.8976 1.5606 0.713, 0.5512 1.5606 0.6386, -0.5512 1.5606 0.6386, -0.7795 1.5606 0.713, 1.0079 1.5606 0.6386, 3.8976 1.5606 0.713, 2.1102 1.5606 0.6386, 2.5669 1.5606 0.6386, 2.1102 1.5606 0.1662, -0.7795 1.5606 0.0, -0.5512 1.5606 0.1662, 0.5512 1.5606 0.1662, 2.5669 1.5606 0.1662, 3.6693 1.5606 0.1662, 3.6693 1.5606 0.6386, -2.1102 1.5606 0.1662, -1.0079 1.5606 0.1662, -1.0079 1.5606 0.6386, -2.1102 1.5606 0.6386, -3.6693 1.5606 0.1662, -2.5669 1.5606 0.1662, 1.0079 1.5606 0.1662, 3.8976 1.5606 0.7874, -0.7795 1.5606 0.7874, -3.8976 1.5606 0.7874, -3.8976 1.5016 0.7874, 3.8976 1.5016 0.7874, -3.8976 1.5016 3.189, 3.8976 1.5016 3.189, -3.8976 1.5606 3.189, 3.8976 1.5606 3.189, -3.8976 1.5606 3.4252, 3.8976 1.5606 3.4252, 3.8976 -0.9512 3.9764, 3.6051 -0.9512 3.9764, 1.8737 -1.0216 3.9764, 1.6654 -1.064 3.9764, 1.4527 -1.064 3.9764, 3.4328 -1.0216 3.9764, 3.2244 -1.064 3.9764, 3.0118 -1.064 3.9764, 2.6311 -0.9512 3.9764, 2.046 -0.9512 3.9764, 2.8034 -1.0216 3.9764, 0.487 -0.9512 3.9764, 0.3147 -1.0216 3.9764, 1.0721 -0.9512 3.9764, 1.2444 -1.0216 3.9764, 0.1063 -1.064 3.9764, -0.1063 -1.064 3.9764, -0.3147 -1.0216 3.9764, -3.6051 -0.9512 3.9764, -3.8976 -0.9512 3.9764, -3.4328 -1.0216 3.9764, -0.487 -0.9512 3.9764, -1.0721 -0.9512 3.9764, -1.2444 -1.0216 3.9764, -1.4527 -1.064 3.9764, -1.6654 -1.064 3.9764, -1.8737 -1.0216 3.9764, -2.6311 -0.9512 3.9764, -2.8034 -1.0216 3.9764, -3.0118 -1.064 3.9764, -3.2244 -1.064 3.9764, -2.046 -0.9512 3.9764, 3.8976 0.4189 0.3937, 3.8976 1.0803 3.7402, 3.8976 0.789 1.2205, 3.8976 1.0803 1.2205, -3.8976 1.0803 3.7402, -3.8976 1.0803 1.2205, 0.7795 1.0803 1.2205, 2.0265 -0.8724 3.7402, 2.6506 -0.8724 3.7402, 2.0265 -0.8724 1.2205, 2.6506 -0.8724 1.2205, 2.9907 -0.4698 1.2205, 2.872 -0.4207 1.2205, 1.4317 -0.4698 1.2205, 1.313 -0.4207 1.2205, 1.0916 -0.8724 1.2205, 1.2111 -0.3425 1.2205, 0.7795 -0.8724 1.2205, 1.1329 -0.2405 1.2205, 1.907 0.3535 1.2205, 1.9852 0.2516 1.2205, 3.5443 -0.2405 1.2205, 1.0837 -0.1219 1.2205, 1.0669 0.0055 1.2205, 0.7795 0.789 1.2205, 1.0837 0.1329 1.2205, 1.1329 0.2516 1.2205, 1.271 -0.9475 1.2205, 1.4618 -0.9857 1.2205, 1.5591 -0.4866 1.2205, 1.6563 -0.9857 1.2205, 1.6864 -0.4698 1.2205, 1.8471 -0.9475 1.2205, 1.8051 -0.4207 1.2205, 1.907 -0.3425 1.2205, 2.8301 -0.9475 1.2205, 3.0208 -0.9857 1.2205, 3.1181 -0.4866 1.2205, 3.2154 -0.9857 1.2205, 3.2455 -0.4698 1.2205, 3.4061 -0.9475 1.2205, 3.3642 -0.4207 1.2205, 3.4661 -0.3425 1.2205, 1.2111 0.3535 1.2205, 1.313 0.4317 1.2205, 1.4317 0.4809 1.2205, 3.5443 0.2516 1.2205, 3.5935 0.1329 1.2205, 3.6102 0.0055 1.2205, 3.5935 -0.1219 1.2205, 1.5591 0.4976 1.2205, 1.6864 0.4809 1.2205, 1.8051 0.4317 1.2205, 1.9852 -0.2405 1.2205, 2.0344 -0.1219 1.2205, 2.0512 0.0055 1.2205, 2.7701 -0.3425 1.2205, 2.6919 -0.2405 1.2205, 2.6428 -0.1219 1.2205, 2.626 0.0055 1.2205, 2.0344 0.1329 1.2205, 2.6428 0.1329 1.2205, 2.6919 0.2516 1.2205, 2.7701 0.3535 1.2205, 3.2455 0.4809 1.2205, 3.3642 0.4317 1.2205, 3.4661 0.3535 1.2205, 2.872 0.4317 1.2205, 2.9907 0.4809 1.2205, 3.1181 0.4976 1.2205, -1.8051 -0.4207 1.2205, -1.907 -0.3425 1.2205, -2.0265 -0.8724 1.2205, -1.4317 0.4809 1.2205, -1.313 0.4317 1.2205, -0.4754 0.1329 1.2205, -1.2111 0.3535 1.2205, -0.4262 -0.2405 1.2205, -1.0669 0.0055 1.2205, -0.348 -0.3425 1.2205, -0.2461 -0.4207 1.2205, -3.2455 -0.4698 1.2205, -3.3642 -0.4207 1.2205, -3.5856 -0.8724 1.2205, -3.4661 -0.3425 1.2205, -3.8976 -0.8724 1.2205, -3.5443 -0.2405 1.2205, -1.0837 -0.1219 1.2205, -1.1329 -0.2405 1.2205, -0.4675 -0.8724 1.2205, -3.4061 -0.9475 1.2205, -3.2154 -0.9857 1.2205, -3.1181 -0.4866 1.2205, -3.0208 -0.9857 1.2205, -2.9907 -0.4698 1.2205, -2.8301 -0.9475 1.2205, -2.872 -0.4207 1.2205, -2.6506 -0.8724 1.2205, -2.6428 -0.1219 1.2205, -2.6919 -0.2405 1.2205, -2.7701 -0.3425 1.2205, -1.0916 -0.8724 1.2205, 0.4675 -0.8724 1.2205, 0.4262 -0.2405 1.2205, -0.4754 -0.1219 1.2205, -0.4921 0.0055 1.2205, -1.0837 0.1329 1.2205, -1.1329 0.2516 1.2205, -3.5935 -0.1219 1.2205, -3.6102 0.0055 1.2205, -3.8976 0.789 1.2205, -3.5935 0.1329 1.2205, -3.5443 0.2516 1.2205, -3.4661 0.3535 1.2205, -3.3642 0.4317 1.2205, 0.348 0.3535 1.2205, 0.4262 0.2516 1.2205, -2.7701 0.3535 1.2205, -2.6919 0.2516 1.2205, -2.0344 0.1329 1.2205, -2.6428 0.1329 1.2205, -2.0512 0.0055 1.2205, -2.626 0.0055 1.2205, -2.0344 -0.1219 1.2205, -1.9852 -0.2405 1.2205, -1.6864 -0.4698 1.2205, -1.8471 -0.9475 1.2205, -1.5591 -0.4866 1.2205, -0.1274 -0.4698 1.2205, -0.288 -0.9475 1.2205, 0.0 -0.4866 1.2205, -1.907 0.3535 1.2205, -1.8051 0.4317 1.2205, 0.4754 0.1329 1.2205, 0.4921 0.0055 1.2205, 0.4754 -0.1219 1.2205, 0.348 -0.3425 1.2205, 0.2461 -0.4207 1.2205, 0.288 -0.9475 1.2205, 0.1274 -0.4698 1.2205, 0.0973 -0.9857 1.2205, -0.0973 -0.9857 1.2205, -3.2455 0.4809 1.2205, -3.1181 0.4976 1.2205, -2.9907 0.4809 1.2205, -1.2111 -0.3425 1.2205, -1.313 -0.4207 1.2205, -1.271 -0.9475 1.2205, -1.4317 -0.4698 1.2205, -1.4618 -0.9857 1.2205, -1.6563 -0.9857 1.2205, -1.9852 0.2516 1.2205, -2.872 0.4317 1.2205, -0.348 0.3535 1.2205, -0.2461 0.4317 1.2205, -0.1274 0.4809 1.2205, 0.0 0.4976 1.2205, -0.4262 0.2516 1.2205, -1.5591 0.4976 1.2205, -1.6864 0.4809 1.2205, 0.1274 0.4809 1.2205, 0.2461 0.4317 1.2205, 2.8268 -0.9464 3.7402, 2.8302 -0.9471 3.7402, 3.0197 -0.9856 3.7402, 3.0208 -0.9856 3.7402, 3.2154 -0.9856 3.7402, 3.2165 -0.9856 3.7402, 3.406 -0.9471 3.7402, 3.4095 -0.9464 3.7402, 3.5935 -0.1219 1.4567, 3.5443 -0.2405 1.4567, 3.4661 -0.3425 1.4567, 3.3642 -0.4207 1.4567, 3.2455 -0.4698 1.4567, 3.1181 -0.4866 1.4567, 2.9907 -0.4698 1.4567, 2.872 -0.4207 1.4567, 2.7701 -0.3425 1.4567, 2.6919 -0.2405 1.4567, 2.6428 -0.1219 1.4567, 2.626 0.0055 1.4567, 2.6428 0.1329 1.4567, 2.6919 0.2516 1.4567, 2.7701 0.3535 1.4567, 2.872 0.4317 1.4567, 2.9907 0.4809 1.4567, 3.1181 0.4976 1.4567, 3.2455 0.4809 1.4567, 3.3642 0.4317 1.4567, 3.4661 0.3535 1.4567, 3.5443 0.2516 1.4567, 3.5935 0.1329 1.4567, 3.6102 0.0055 1.4567, 3.1181 0.0055 1.4567, 0.4675 -0.8724 3.7402, 1.0916 -0.8724 3.7402, 1.2677 -0.9464 3.7402, 1.2711 -0.9471 3.7402, 1.4606 -0.9856 3.7402, 1.4618 -0.9856 3.7402, 1.6563 -0.9856 3.7402, 1.6575 -0.9856 3.7402, 1.847 -0.9471 3.7402, 1.8504 -0.9464 3.7402, 2.0344 -0.1219 1.4567, 1.9852 -0.2405 1.4567, 1.907 -0.3425 1.4567, 1.8051 -0.4207 1.4567, 1.6864 -0.4698 1.4567, 1.5591 -0.4866 1.4567, 1.4317 -0.4698 1.4567, 1.313 -0.4207 1.4567, 1.2111 -0.3425 1.4567, 1.1329 -0.2405 1.4567, 1.0837 -0.1219 1.4567, 1.0669 0.0055 1.4567, 1.0837 0.1329 1.4567, 1.1329 0.2516 1.4567, 1.2111 0.3535 1.4567, 1.313 0.4317 1.4567, 1.4317 0.4809 1.4567, 1.5591 0.4976 1.4567, 1.6864 0.4809 1.4567, 1.8051 0.4317 1.4567, 1.907 0.3535 1.4567, 1.9852 0.2516 1.4567, 2.0344 0.1329 1.4567, 2.0512 0.0055 1.4567, 1.5591 0.0055 1.4567, -1.0916 -0.8724 3.7402, -0.4675 -0.8724 3.7402, -0.2914 -0.9464 3.7402, -0.2879 -0.9471 3.7402, -0.0984 -0.9856 3.7402, -0.0973 -0.9856 3.7402, 0.0973 -0.9856 3.7402, 0.0984 -0.9856 3.7402, 0.2879 -0.9471 3.7402, 0.2914 -0.9464 3.7402, 0.4754 -0.1219 1.4567, 0.4262 -0.2405 1.4567, 0.348 -0.3425 1.4567, 0.2461 -0.4207 1.4567, 0.1274 -0.4698 1.4567, 0.0 -0.4866 1.4567, -0.1274 -0.4698 1.4567, -0.2461 -0.4207 1.4567, -0.348 -0.3425 1.4567, -0.4262 -0.2405 1.4567, -0.4754 -0.1219 1.4567, -0.4921 0.0055 1.4567, -0.4754 0.1329 1.4567, -0.4262 0.2516 1.4567, -0.348 0.3535 1.4567, -0.2461 0.4317 1.4567, -0.1274 0.4809 1.4567, 0.0 0.4976 1.4567, 0.1274 0.4809 1.4567, 0.2461 0.4317 1.4567, 0.348 0.3535 1.4567, 0.4262 0.2516 1.4567, 0.4754 0.1329 1.4567, 0.4921 0.0055 1.4567, 0.0 0.0055 1.4567, -2.0265 -0.8724 3.7402, -2.6506 -0.8724 3.7402, -3.8976 0.4189 0.3937, -3.8976 -0.8724 3.7402, -3.5856 -0.8724 3.7402, -3.4095 -0.9464 3.7402, -3.406 -0.9471 3.7402, -3.2165 -0.9856 3.7402, -3.2154 -0.9856 3.7402, -3.0208 -0.9856 3.7402, -3.0197 -0.9856 3.7402, -2.8302 -0.9471 3.7402, -2.8268 -0.9464 3.7402, -2.6428 -0.1219 1.4567, -2.6919 -0.2405 1.4567, -2.7701 -0.3425 1.4567, -2.872 -0.4207 1.4567, -2.9907 -0.4698 1.4567, -3.1181 -0.4866 1.4567, -3.2455 -0.4698 1.4567, -3.3642 -0.4207 1.4567, -3.4661 -0.3425 1.4567, -3.5443 -0.2405 1.4567, -3.5935 -0.1219 1.4567, -3.6102 0.0055 1.4567, -3.5935 0.1329 1.4567, -3.5443 0.2516 1.4567, -3.4661 0.3535 1.4567, -3.3642 0.4317 1.4567, -3.2455 0.4809 1.4567, -3.1181 0.4976 1.4567, -2.9907 0.4809 1.4567, -2.872 0.4317 1.4567, -2.7701 0.3535 1.4567, -2.6919 0.2516 1.4567, -2.6428 0.1329 1.4567, -2.626 0.0055 1.4567, -3.1181 0.0055 1.4567, -1.8504 -0.9464 3.7402, -1.847 -0.9471 3.7402, -1.6575 -0.9856 3.7402, -1.6563 -0.9856 3.7402, -1.4618 -0.9856 3.7402, -1.4606 -0.9856 3.7402, -1.2711 -0.9471 3.7402, -1.2677 -0.9464 3.7402, -1.0837 -0.1219 1.4567, -1.1329 -0.2405 1.4567, -1.2111 -0.3425 1.4567, -1.313 -0.4207 1.4567, -1.4317 -0.4698 1.4567, -1.5591 -0.4866 1.4567, -1.6864 -0.4698 1.4567, -1.8051 -0.4207 1.4567, -1.907 -0.3425 1.4567, -1.9852 -0.2405 1.4567, -2.0344 -0.1219 1.4567, -2.0512 0.0055 1.4567, -2.0344 0.1329 1.4567, -1.9852 0.2516 1.4567, -1.907 0.3535 1.4567, -1.8051 0.4317 1.4567, -1.6864 0.4809 1.4567, -1.5591 0.4976 1.4567, -1.4317 0.4809 1.4567, -1.313 0.4317 1.4567, -1.2111 0.3535 1.4567, -1.1329 0.2516 1.4567, -1.0837 0.1329 1.4567, -1.0669 0.0055 1.4567, -1.5591 0.0055 1.4567
            ]
        }
        coordIndex [
            0,1,2,-1,3,4,5,-1,6,7,8,-1,9,10,11,-1,12,13,14,-1,15,16,17,-1,18,19,20,-1,20,19,21,-1,21,22,20,-1,20,22,23,-1,20,23,24,-1,25,26,1,-1,1,26,27,-1,1,27,2,-1,2,27,28,-1,2,28,29,-1,30,31,32,-1,32,31,33,-1,32,33,34,-1,25,1,35,-1,35,1,31,-1,35,31,36,-1,30,37,31,-1,31,37,38,-1,31,38,39,-1,39,40,31,-1,31,40,41,-1,31,41,36,-1,36,41,42,-1,36,42,43,-1,43,42,44,-1,43,44,45,-1,46,47,48,-1,47,49,48,-1,48,49,50,-1,48,50,51,-1,51,52,48,-1,48,52,53,-1,48,53,33,-1,33,53,54,-1,33,54,34,-1,55,56,57,-1,57,56,58,-1,57,58,48,-1,48,58,59,-1,48,59,46,-1,57,60,61,-1,62,63,61,-1,61,63,64,-1,61,64,57,-1,65,66,67,-1,67,66,68,-1,67,68,69,-1,69,68,70,-1,69,70,71,-1,69,72,67,-1,67,72,73,-1,67,73,64,-1,64,73,74,-1,74,75,64,-1,64,75,76,-1,64,76,57,-1,57,76,77,-1,57,77,55,-1,78,79,69,-1,69,79,80,-1,80,81,69,-1,69,81,82,-1,69,82,72,-1,83,84,85,-1,85,84,86,-1,24,87,20,-1,20,87,88,-1,20,88,89,-1,89,88,90,-1,89,90,91,-1,92,93,94,-1,94,93,95,-1,96,97,84,-1,84,97,98,-1,84,98,99,-1,78,100,101,-1,102,103,104,-1,104,103,105,-1,106,107,94,-1,94,107,108,-1,94,108,92,-1,109,110,78,-1,78,110,111,-1,78,111,100,-1,112,113,114,-1,114,113,115,-1,114,115,116,-1,117,99,118,-1,118,99,119,-1,118,119,114,-1,114,119,120,-1,114,120,112,-1,91,121,89,-1,89,121,122,-1,89,122,94,-1,94,122,123,-1,94,123,106,-1,124,125,126,-1,126,125,127,-1,126,127,104,-1,104,127,128,-1,104,128,102,-1,117,129,99,-1,99,129,130,-1,99,130,84,-1,84,130,131,-1,84,131,86,-1,101,132,78,-1,78,132,133,-1,78,133,134,-1,134,133,124,-1,134,124,135,-1,135,124,126,-1,105,136,104,-1,104,136,137,-1,104,137,138,-1,139,140,104,-1,104,140,141,-1,104,141,84,-1,84,141,142,-1,84,142,96,-1,138,143,104,-1,104,143,144,-1,104,144,145,-1,145,146,104,-1,104,146,147,-1,104,147,139,-1,148,149,150,-1,151,152,153,-1,98,154,99,-1,99,154,155,-1,99,155,156,-1,157,154,153,-1,153,154,98,-1,153,98,158,-1,158,98,159,-1,159,160,158,-1,158,160,161,-1,158,161,162,-1,148,150,153,-1,153,150,163,-1,153,163,151,-1,152,164,153,-1,153,164,165,-1,153,165,166,-1,167,168,169,-1,169,168,170,-1,169,170,171,-1,166,172,153,-1,153,172,173,-1,153,173,157,-1,156,174,99,-1,99,174,169,-1,99,169,175,-1,175,169,171,-1,176,177,178,-1,178,177,179,-1,180,181,182,-1,182,181,183,-1,182,183,184,-1,184,183,185,-1,184,185,179,-1,179,185,186,-1,179,186,178,-1,187,188,189,-1,189,188,183,-1,189,183,190,-1,190,183,181,-1,191,192,193,-1,193,192,194,-1,195,196,197,-1,197,196,198,-1,194,192,199,-1,199,192,200,-1,199,200,201,-1,198,202,203,-1,203,202,204,-1,203,204,205,-1,206,207,195,-1,195,207,208,-1,195,208,196,-1,209,210,211,-1,211,210,212,-1,211,212,213,-1,213,212,214,-1,213,214,200,-1,215,216,206,-1,206,216,217,-1,206,217,218,-1,219,220,210,-1,210,220,221,-1,222,223,224,-1,224,223,225,-1,224,225,226,-1,226,225,219,-1,226,219,218,-1,218,219,210,-1,218,210,206,-1,206,210,209,-1,206,209,207,-1,227,228,224,-1,224,228,229,-1,224,229,230,-1,231,232,233,-1,233,232,234,-1,235,236,237,-1,237,236,238,-1,237,238,239,-1,239,238,234,-1,239,234,240,-1,240,234,232,-1,230,241,224,-1,224,241,242,-1,224,242,222,-1,235,237,224,-1,224,237,243,-1,224,243,227,-1,244,245,215,-1,215,245,246,-1,215,246,216,-1,247,248,244,-1,17,249,250,-1,250,251,17,-1,17,251,252,-1,17,252,15,-1,253,254,17,-1,17,254,255,-1,17,255,249,-1,256,257,258,-1,258,257,259,-1,258,259,253,-1,253,259,260,-1,253,260,254,-1,261,262,263,-1,262,264,263,-1,263,264,265,-1,263,265,266,-1,267,268,269,-1,269,268,270,-1,269,270,263,-1,263,270,271,-1,263,271,261,-1,272,273,274,-1,274,273,275,-1,276,277,278,-1,279,280,281,-1,282,283,284,-1,272,285,273,-1,273,285,286,-1,273,286,287,-1,287,286,284,-1,287,284,288,-1,288,284,283,-1,289,290,279,-1,279,290,291,-1,279,291,280,-1,292,293,269,-1,269,293,294,-1,269,294,295,-1,296,297,278,-1,278,297,298,-1,278,298,299,-1,295,300,269,-1,269,300,301,-1,269,301,302,-1,281,303,279,-1,279,303,304,-1,279,304,263,-1,263,304,275,-1,263,275,305,-1,305,275,273,-1,305,306,263,-1,263,306,307,-1,263,307,269,-1,269,307,308,-1,269,308,292,-1,309,310,284,-1,284,310,311,-1,284,311,312,-1,312,313,284,-1,284,313,314,-1,284,314,282,-1,299,315,278,-1,278,315,316,-1,278,316,276,-1,276,316,317,-1,318,319,320,-1,319,321,320,-1,320,321,322,-1,320,322,279,-1,279,322,323,-1,279,323,289,-1,324,325,326,-1,327,328,276,-1,276,328,326,-1,329,330,331,-1,324,326,332,-1,333,210,269,-1,269,210,221,-1,269,221,267,-1,329,331,326,-1,326,331,334,-1,326,334,332,-1,335,336,269,-1,269,336,337,-1,269,337,333,-1,325,335,326,-1,326,335,269,-1,326,269,276,-1,276,269,302,-1,276,302,277,-1,338,339,340,-1,340,339,3,-1,340,3,341,-1,342,343,14,-1,344,345,343,-1,346,347,14,-1,333,348,210,-1,210,348,349,-1,210,349,350,-1,350,351,210,-1,210,351,352,-1,210,352,212,-1,212,352,353,-1,212,353,342,-1,347,354,14,-1,14,354,355,-1,14,355,12,-1,345,356,343,-1,343,356,357,-1,343,357,14,-1,14,357,358,-1,14,358,346,-1,359,360,361,-1,361,360,362,-1,361,362,363,-1,361,364,359,-1,359,364,365,-1,359,365,366,-1,366,367,359,-1,359,367,368,-1,359,368,369,-1,369,368,370,-1,369,370,371,-1,371,370,372,-1,371,372,343,-1,343,372,373,-1,343,373,344,-1,374,375,363,-1,363,375,376,-1,363,376,361,-1,377,378,330,-1,330,378,379,-1,330,379,331,-1,377,380,378,-1,378,380,381,-1,378,381,382,-1,382,381,383,-1,382,384,385,-1,383,386,382,-1,382,386,387,-1,382,387,388,-1,388,389,382,-1,382,389,390,-1,382,390,384,-1,385,391,382,-1,382,391,392,-1,382,392,393,-1,394,395,396,-1,396,395,397,-1,398,399,400,-1,400,401,398,-1,398,401,402,-1,398,402,403,-1,403,402,404,-1,403,404,214,-1,405,406,14,-1,14,406,407,-1,342,14,212,-1,212,14,407,-1,212,407,214,-1,214,407,408,-1,214,408,403,-1,409,406,410,-1,410,406,405,-1,410,405,411,-1,412,413,414,-1,13,412,14,-1,14,412,414,-1,14,414,405,-1,405,414,415,-1,405,415,416,-1,416,417,405,-1,405,417,418,-1,405,418,419,-1,420,421,422,-1,422,421,423,-1,422,423,412,-1,412,423,424,-1,412,424,413,-1,419,425,405,-1,405,425,426,-1,405,426,411,-1,427,428,429,-1,10,395,11,-1,11,395,394,-1,11,394,429,-1,429,394,430,-1,429,430,427,-1,431,432,422,-1,422,432,433,-1,422,433,420,-1,434,435,436,-1,436,435,437,-1,404,396,214,-1,214,396,397,-1,214,397,188,-1,188,397,438,-1,188,438,183,-1,183,438,439,-1,183,439,440,-1,437,435,441,-1,441,435,442,-1,441,442,443,-1,440,444,445,-1,445,444,446,-1,445,446,447,-1,448,449,450,-1,451,452,453,-1,454,453,455,-1,455,453,456,-1,455,456,457,-1,458,459,454,-1,454,459,460,-1,454,460,453,-1,453,460,448,-1,453,448,451,-1,451,448,450,-1,461,462,453,-1,463,464,465,-1,466,467,453,-1,465,466,463,-1,463,466,453,-1,463,453,468,-1,468,453,462,-1,468,462,469,-1,469,462,470,-1,471,456,472,-1,472,456,453,-1,472,453,473,-1,473,453,467,-1,473,467,474,-1,474,467,475,-1,476,477,478,-1,478,477,422,-1,478,422,5,-1,5,422,412,-1,5,412,3,-1,3,412,13,-1,3,13,341,-1,479,480,320,-1,320,480,317,-1,320,317,318,-1,318,317,316,-1,71,481,69,-1,69,481,94,-1,69,94,78,-1,78,94,95,-1,78,95,109,-1,477,482,422,-1,422,482,429,-1,422,429,431,-1,431,429,428,-1,480,4,317,-1,317,4,3,-1,317,3,276,-1,276,3,339,-1,276,339,327,-1,327,339,338,-1,442,9,483,-1,483,9,11,-1,483,11,484,-1,484,11,429,-1,484,429,485,-1,485,429,482,-1,485,482,486,-1,487,488,258,-1,487,489,488,-1,488,489,490,-1,488,490,491,-1,481,488,94,-1,94,488,491,-1,94,491,89,-1,89,491,492,-1,89,492,258,-1,258,492,493,-1,258,493,487,-1,494,495,496,-1,496,495,489,-1,496,489,497,-1,497,489,487,-1,497,487,498,-1,498,487,499,-1,71,479,481,-1,481,479,320,-1,481,320,488,-1,488,320,279,-1,488,279,258,-1,258,279,263,-1,258,263,256,-1,256,263,266,-1,484,500,483,-1,483,500,501,-1,483,501,502,-1,502,503,483,-1,483,503,183,-1,483,183,442,-1,442,183,440,-1,442,440,443,-1,443,440,445,-1,504,505,501,-1,501,505,506,-1,506,507,501,-1,501,507,508,-1,501,508,502,-1,503,509,183,-1,183,509,510,-1,183,510,185,-1,185,510,511,-1,185,511,512,-1,512,513,185,-1,185,513,514,-1,185,514,515,-1,515,516,185,-1,185,516,517,-1,185,517,501,-1,501,517,518,-1,501,518,504,-1,519,520,521,-1,522,523,501,-1,524,525,523,-1,523,525,526,-1,523,526,501,-1,501,526,527,-1,501,527,185,-1,185,527,528,-1,521,522,519,-1,519,522,501,-1,519,501,453,-1,453,501,500,-1,453,500,461,-1,461,500,484,-1,461,484,529,-1,529,484,485,-1,530,253,20,-1,530,531,253,-1,253,531,532,-1,253,532,258,-1,258,532,533,-1,258,533,89,-1,89,533,534,-1,89,534,20,-1,20,534,535,-1,20,535,530,-1,203,201,198,-1,198,201,200,-1,198,200,197,-1,197,200,214,-1,197,214,536,-1,537,538,188,-1,188,538,539,-1,188,539,540,-1,541,542,543,-1,543,542,544,-1,540,545,188,-1,188,545,546,-1,188,546,214,-1,214,546,547,-1,214,547,536,-1,536,548,197,-1,197,548,549,-1,197,549,543,-1,543,549,550,-1,543,550,551,-1,551,552,543,-1,543,552,553,-1,543,553,541,-1,176,178,187,-1,187,178,543,-1,187,543,188,-1,188,543,544,-1,188,544,537,-1,528,521,185,-1,185,521,520,-1,185,520,186,-1,186,520,554,-1,555,556,452,-1,452,556,6,-1,452,6,453,-1,453,6,8,-1,453,8,519,-1,519,8,557,-1,519,557,520,-1,520,557,558,-1,520,558,554,-1,554,558,559,-1,248,247,16,-1,16,247,560,-1,16,560,17,-1,17,560,561,-1,17,561,253,-1,253,561,2,-1,253,2,20,-1,20,2,29,-1,20,29,18,-1,244,215,247,-1,247,215,206,-1,247,206,562,-1,562,206,195,-1,562,195,563,-1,563,195,197,-1,563,197,564,-1,564,197,543,-1,564,543,565,-1,565,543,178,-1,565,178,566,-1,566,178,186,-1,566,186,567,-1,567,186,554,-1,567,554,568,-1,568,554,559,-1,568,559,569,-1,0,2,570,-1,570,2,561,-1,570,561,571,-1,571,561,560,-1,571,560,572,-1,572,560,247,-1,572,247,573,-1,573,247,562,-1,573,562,574,-1,574,562,563,-1,574,563,575,-1,575,563,564,-1,575,564,576,-1,576,564,565,-1,576,565,577,-1,577,565,566,-1,577,566,578,-1,578,566,567,-1,578,567,579,-1,579,567,568,-1,579,568,580,-1,580,568,569,-1,580,569,581,-1,582,583,584,-1,584,583,585,-1,586,587,588,-1,588,587,589,-1,590,591,592,-1,593,594,595,-1,450,449,596,-1,596,449,597,-1,556,555,595,-1,595,555,598,-1,595,598,593,-1,593,598,596,-1,593,596,592,-1,592,596,597,-1,592,597,599,-1,600,601,592,-1,602,457,456,-1,603,604,592,-1,459,458,599,-1,599,458,605,-1,599,605,592,-1,592,605,602,-1,592,602,600,-1,600,602,456,-1,600,456,471,-1,606,465,464,-1,464,603,606,-1,606,603,592,-1,606,592,607,-1,607,592,601,-1,607,601,475,-1,475,601,474,-1,608,609,592,-1,610,63,62,-1,486,482,611,-1,611,482,477,-1,469,470,604,-1,604,470,612,-1,604,612,592,-1,592,612,611,-1,592,611,608,-1,608,611,477,-1,608,477,476,-1,62,590,610,-1,610,590,592,-1,610,592,613,-1,613,592,609,-1,613,609,65,-1,65,609,66,-1,614,615,616,-1,617,618,619,-1,620,621,622,-1,622,621,623,-1,622,623,624,-1,619,618,625,-1,625,618,626,-1,625,626,627,-1,625,628,593,-1,593,628,629,-1,593,629,621,-1,621,629,630,-1,621,630,623,-1,631,632,625,-1,625,632,619,-1,619,632,633,-1,619,633,634,-1,616,615,592,-1,592,615,635,-1,592,635,636,-1,623,628,624,-1,624,628,625,-1,624,625,637,-1,637,625,627,-1,637,627,620,-1,620,627,617,-1,620,617,621,-1,621,617,619,-1,621,619,638,-1,638,619,639,-1,625,592,631,-1,631,592,636,-1,631,636,634,-1,634,636,614,-1,634,614,619,-1,619,614,616,-1,619,616,639,-1,639,616,640,-1,641,642,640,-1,640,642,638,-1,643,644,641,-1,641,644,642,-1,645,646,643,-1,643,646,644,-1,647,648,645,-1,645,648,646,-1,588,589,647,-1,647,589,648,-1,581,649,650,-1,651,652,580,-1,580,652,653,-1,650,654,581,-1,581,654,655,-1,581,655,656,-1,657,658,659,-1,659,658,651,-1,659,651,656,-1,656,651,580,-1,656,580,581,-1,660,661,662,-1,662,661,580,-1,662,580,663,-1,663,580,653,-1,661,664,580,-1,580,664,665,-1,580,665,579,-1,579,665,666,-1,667,668,669,-1,669,668,0,-1,670,671,666,-1,666,671,672,-1,666,672,579,-1,579,672,673,-1,579,673,578,-1,578,673,674,-1,578,674,577,-1,577,674,675,-1,676,677,570,-1,570,677,678,-1,570,678,0,-1,0,678,679,-1,0,679,669,-1,570,571,676,-1,676,571,572,-1,676,572,680,-1,680,572,573,-1,573,574,680,-1,680,574,575,-1,680,575,675,-1,675,575,576,-1,675,576,577,-1,593,638,594,-1,594,638,642,-1,594,642,681,-1,589,587,648,-1,648,587,682,-1,648,682,646,-1,558,582,559,-1,559,582,649,-1,559,649,569,-1,569,649,581,-1,558,557,582,-1,582,557,8,-1,582,8,583,-1,583,8,7,-1,583,7,683,-1,683,7,681,-1,683,681,684,-1,684,681,642,-1,684,642,682,-1,682,642,644,-1,682,644,646,-1,685,686,682,-1,682,686,687,-1,682,687,684,-1,688,689,690,-1,690,689,691,-1,692,693,691,-1,694,695,696,-1,696,695,697,-1,696,697,698,-1,698,697,699,-1,700,701,683,-1,585,583,702,-1,699,703,698,-1,698,703,704,-1,698,704,705,-1,705,704,706,-1,705,706,707,-1,696,708,694,-1,694,708,709,-1,694,709,710,-1,710,709,711,-1,710,711,712,-1,712,711,713,-1,712,713,714,-1,714,713,690,-1,714,690,715,-1,691,716,692,-1,692,716,717,-1,692,717,718,-1,718,717,719,-1,718,719,720,-1,720,719,721,-1,720,721,722,-1,722,721,585,-1,722,585,723,-1,723,585,702,-1,707,724,705,-1,705,724,725,-1,705,725,726,-1,727,728,683,-1,683,728,729,-1,683,729,583,-1,583,729,730,-1,583,730,702,-1,731,732,683,-1,683,732,733,-1,683,733,700,-1,715,690,734,-1,734,690,691,-1,734,691,735,-1,735,691,693,-1,735,693,736,-1,736,693,737,-1,736,737,738,-1,738,739,736,-1,736,739,740,-1,736,740,741,-1,741,740,742,-1,741,742,701,-1,701,742,743,-1,701,743,744,-1,745,746,683,-1,683,746,747,-1,683,747,727,-1,744,748,701,-1,701,748,749,-1,701,749,683,-1,683,749,750,-1,683,750,745,-1,751,752,753,-1,754,755,756,-1,756,755,757,-1,758,759,760,-1,760,759,761,-1,762,763,764,-1,764,763,765,-1,764,765,766,-1,766,765,767,-1,768,769,770,-1,764,771,762,-1,762,771,772,-1,762,772,773,-1,773,772,774,-1,773,774,775,-1,775,774,776,-1,775,776,777,-1,777,776,778,-1,752,779,753,-1,753,779,780,-1,753,780,778,-1,778,780,781,-1,778,781,777,-1,770,769,782,-1,783,698,784,-1,758,785,759,-1,759,785,786,-1,759,786,787,-1,787,786,756,-1,787,756,788,-1,788,756,757,-1,767,789,766,-1,766,789,790,-1,766,790,791,-1,791,790,792,-1,792,793,791,-1,791,793,794,-1,791,794,795,-1,796,797,705,-1,798,799,800,-1,800,799,801,-1,800,801,802,-1,802,801,803,-1,802,803,804,-1,804,803,779,-1,804,779,805,-1,805,779,752,-1,751,753,806,-1,806,753,807,-1,806,807,808,-1,759,768,761,-1,761,768,770,-1,761,770,809,-1,809,770,810,-1,809,810,811,-1,791,812,813,-1,797,814,705,-1,705,814,815,-1,705,815,698,-1,698,815,816,-1,698,816,784,-1,784,817,783,-1,783,817,818,-1,783,818,819,-1,819,818,820,-1,819,820,821,-1,821,820,811,-1,821,811,822,-1,822,811,810,-1,795,823,791,-1,791,823,824,-1,791,824,825,-1,769,826,782,-1,782,826,827,-1,782,827,828,-1,828,827,829,-1,828,829,830,-1,830,829,808,-1,830,808,831,-1,831,808,807,-1,812,791,832,-1,832,791,825,-1,832,825,800,-1,800,825,833,-1,800,833,798,-1,791,834,835,-1,836,837,705,-1,756,838,754,-1,754,838,834,-1,754,834,839,-1,839,834,791,-1,839,791,840,-1,840,791,813,-1,837,841,705,-1,705,841,842,-1,705,842,796,-1,835,836,791,-1,791,836,705,-1,791,705,686,-1,686,705,687,-1,726,731,705,-1,705,731,683,-1,705,683,687,-1,687,683,684,-1,689,843,691,-1,691,843,716,-1,843,844,716,-1,716,844,845,-1,716,845,717,-1,717,845,846,-1,717,846,719,-1,719,846,847,-1,719,847,721,-1,847,848,721,-1,721,848,849,-1,721,849,585,-1,585,849,850,-1,585,850,584,-1,729,851,730,-1,730,851,852,-1,730,852,702,-1,702,852,853,-1,702,853,723,-1,723,853,854,-1,723,854,722,-1,722,854,855,-1,722,855,720,-1,720,855,856,-1,720,856,718,-1,718,856,857,-1,718,857,692,-1,692,857,858,-1,692,858,693,-1,693,858,859,-1,693,859,737,-1,737,859,860,-1,737,860,738,-1,738,860,861,-1,738,861,739,-1,739,861,862,-1,739,862,740,-1,740,862,863,-1,740,863,742,-1,742,863,864,-1,742,864,743,-1,743,864,865,-1,743,865,744,-1,744,865,866,-1,744,866,748,-1,748,866,867,-1,748,867,749,-1,749,867,868,-1,749,868,750,-1,750,868,869,-1,750,869,745,-1,745,869,870,-1,745,870,746,-1,746,870,871,-1,746,871,747,-1,747,871,872,-1,747,872,727,-1,727,872,873,-1,727,873,728,-1,728,873,874,-1,728,874,729,-1,729,874,851,-1,864,863,875,-1,875,863,862,-1,875,862,861,-1,867,866,875,-1,875,866,865,-1,875,865,864,-1,870,869,875,-1,875,869,868,-1,875,868,867,-1,873,872,875,-1,875,872,871,-1,875,871,870,-1,852,851,875,-1,875,851,874,-1,875,874,873,-1,855,854,875,-1,875,854,853,-1,875,853,852,-1,858,857,875,-1,875,857,856,-1,875,856,855,-1,861,860,875,-1,875,860,859,-1,875,859,858,-1,584,650,582,-1,582,650,649,-1,654,650,584,-1,584,850,654,-1,654,850,849,-1,654,849,655,-1,655,849,848,-1,655,848,656,-1,656,848,847,-1,656,847,846,-1,689,657,843,-1,843,657,659,-1,843,659,844,-1,844,659,656,-1,844,656,845,-1,845,656,846,-1,658,657,688,-1,688,657,689,-1,586,685,587,-1,587,685,682,-1,783,876,698,-1,698,876,877,-1,698,877,696,-1,877,878,696,-1,696,878,708,-1,878,879,708,-1,708,879,880,-1,708,880,709,-1,709,880,881,-1,709,881,711,-1,711,881,882,-1,711,882,713,-1,882,883,713,-1,713,883,884,-1,713,884,690,-1,690,884,885,-1,690,885,688,-1,736,886,735,-1,735,886,887,-1,735,887,734,-1,734,887,888,-1,734,888,715,-1,715,888,889,-1,715,889,714,-1,714,889,890,-1,714,890,712,-1,712,890,891,-1,712,891,710,-1,710,891,892,-1,710,892,694,-1,694,892,893,-1,694,893,695,-1,695,893,894,-1,695,894,697,-1,697,894,895,-1,697,895,699,-1,699,895,896,-1,699,896,703,-1,703,896,897,-1,703,897,704,-1,704,897,898,-1,704,898,706,-1,706,898,899,-1,706,899,707,-1,707,899,900,-1,707,900,724,-1,724,900,901,-1,724,901,725,-1,725,901,902,-1,725,902,726,-1,726,902,903,-1,726,903,731,-1,731,903,904,-1,731,904,732,-1,732,904,905,-1,732,905,733,-1,733,905,906,-1,733,906,700,-1,700,906,907,-1,700,907,701,-1,701,907,908,-1,701,908,741,-1,741,908,909,-1,741,909,736,-1,736,909,886,-1,899,898,910,-1,910,898,897,-1,910,897,896,-1,902,901,910,-1,910,901,900,-1,910,900,899,-1,905,904,910,-1,910,904,903,-1,910,903,902,-1,908,907,910,-1,910,907,906,-1,910,906,905,-1,887,886,910,-1,910,886,909,-1,910,909,908,-1,890,889,910,-1,910,889,888,-1,910,888,887,-1,893,892,910,-1,910,892,891,-1,910,891,890,-1,896,895,910,-1,910,895,894,-1,910,894,893,-1,651,658,688,-1,688,885,651,-1,651,885,884,-1,651,884,652,-1,652,884,883,-1,652,883,653,-1,653,883,882,-1,653,882,881,-1,877,662,878,-1,878,662,663,-1,878,663,879,-1,879,663,653,-1,879,653,880,-1,880,653,881,-1,660,662,876,-1,876,662,877,-1,911,912,782,-1,782,912,770,-1,912,913,770,-1,770,913,810,-1,913,914,810,-1,810,914,915,-1,810,915,822,-1,822,915,916,-1,822,916,821,-1,821,916,917,-1,821,917,819,-1,917,918,819,-1,819,918,919,-1,819,919,783,-1,783,919,920,-1,783,920,876,-1,815,921,816,-1,816,921,922,-1,816,922,784,-1,784,922,923,-1,784,923,817,-1,817,923,924,-1,817,924,818,-1,818,924,925,-1,818,925,820,-1,820,925,926,-1,820,926,811,-1,811,926,927,-1,811,927,809,-1,809,927,928,-1,809,928,761,-1,761,928,929,-1,761,929,760,-1,760,929,930,-1,760,930,758,-1,758,930,931,-1,758,931,785,-1,785,931,932,-1,785,932,786,-1,786,932,933,-1,786,933,756,-1,756,933,934,-1,756,934,838,-1,838,934,935,-1,838,935,834,-1,834,935,936,-1,834,936,835,-1,835,936,937,-1,835,937,836,-1,836,937,938,-1,836,938,837,-1,837,938,939,-1,837,939,841,-1,841,939,940,-1,841,940,842,-1,842,940,941,-1,842,941,796,-1,796,941,942,-1,796,942,797,-1,797,942,943,-1,797,943,814,-1,814,943,944,-1,814,944,815,-1,815,944,921,-1,934,933,945,-1,945,933,932,-1,945,932,931,-1,937,936,945,-1,945,936,935,-1,945,935,934,-1,940,939,945,-1,945,939,938,-1,945,938,937,-1,943,942,945,-1,945,942,941,-1,945,941,940,-1,922,921,945,-1,945,921,944,-1,945,944,943,-1,925,924,945,-1,945,924,923,-1,945,923,922,-1,928,927,945,-1,945,927,926,-1,945,926,925,-1,931,930,945,-1,945,930,929,-1,945,929,928,-1,661,660,876,-1,876,920,661,-1,661,920,919,-1,661,919,664,-1,664,919,918,-1,664,918,665,-1,665,918,917,-1,665,917,916,-1,912,670,913,-1,913,670,666,-1,913,666,914,-1,914,666,665,-1,914,665,915,-1,915,665,916,-1,671,670,911,-1,911,670,912,-1,946,753,947,-1,947,753,778,-1,647,645,643,-1,685,586,588,-1,588,647,685,-1,685,647,643,-1,685,643,686,-1,686,643,641,-1,640,592,641,-1,641,592,591,-1,641,591,686,-1,686,591,948,-1,686,948,791,-1,791,948,766,-1,766,948,60,-1,766,60,949,-1,949,60,57,-1,949,57,48,-1,48,33,949,-1,949,33,31,-1,949,31,668,-1,668,31,1,-1,668,1,0,-1,950,764,949,-1,949,764,766,-1,950,951,764,-1,764,951,771,-1,951,952,771,-1,771,952,953,-1,771,953,772,-1,772,953,954,-1,772,954,774,-1,774,954,955,-1,774,955,776,-1,955,956,776,-1,776,956,957,-1,776,957,778,-1,778,957,958,-1,778,958,947,-1,803,959,779,-1,779,959,960,-1,779,960,780,-1,780,960,961,-1,780,961,781,-1,781,961,962,-1,781,962,777,-1,777,962,963,-1,777,963,775,-1,775,963,964,-1,775,964,773,-1,773,964,965,-1,773,965,762,-1,762,965,966,-1,762,966,763,-1,763,966,967,-1,763,967,765,-1,765,967,968,-1,765,968,767,-1,767,968,969,-1,767,969,789,-1,789,969,970,-1,789,970,790,-1,790,970,971,-1,790,971,792,-1,792,971,972,-1,792,972,793,-1,793,972,973,-1,793,973,794,-1,794,973,974,-1,794,974,795,-1,795,974,975,-1,795,975,823,-1,823,975,976,-1,823,976,824,-1,824,976,977,-1,824,977,825,-1,825,977,978,-1,825,978,833,-1,833,978,979,-1,833,979,798,-1,798,979,980,-1,798,980,799,-1,799,980,981,-1,799,981,801,-1,801,981,982,-1,801,982,803,-1,803,982,959,-1,972,971,983,-1,983,971,970,-1,983,970,969,-1,975,974,983,-1,983,974,973,-1,983,973,972,-1,978,977,983,-1,983,977,976,-1,983,976,975,-1,981,980,983,-1,983,980,979,-1,983,979,978,-1,960,959,983,-1,983,959,982,-1,983,982,981,-1,963,962,983,-1,983,962,961,-1,983,961,960,-1,966,965,983,-1,983,965,964,-1,983,964,963,-1,969,968,983,-1,983,968,967,-1,983,967,966,-1,946,947,680,-1,680,947,676,-1,677,676,947,-1,947,958,677,-1,677,958,957,-1,677,957,678,-1,678,957,956,-1,678,956,679,-1,679,956,955,-1,679,955,954,-1,950,667,951,-1,951,667,669,-1,951,669,952,-1,952,669,679,-1,952,679,953,-1,953,679,954,-1,667,950,668,-1,668,950,949,-1,946,984,753,-1,753,984,807,-1,984,985,807,-1,807,985,986,-1,807,986,831,-1,831,986,987,-1,831,987,830,-1,830,987,988,-1,830,988,828,-1,988,989,828,-1,828,989,990,-1,828,990,782,-1,782,990,991,-1,782,991,911,-1,759,992,768,-1,768,992,993,-1,768,993,769,-1,769,993,994,-1,769,994,826,-1,826,994,995,-1,826,995,827,-1,827,995,996,-1,827,996,829,-1,829,996,997,-1,829,997,808,-1,808,997,998,-1,808,998,806,-1,806,998,999,-1,806,999,751,-1,751,999,1000,-1,751,1000,752,-1,752,1000,1001,-1,752,1001,805,-1,805,1001,1002,-1,805,1002,804,-1,804,1002,1003,-1,804,1003,802,-1,802,1003,1004,-1,802,1004,800,-1,800,1004,1005,-1,800,1005,832,-1,832,1005,1006,-1,832,1006,812,-1,812,1006,1007,-1,812,1007,813,-1,813,1007,1008,-1,813,1008,840,-1,840,1008,1009,-1,840,1009,839,-1,839,1009,1010,-1,839,1010,754,-1,754,1010,1011,-1,754,1011,755,-1,755,1011,1012,-1,755,1012,757,-1,757,1012,1013,-1,757,1013,788,-1,788,1013,1014,-1,788,1014,787,-1,787,1014,1015,-1,787,1015,759,-1,759,1015,992,-1,1005,1004,1016,-1,1016,1004,1003,-1,1016,1003,1002,-1,1008,1007,1016,-1,1016,1007,1006,-1,1016,1006,1005,-1,1011,1010,1016,-1,1016,1010,1009,-1,1016,1009,1008,-1,1014,1013,1016,-1,1016,1013,1012,-1,1016,1012,1011,-1,993,992,1016,-1,1016,992,1015,-1,1016,1015,1014,-1,996,995,1016,-1,1016,995,994,-1,1016,994,993,-1,999,998,1016,-1,1016,998,997,-1,1016,997,996,-1,1002,1001,1016,-1,1016,1001,1000,-1,1016,1000,999,-1,672,671,911,-1,911,991,672,-1,672,991,990,-1,672,990,673,-1,673,990,989,-1,673,989,674,-1,674,989,988,-1,674,988,987,-1,946,680,984,-1,984,680,675,-1,984,675,985,-1,985,675,674,-1,985,674,986,-1,986,674,987,-1,
        ]
    }
}
Shape{
    appearance Appearance {
        material  Material 	{
            diffuseColor 0.20784313725490197 0.20784313725490197 0.20784313725490197
            specularColor 0.01568627450980392 0.01568627450980392 0.01568627450980392
            ambientIntensity 0.298
            transparency 0.0
            shininess 0.5
        }
    }
    geometry IndexedFaceSet {
        ccw TRUE
        solid FALSE
        coord DEF co Coordinate {
            point [
                -2.4051 -1.3567 3.5246, -2.4051 -1.3567 3.5002, -2.4051 -1.3528 3.5246, -2.4051 -1.3528 3.5002, -2.4901 -1.3567 3.5246, -2.4901 -1.3528 3.5246, -2.4901 -1.3567 3.7138, -2.4901 -1.3528 3.7138, -2.5177 -1.3567 3.7138, -2.5177 -1.3528 3.7138, -2.5177 -1.3567 3.5002, -2.5177 -1.3528 3.5002, -2.2956 -1.3567 3.4966, -2.2956 -1.3528 3.4966, -2.263 -1.3528 3.4998, -2.2456 -1.3528 3.5055, -2.2401 -1.3567 3.5073, -2.263 -1.3567 3.4998, -2.2401 -1.3528 3.5073, -2.2365 -1.3528 3.5091, -2.2365 -1.3567 3.5091, -2.2365 -1.3567 3.5355, -2.2365 -1.3528 3.5355, -2.2456 -1.3528 3.5314, -2.2574 -1.3567 3.5261, -2.2574 -1.3528 3.5261, -2.2815 -1.3528 3.5216, -2.2815 -1.3567 3.5216, -2.2916 -1.3528 3.5212, -2.2916 -1.3567 3.5212, -2.3132 -1.3528 3.5238, -2.3132 -1.3567 3.5238, -2.3284 -1.3528 3.5297, -2.3284 -1.3567 3.5297, -2.3423 -1.3528 3.5396, -2.3423 -1.3567 3.5396, -2.3465 -1.3528 3.5437, -2.3465 -1.3567 3.5437, -2.3569 -1.3528 3.5581, -2.3569 -1.3567 3.5581, -2.3638 -1.3528 3.5754, -2.3638 -1.3567 3.5754, -2.3672 -1.3528 3.5967, -2.3672 -1.3567 3.5967, -2.3674 -1.3528 3.6046, -2.3674 -1.3567 3.6046, -2.3638 -1.3528 3.6343, -2.3638 -1.3567 3.6343, -2.3566 -1.3528 3.6527, -2.3566 -1.3567 3.6527, -2.345 -1.3528 3.6688, -2.345 -1.3567 3.6688, -2.3304 -1.3528 3.6808, -2.3304 -1.3567 3.6808, -2.3136 -1.3528 3.6886, -2.3136 -1.3567 3.6886, -2.2951 -1.3528 3.6922, -2.2951 -1.3567 3.6922, -2.2868 -1.3528 3.6925, -2.2868 -1.3567 3.6925, -2.2605 -1.3528 3.6893, -2.2456 -1.3528 3.6837, -2.2388 -1.3567 3.6811, -2.2605 -1.3567 3.6893, -2.2388 -1.3528 3.6811, -2.2365 -1.3528 3.6798, -2.2365 -1.3567 3.6798, -2.2365 -1.3567 3.7086, -2.2365 -1.3528 3.7086, -2.2871 -1.3528 3.7174, -2.2871 -1.3567 3.7174, -2.2866 -1.3567 3.7174, -2.2456 -1.3528 3.7113, -2.2588 -1.3567 3.7151, -2.2588 -1.3528 3.7151, -2.2644 -1.3528 3.7156, -2.2866 -1.3528 3.7174, -2.3018 -1.3528 3.7156, -2.3182 -1.3567 3.7136, -2.3182 -1.3528 3.7136, -2.3405 -1.3528 3.7048, -2.3405 -1.3567 3.7048, -2.3604 -1.3528 3.6908, -2.3604 -1.3567 3.6908, -2.3655 -1.3528 3.6859, -2.3655 -1.3567 3.6859, -2.381 -1.3528 3.6657, -2.3868 -1.3528 3.6521, -2.3911 -1.3567 3.642, -2.381 -1.3567 3.6657, -2.3911 -1.3528 3.642, -2.396 -1.3528 3.6141, -2.396 -1.3567 3.6141, -2.3963 -1.3528 3.603, -2.3963 -1.3567 3.603, -2.3928 -1.3528 3.5711, -2.3868 -1.3528 3.5542, -2.3846 -1.3567 3.5482, -2.3928 -1.3567 3.5711, -2.3846 -1.3528 3.5482, -2.3723 -1.3528 3.5296, -2.3723 -1.3567 3.5296, -2.3689 -1.3528 3.5258, -2.3689 -1.3567 3.5258, -2.3517 -1.3528 3.5115, -2.3517 -1.3567 3.5115, -2.3316 -1.3528 3.502, -2.3316 -1.3567 3.502, -2.3085 -1.3528 3.4973, -2.3085 -1.3567 3.4973, -2.0789 -1.3567 3.5246, -2.0789 -1.3567 3.5002, -2.0789 -1.3528 3.5246, -2.0789 -1.3528 3.5002, -2.1662 -1.3528 3.5246, -2.1662 -1.3567 3.5246, -2.1085 -1.3528 3.5246, -2.1662 -1.3567 3.5964, -2.1662 -1.3528 3.5964, -2.0898 -1.3528 3.5964, -2.0898 -1.3567 3.5964, -2.1085 -1.3528 3.5964, -2.0898 -1.3567 3.6209, -2.0898 -1.3528 3.6209, -2.1662 -1.3528 3.6209, -2.1662 -1.3567 3.6209, -2.1085 -1.3528 3.6209, -2.1662 -1.3567 3.6892, -2.1662 -1.3528 3.6892, -2.0838 -1.3528 3.6892, -2.0838 -1.3567 3.6892, -2.1085 -1.3528 3.6892, -2.0838 -1.3567 3.7138, -2.0838 -1.3528 3.7138, -2.1937 -1.3528 3.7138, -2.1937 -1.3567 3.7138, -2.1085 -1.3528 3.7138, -2.1937 -1.3567 3.5002, -2.1937 -1.3528 3.5002, -2.1085 -1.3528 3.5002, -1.9059 -1.3567 3.5601, -1.9165 -1.3567 3.5469, -1.8969 -1.3567 3.5302, -1.9205 -1.3567 3.5433, -1.919 -1.3567 3.5143, -1.9346 -1.3567 3.534, -1.9432 -1.3567 3.5048, -1.9529 -1.3567 3.5275, -1.9798 -1.3567 3.5002, -1.98 -1.3567 3.5246, -2.0386 -1.3567 3.5002, -2.011 -1.3567 3.5246, -2.0386 -1.3567 3.7138, -2.011 -1.3567 3.6892, -1.9777 -1.3567 3.7138, -1.9787 -1.3567 3.6892, -1.9451 -1.3567 3.7102, -1.9513 -1.3567 3.6862, -1.9193 -1.3567 3.7008, -1.9327 -1.3567 3.6795, -1.8969 -1.3567 3.6855, -1.9171 -1.3567 3.6691, -1.8896 -1.3567 3.6783, -1.9101 -1.3567 3.662, -1.8763 -1.3567 3.6597, -1.9021 -1.3567 3.6497, -1.8684 -1.3567 3.6394, -1.8963 -1.3567 3.6336, -1.8647 -1.3567 3.6097, -1.8937 -1.3567 3.609, -1.8654 -1.3567 3.5962, -1.8944 -1.3567 3.5955, -1.8705 -1.3567 3.5712, -1.8985 -1.3567 3.5759, -1.881 -1.3567 3.5491, -1.9798 -1.3528 3.5002, -2.0386 -1.3528 3.5002, -1.9432 -1.3528 3.5048, -1.919 -1.3528 3.5143, -1.8969 -1.3528 3.5302, -1.881 -1.3528 3.5491, -1.8705 -1.3528 3.5712, -1.8654 -1.3528 3.5962, -1.8647 -1.3528 3.6097, -1.8684 -1.3528 3.6394, -1.8763 -1.3528 3.6597, -1.8896 -1.3528 3.6783, -1.8969 -1.3528 3.6855, -1.9193 -1.3528 3.7008, -1.9451 -1.3528 3.7102, -1.9777 -1.3528 3.7138, -2.0386 -1.3528 3.7138, -1.9787 -1.3528 3.6892, -2.011 -1.3528 3.6892, -2.011 -1.3528 3.5246, -1.98 -1.3528 3.5246, -1.9165 -1.3528 3.5469, -1.9205 -1.3528 3.5433, -1.9346 -1.3528 3.534, -1.9529 -1.3528 3.5275, -1.8937 -1.3528 3.609, -1.8944 -1.3528 3.5955, -1.8985 -1.3528 3.5759, -1.9059 -1.3528 3.5601, -1.9171 -1.3528 3.6691, -1.9101 -1.3528 3.662, -1.9021 -1.3528 3.6497, -1.8963 -1.3528 3.6336, -1.9513 -1.3528 3.6862, -1.9327 -1.3528 3.6795
            ]
        }
        coordIndex [
            0,1,2,-1,2,1,3,-1,4,0,5,-1,5,0,2,-1,6,4,7,-1,7,4,5,-1,8,6,9,-1,9,6,7,-1,10,8,11,-1,11,8,9,-1,1,10,3,-1,3,10,11,-1,6,8,4,-1,4,8,10,-1,4,10,0,-1,0,10,1,-1,12,13,14,-1,15,16,14,-1,14,16,17,-1,14,17,12,-1,15,18,16,-1,16,18,19,-1,16,19,20,-1,21,20,22,-1,22,20,19,-1,21,22,23,-1,21,23,24,-1,23,25,24,-1,24,25,26,-1,24,26,27,-1,27,26,28,-1,27,28,29,-1,29,28,30,-1,29,30,31,-1,31,30,32,-1,31,32,33,-1,33,32,34,-1,33,34,35,-1,35,34,36,-1,35,36,37,-1,37,36,38,-1,37,38,39,-1,39,38,40,-1,39,40,41,-1,41,40,42,-1,41,42,43,-1,43,42,44,-1,43,44,45,-1,45,44,46,-1,45,46,47,-1,47,46,48,-1,47,48,49,-1,49,48,50,-1,49,50,51,-1,51,50,52,-1,51,52,53,-1,53,52,54,-1,53,54,55,-1,55,54,56,-1,55,56,57,-1,57,56,58,-1,57,58,59,-1,59,58,60,-1,61,62,60,-1,60,62,63,-1,60,63,59,-1,61,64,62,-1,62,64,65,-1,62,65,66,-1,67,66,68,-1,68,66,65,-1,69,70,71,-1,67,68,72,-1,67,72,73,-1,72,74,73,-1,73,74,75,-1,73,75,71,-1,71,75,76,-1,71,76,69,-1,70,69,77,-1,70,77,78,-1,77,79,78,-1,78,79,80,-1,78,80,81,-1,81,80,82,-1,81,82,83,-1,83,82,84,-1,83,84,85,-1,85,84,86,-1,87,88,86,-1,86,88,89,-1,86,89,85,-1,87,90,88,-1,88,90,91,-1,88,91,92,-1,92,91,93,-1,92,93,94,-1,94,93,95,-1,96,97,95,-1,95,97,98,-1,95,98,94,-1,96,99,97,-1,97,99,100,-1,97,100,101,-1,101,100,102,-1,101,102,103,-1,103,102,104,-1,103,104,105,-1,105,104,106,-1,105,106,107,-1,107,106,108,-1,107,108,109,-1,109,108,13,-1,109,13,12,-1,62,66,67,-1,53,83,51,-1,51,83,85,-1,51,85,49,-1,49,85,89,-1,49,89,47,-1,62,67,63,-1,63,67,73,-1,63,73,59,-1,59,73,71,-1,59,71,57,-1,57,71,70,-1,57,70,55,-1,55,70,78,-1,55,78,53,-1,53,78,81,-1,53,81,83,-1,20,21,16,-1,16,21,24,-1,16,24,17,-1,17,24,27,-1,17,27,12,-1,12,27,29,-1,12,29,109,-1,109,29,31,-1,109,31,107,-1,107,31,33,-1,107,33,105,-1,105,33,35,-1,105,35,103,-1,103,35,37,-1,103,37,101,-1,101,37,39,-1,101,39,97,-1,94,45,92,-1,92,45,47,-1,92,47,88,-1,88,47,89,-1,97,39,98,-1,98,39,41,-1,98,41,94,-1,94,41,43,-1,94,43,45,-1,110,111,112,-1,112,111,113,-1,114,115,116,-1,116,115,110,-1,116,110,112,-1,117,115,118,-1,118,115,114,-1,119,120,121,-1,121,120,117,-1,121,117,118,-1,122,120,123,-1,123,120,119,-1,124,125,126,-1,126,125,122,-1,126,122,123,-1,127,125,128,-1,128,125,124,-1,129,130,131,-1,131,130,127,-1,131,127,128,-1,132,130,133,-1,133,130,129,-1,134,135,136,-1,136,135,132,-1,136,132,133,-1,137,135,138,-1,138,135,134,-1,113,111,139,-1,139,111,137,-1,139,137,138,-1,137,111,110,-1,110,115,137,-1,137,115,117,-1,137,117,135,-1,130,132,127,-1,127,132,135,-1,127,135,125,-1,125,135,117,-1,125,117,122,-1,122,117,120,-1,140,141,142,-1,142,141,143,-1,142,143,144,-1,144,143,145,-1,144,145,146,-1,146,145,147,-1,146,147,148,-1,148,147,149,-1,148,149,150,-1,150,149,151,-1,150,151,152,-1,152,151,153,-1,152,153,154,-1,154,153,155,-1,154,155,156,-1,156,155,157,-1,156,157,158,-1,158,157,159,-1,158,159,160,-1,160,159,161,-1,160,161,162,-1,162,161,163,-1,162,163,164,-1,164,163,165,-1,164,165,166,-1,166,165,167,-1,166,167,168,-1,168,167,169,-1,168,169,170,-1,170,169,171,-1,170,171,172,-1,172,171,173,-1,172,173,174,-1,174,173,140,-1,174,140,142,-1,148,150,175,-1,175,150,176,-1,148,175,177,-1,148,177,146,-1,146,177,178,-1,146,178,144,-1,144,178,179,-1,144,179,142,-1,142,179,180,-1,142,180,174,-1,174,180,181,-1,174,181,172,-1,172,181,182,-1,172,182,170,-1,170,182,183,-1,170,183,168,-1,168,183,184,-1,168,184,166,-1,166,184,185,-1,166,185,164,-1,164,185,186,-1,164,186,162,-1,162,186,187,-1,162,187,160,-1,160,187,188,-1,160,188,158,-1,158,188,189,-1,158,189,156,-1,156,189,190,-1,156,190,154,-1,152,154,191,-1,191,154,190,-1,150,152,176,-1,176,152,191,-1,155,153,192,-1,192,153,193,-1,153,151,193,-1,193,151,194,-1,151,149,194,-1,194,149,195,-1,141,196,197,-1,141,197,143,-1,143,197,198,-1,143,198,145,-1,145,198,199,-1,145,199,147,-1,147,199,195,-1,147,195,149,-1,169,200,201,-1,169,201,171,-1,171,201,202,-1,171,202,173,-1,173,202,203,-1,173,203,140,-1,140,203,196,-1,140,196,141,-1,161,204,205,-1,161,205,163,-1,163,205,206,-1,163,206,165,-1,165,206,207,-1,165,207,167,-1,167,207,200,-1,167,200,169,-1,155,192,208,-1,155,208,157,-1,157,208,209,-1,157,209,159,-1,159,209,204,-1,159,204,161,-1,
        ]
    }
}
Shape{
    appearance Appearance {
        material  Material 	{
            diffuseColor 1.0 0.5490196078431373 0.0
            specularColor 0.30196078431372547 0.16470588235294117 0.0
            ambientIntensity 0.6213
            transparency 0.0
            shininess 0.5
        }
    }
    geometry IndexedFaceSet {
        ccw TRUE
        solid FALSE
        coord DEF co Coordinate {
            point [
                -2.011 -1.3528 3.6892, -2.011 -1.3528 3.5246, -1.9787 -1.3528 3.6892, -1.98 -1.3528 3.5246, -1.9529 -1.3528 3.5275, -1.9346 -1.3528 3.534, -1.9205 -1.3528 3.5433, -1.9165 -1.3528 3.5469, -1.9059 -1.3528 3.5601, -1.8985 -1.3528 3.5759, -1.8944 -1.3528 3.5955, -1.8937 -1.3528 3.609, -1.8963 -1.3528 3.6336, -1.9021 -1.3528 3.6497, -1.9101 -1.3528 3.662, -1.9171 -1.3528 3.6691, -1.9513 -1.3528 3.6862, -1.9327 -1.3528 3.6795
            ]
        }
        coordIndex [
            0,1,2,-1,2,1,3,-1,2,3,4,-1,4,5,2,-1,2,5,6,-1,2,6,7,-1,7,8,2,-1,2,8,9,-1,2,9,10,-1,10,11,2,-1,2,11,12,-1,2,12,13,-1,13,14,2,-1,2,14,15,-1,2,15,16,-1,16,15,17,-1,
        ]
    }
}
Shape{
    appearance Appearance {
        material  Material 	{
            diffuseColor 0.20784313725490197 0.20784313725490197 0.20784313725490197
            specularColor 0.01568627450980392 0.01568627450980392 0.01568627450980392
            ambientIntensity 0.298
            transparency 0.0
            shininess 0.5
        }
    }
    geometry IndexedFaceSet {
        ccw TRUE
        solid FALSE
        coord DEF co Coordinate {
            point [
                -1.7932 -1.3567 3.5828, -1.8019 -1.3567 3.5586, -1.7215 -1.3567 3.5828, -1.713 -1.3567 3.5586, -1.7612 -1.3567 3.6715, -1.7716 -1.3567 3.7138, -1.8529 -1.3567 3.5002, -1.8224 -1.3567 3.5002, -1.7594 -1.3567 3.6779, -1.7577 -1.3567 3.6865, -1.7421 -1.3567 3.7138, -1.7571 -1.3567 3.6865, -1.7554 -1.3567 3.6774, -1.7538 -1.3567 3.6715, -1.6608 -1.3567 3.5002, -1.6912 -1.3567 3.5002, -1.7421 -1.3528 3.7138, -1.6608 -1.3528 3.5002, -1.7716 -1.3528 3.7138, -1.8529 -1.3528 3.5002, -1.7913 -1.3528 3.6618, -1.8224 -1.3528 3.5002, -1.8019 -1.3528 3.5586, -1.713 -1.3528 3.5586, -1.7913 -1.3528 3.5586, -1.6912 -1.3528 3.5002, -1.7932 -1.3528 3.5828, -1.7215 -1.3528 3.5828, -1.7538 -1.3528 3.6715, -1.7571 -1.3528 3.6865, -1.7554 -1.3528 3.6774, -1.7577 -1.3528 3.6865, -1.7612 -1.3528 3.6715, -1.7594 -1.3528 3.6779
            ]
        }
        coordIndex [
            0,1,2,-1,2,1,3,-1,4,5,0,-1,0,5,6,-1,0,6,1,-1,1,6,7,-1,4,8,5,-1,5,8,9,-1,5,9,10,-1,10,9,11,-1,10,11,12,-1,12,13,10,-1,10,13,2,-1,10,2,14,-1,14,2,3,-1,14,3,15,-1,10,14,16,-1,16,14,17,-1,5,10,18,-1,18,10,16,-1,19,6,20,-1,20,6,5,-1,20,5,18,-1,7,6,21,-1,21,6,19,-1,1,7,22,-1,22,7,21,-1,23,3,24,-1,24,3,1,-1,24,1,22,-1,15,3,25,-1,25,3,23,-1,14,15,17,-1,17,15,25,-1,0,2,26,-1,26,2,27,-1,2,13,27,-1,27,13,28,-1,11,29,30,-1,11,30,12,-1,12,30,28,-1,12,28,13,-1,11,9,29,-1,29,9,31,-1,4,32,33,-1,4,33,8,-1,8,33,31,-1,8,31,9,-1,4,0,32,-1,32,0,26,-1,
        ]
    }
}
Shape{
    appearance Appearance {
        material  Material 	{
            diffuseColor 1.0 0.5490196078431373 0.0
            specularColor 0.30196078431372547 0.16470588235294117 0.0
            ambientIntensity 0.6213
            transparency 0.0
            shininess 0.5
        }
    }
    geometry IndexedFaceSet {
        ccw TRUE
        solid FALSE
        coord DEF co Coordinate {
            point [
                -1.7571 -1.3528 3.6865, -1.7577 -1.3528 3.6865, -1.7554 -1.3528 3.6774, -1.7594 -1.3528 3.6779, -1.7538 -1.3528 3.6715, -1.7612 -1.3528 3.6715, -1.7215 -1.3528 3.5828, -1.7932 -1.3528 3.5828
            ]
        }
        coordIndex [
            0,1,2,-1,2,1,3,-1,2,3,4,-1,4,3,5,-1,4,5,6,-1,6,5,7,-1,
        ]
    }
}
Shape{
    appearance Appearance {
        material  Material 	{
            diffuseColor 0.20784313725490197 0.20784313725490197 0.20784313725490197
            specularColor 0.01568627450980392 0.01568627450980392 0.01568627450980392
            ambientIntensity 0.298
            transparency 0.0
            shininess 0.5
        }
    }
    geometry IndexedFaceSet {
        ccw TRUE
        solid FALSE
        coord DEF co Coordinate {
            point [
                -2.4028 -1.3567 3.1859, -2.4028 -1.3567 3.1615, -2.4028 -1.3528 3.1859, -2.4028 -1.3528 3.1615, -2.4901 -1.3567 3.1859, -2.4901 -1.3528 3.1859, -2.4901 -1.3567 3.2577, -2.4901 -1.3528 3.2577, -2.4137 -1.3567 3.2577, -2.4137 -1.3528 3.2577, -2.4137 -1.3567 3.2821, -2.4137 -1.3528 3.2821, -2.4901 -1.3567 3.2821, -2.4901 -1.3528 3.2821, -2.4901 -1.3567 3.3505, -2.4901 -1.3528 3.3505, -2.4077 -1.3567 3.3505, -2.4077 -1.3528 3.3505, -2.4077 -1.3567 3.375, -2.4077 -1.3528 3.375, -2.5177 -1.3567 3.375, -2.5177 -1.3528 3.375, -2.5177 -1.3567 3.1615, -2.5177 -1.3528 3.1615, -2.2547 -1.3567 3.2597, -2.2814 -1.3567 3.238, -2.2814 -1.3567 3.2234, -2.2822 -1.3567 3.1851, -2.2814 -1.3567 3.1851, -2.283 -1.3567 3.2105, -2.2814 -1.3567 3.1615, -2.2547 -1.3567 3.1615, -2.3499 -1.3567 3.2088, -2.3486 -1.3567 3.2149, -2.3718 -1.3567 3.2265, -2.3446 -1.3567 3.189, -2.3641 -1.3567 3.1699, -2.3424 -1.3567 3.1867, -2.3555 -1.3567 3.1638, -2.337 -1.3567 3.1831, -2.3453 -1.3567 3.1599, -2.331 -1.3567 3.1809, -2.3665 -1.3567 3.2342, -2.3462 -1.3567 3.2199, -2.3583 -1.3567 3.2413, -2.343 -1.3567 3.2239, -2.3469 -1.3567 3.2471, -2.3326 -1.3567 3.158, -2.3289 -1.3567 3.1579, -2.3219 -1.3567 3.1799, -2.3158 -1.3567 3.1593, -2.311 -1.3567 3.1812, -2.3048 -1.3567 3.1631, -2.3031 -1.3567 3.1843, -2.295 -1.3567 3.1694, -2.2956 -1.3567 3.1896, -2.2866 -1.3567 3.1784, -2.2929 -1.3567 3.1923, -2.2867 -1.3567 3.2009, -2.3395 -1.3567 3.2266, -2.3331 -1.3567 3.2296, -2.3266 -1.3567 3.2521, -2.3171 -1.3567 3.2332, -2.2814 -1.3567 3.2585, -2.3755 -1.3567 3.2171, -2.3772 -1.3567 3.2055, -2.3501 -1.3567 3.2045, -2.3772 -1.3567 3.2023, -2.3494 -1.3567 3.1984, -2.3759 -1.3567 3.19, -2.3477 -1.3567 3.1935, -2.3726 -1.3567 3.181, -2.367 -1.3567 3.1729, -2.3623 -1.3567 3.3033, -2.3623 -1.3567 3.2773, -2.357 -1.3567 3.3064, -2.3438 -1.3567 3.289, -2.3371 -1.3567 3.3142, -2.327 -1.3567 3.2944, -2.3098 -1.3567 3.3175, -2.3123 -1.3567 3.2958, -2.294 -1.3567 3.3161, -2.3031 -1.3567 3.2948, -2.2827 -1.3567 3.3127, -2.297 -1.3567 3.2926, -2.2737 -1.3567 3.3077, -2.2922 -1.3567 3.2895, -2.2666 -1.3567 3.3009, -2.2882 -1.3567 3.2852, -2.2611 -1.3567 3.2923, -2.2851 -1.3567 3.2797, -2.2568 -1.3567 3.2803, -2.2823 -1.3567 3.2701, -2.3098 -1.3528 3.3175, -2.3371 -1.3528 3.3142, -2.357 -1.3528 3.3064, -2.3623 -1.3528 3.3033, -2.3623 -1.3528 3.2773, -2.3438 -1.3528 3.289, -2.327 -1.3528 3.2944, -2.3123 -1.3528 3.2958, -2.3031 -1.3528 3.2948, -2.297 -1.3528 3.2926, -2.2922 -1.3528 3.2895, -2.2882 -1.3528 3.2852, -2.2851 -1.3528 3.2797, -2.2823 -1.3528 3.2701, -2.2814 -1.3528 3.2585, -2.3266 -1.3528 3.2521, -2.3469 -1.3528 3.2471, -2.3583 -1.3528 3.2413, -2.3665 -1.3528 3.2342, -2.3718 -1.3528 3.2265, -2.3755 -1.3528 3.2171, -2.3772 -1.3528 3.2055, -2.3772 -1.3528 3.2023, -2.3759 -1.3528 3.19, -2.3726 -1.3528 3.181, -2.367 -1.3528 3.1729, -2.3641 -1.3528 3.1699, -2.3289 -1.3528 3.1579, -2.3555 -1.3528 3.1638, -2.3453 -1.3528 3.1599, -2.3442 -1.3528 3.1597, -2.3326 -1.3528 3.158, -2.3158 -1.3528 3.1593, -2.3145 -1.3528 3.1597, -2.3048 -1.3528 3.1631, -2.295 -1.3528 3.1694, -2.2866 -1.3528 3.1784, -2.2822 -1.3528 3.1851, -2.2814 -1.3528 3.1851, -2.2814 -1.3528 3.1615, -2.2547 -1.3528 3.1615, -2.2547 -1.3528 3.2597, -2.2568 -1.3528 3.2803, -2.2611 -1.3528 3.2923, -2.2666 -1.3528 3.3009, -2.2737 -1.3528 3.3077, -2.2827 -1.3528 3.3127, -2.294 -1.3528 3.3161, -2.343 -1.3528 3.2239, -2.3395 -1.3528 3.2266, -2.3331 -1.3528 3.2296, -2.3171 -1.3528 3.2332, -2.3501 -1.3528 3.2045, -2.3499 -1.3528 3.2088, -2.3486 -1.3528 3.2149, -2.3462 -1.3528 3.2199, -2.3424 -1.3528 3.1867, -2.3446 -1.3528 3.189, -2.3477 -1.3528 3.1935, -2.3494 -1.3528 3.1984, -2.3219 -1.3528 3.1799, -2.331 -1.3528 3.1809, -2.337 -1.3528 3.1831, -2.2929 -1.3528 3.1923, -2.2956 -1.3528 3.1896, -2.3031 -1.3528 3.1843, -2.311 -1.3528 3.1812, -2.2814 -1.3528 3.2234, -2.283 -1.3528 3.2105, -2.2867 -1.3528 3.2009, -2.2814 -1.3528 3.238
            ]
        }
        coordIndex [
            0,1,2,-1,2,1,3,-1,4,0,5,-1,5,0,2,-1,6,4,7,-1,7,4,5,-1,8,6,9,-1,9,6,7,-1,10,8,11,-1,11,8,9,-1,12,10,13,-1,13,10,11,-1,14,12,15,-1,15,12,13,-1,16,14,17,-1,17,14,15,-1,18,16,19,-1,19,16,17,-1,20,18,21,-1,21,18,19,-1,22,20,23,-1,23,20,21,-1,1,22,3,-1,3,22,23,-1,22,1,0,-1,0,4,22,-1,22,4,6,-1,22,6,20,-1,16,18,14,-1,14,18,20,-1,14,20,12,-1,12,20,6,-1,12,6,10,-1,10,6,8,-1,24,25,26,-1,27,28,29,-1,30,31,28,-1,28,31,24,-1,28,24,29,-1,29,24,26,-1,32,33,34,-1,35,36,37,-1,37,36,38,-1,37,38,39,-1,39,38,40,-1,39,40,41,-1,34,33,42,-1,42,33,43,-1,42,43,44,-1,44,43,45,-1,44,45,46,-1,40,47,41,-1,41,47,48,-1,41,48,49,-1,49,48,50,-1,49,50,51,-1,51,50,52,-1,51,52,53,-1,53,52,54,-1,53,54,55,-1,55,54,56,-1,55,56,57,-1,57,56,27,-1,57,27,58,-1,58,27,29,-1,45,59,46,-1,46,59,60,-1,46,60,61,-1,61,60,62,-1,61,62,63,-1,34,64,32,-1,32,64,65,-1,32,65,66,-1,66,65,67,-1,66,67,68,-1,68,67,69,-1,68,69,70,-1,70,69,71,-1,70,71,35,-1,35,71,72,-1,35,72,36,-1,73,74,75,-1,75,74,76,-1,75,76,77,-1,77,76,78,-1,77,78,79,-1,79,78,80,-1,79,80,81,-1,81,80,82,-1,81,82,83,-1,83,82,84,-1,83,84,85,-1,85,84,86,-1,85,86,87,-1,87,86,88,-1,87,88,89,-1,89,88,90,-1,89,90,91,-1,91,90,92,-1,91,92,24,-1,24,92,63,-1,24,63,25,-1,25,63,62,-1,79,93,94,-1,79,94,77,-1,77,94,95,-1,77,95,75,-1,75,95,96,-1,75,96,73,-1,74,73,97,-1,97,73,96,-1,74,97,98,-1,74,98,76,-1,76,98,99,-1,76,99,78,-1,78,99,100,-1,78,100,80,-1,80,100,101,-1,80,101,82,-1,82,101,102,-1,82,102,84,-1,84,102,103,-1,84,103,86,-1,86,103,104,-1,86,104,88,-1,88,104,105,-1,88,105,90,-1,90,105,106,-1,90,106,92,-1,92,106,107,-1,92,107,63,-1,61,63,108,-1,108,63,107,-1,61,108,109,-1,61,109,46,-1,46,109,110,-1,46,110,44,-1,44,110,111,-1,44,111,42,-1,42,111,112,-1,42,112,34,-1,34,112,113,-1,34,113,64,-1,64,113,114,-1,64,114,65,-1,65,114,115,-1,65,115,67,-1,67,115,116,-1,67,116,69,-1,69,116,117,-1,69,117,71,-1,71,117,118,-1,71,118,72,-1,72,118,119,-1,72,119,36,-1,120,48,47,-1,36,119,121,-1,36,121,38,-1,38,121,122,-1,38,122,40,-1,40,122,123,-1,40,123,47,-1,47,123,124,-1,47,124,120,-1,48,120,125,-1,48,125,50,-1,50,125,126,-1,50,126,52,-1,126,127,52,-1,52,127,128,-1,52,128,54,-1,54,128,129,-1,54,129,56,-1,56,129,130,-1,56,130,27,-1,28,27,131,-1,131,27,130,-1,30,28,132,-1,132,28,131,-1,31,30,133,-1,133,30,132,-1,24,31,134,-1,134,31,133,-1,24,134,135,-1,24,135,91,-1,91,135,136,-1,91,136,89,-1,89,136,137,-1,89,137,87,-1,87,137,138,-1,87,138,85,-1,85,138,139,-1,85,139,83,-1,83,139,140,-1,83,140,81,-1,81,140,93,-1,81,93,79,-1,45,141,142,-1,45,142,59,-1,59,142,143,-1,59,143,60,-1,60,143,144,-1,60,144,62,-1,66,145,146,-1,66,146,32,-1,32,146,147,-1,32,147,33,-1,33,147,148,-1,33,148,43,-1,43,148,141,-1,43,141,45,-1,37,149,150,-1,37,150,35,-1,35,150,151,-1,35,151,70,-1,70,151,152,-1,70,152,68,-1,68,152,145,-1,68,145,66,-1,49,153,154,-1,49,154,41,-1,41,154,155,-1,41,155,39,-1,39,155,149,-1,39,149,37,-1,57,156,157,-1,57,157,55,-1,55,157,158,-1,55,158,53,-1,53,158,159,-1,53,159,51,-1,51,159,153,-1,51,153,49,-1,26,160,161,-1,26,161,29,-1,29,161,162,-1,29,162,58,-1,58,162,156,-1,58,156,57,-1,26,25,160,-1,160,25,163,-1,25,62,163,-1,163,62,144,-1,
        ]
    }
}
Shape{
    appearance Appearance {
        material  Material 	{
            diffuseColor 1.0 0.5490196078431373 0.0
            specularColor 0.30196078431372547 0.16470588235294117 0.0
            ambientIntensity 0.6213
            transparency 0.0
            shininess 0.5
        }
    }
    geometry IndexedFaceSet {
        ccw TRUE
        solid FALSE
        coord DEF co Coordinate {
            point [
                -2.2814 -1.3528 3.2234, -2.2814 -1.3528 3.238, -2.3171 -1.3528 3.2332, -2.2956 -1.3528 3.1896, -2.2929 -1.3528 3.1923, -2.3331 -1.3528 3.2296, -2.3395 -1.3528 3.2266, -2.311 -1.3528 3.1812, -2.3031 -1.3528 3.1843, -2.2867 -1.3528 3.2009, -2.283 -1.3528 3.2105, -2.343 -1.3528 3.2239, -2.3462 -1.3528 3.2199, -2.3486 -1.3528 3.2149, -2.3499 -1.3528 3.2088, -2.3501 -1.3528 3.2045, -2.3494 -1.3528 3.1984, -2.337 -1.3528 3.1831, -2.331 -1.3528 3.1809, -2.3424 -1.3528 3.1867, -2.3219 -1.3528 3.1799, -2.3477 -1.3528 3.1935, -2.3446 -1.3528 3.189
            ]
        }
        coordIndex [
            0,1,2,-1,3,4,2,-1,5,6,7,-1,5,7,2,-1,2,7,8,-1,2,8,3,-1,4,9,2,-1,2,9,10,-1,2,10,0,-1,6,11,7,-1,7,11,12,-1,7,12,13,-1,13,14,7,-1,7,14,15,-1,7,15,16,-1,17,18,19,-1,19,18,20,-1,19,20,7,-1,16,21,7,-1,7,21,22,-1,7,22,19,-1,
        ]
    }
}
Shape{
    appearance Appearance {
        material  Material 	{
            diffuseColor 0.20784313725490197 0.20784313725490197 0.20784313725490197
            specularColor 0.01568627450980392 0.01568627450980392 0.01568627450980392
            ambientIntensity 0.298
            transparency 0.0
            shininess 0.5
        }
    }
    geometry IndexedFaceSet {
        ccw TRUE
        solid FALSE
        coord DEF co Coordinate {
            point [
                -2.1745 -1.3567 3.1798, -2.1745 -1.3528 3.1798, -2.1921 -1.3528 3.1819, -2.2061 -1.3528 3.1874, -2.2088 -1.3567 3.1885, -2.1921 -1.3567 3.1819, -2.2088 -1.3528 3.1885, -2.2185 -1.3528 3.1945, -2.2185 -1.3567 3.1945, -2.2185 -1.3567 3.1669, -2.2185 -1.3528 3.1669, -2.1997 -1.3567 3.1603, -2.2061 -1.3528 3.1625, -2.1771 -1.3528 3.1579, -2.1771 -1.3567 3.1579, -2.1943 -1.3528 3.1597, -2.1997 -1.3528 3.1603, -2.1527 -1.3567 3.1608, -2.1621 -1.3528 3.1597, -2.1527 -1.3528 3.1608, -2.1387 -1.3528 3.1663, -2.1387 -1.3567 3.1663, -2.1327 -1.3528 3.17, -2.1327 -1.3567 3.17, -2.1244 -1.3528 3.1774, -2.1244 -1.3567 3.1774, -2.1196 -1.3528 3.1845, -2.1196 -1.3567 3.1845, -2.1165 -1.3528 3.193, -2.1165 -1.3567 3.193, -2.1155 -1.3528 3.203, -2.1155 -1.3567 3.203, -2.1168 -1.3528 3.2139, -2.1168 -1.3567 3.2139, -2.1198 -1.3528 3.2216, -2.1198 -1.3567 3.2216, -2.1244 -1.3528 3.2282, -2.1244 -1.3567 3.2282, -2.1308 -1.3528 3.2339, -2.1308 -1.3567 3.2339, -2.1486 -1.3528 3.2438, -2.1486 -1.3567 3.2438, -2.1589 -1.3528 3.248, -2.1589 -1.3567 3.248, -2.1755 -1.3528 3.2552, -2.1755 -1.3567 3.2552, -2.1849 -1.3528 3.2611, -2.1849 -1.3567 3.2611, -2.1875 -1.3528 3.2639, -2.1875 -1.3567 3.2639, -2.1894 -1.3528 3.2676, -2.1894 -1.3567 3.2676, -2.1905 -1.3528 3.2717, -2.1905 -1.3567 3.2717, -2.1907 -1.3528 3.2753, -2.1907 -1.3567 3.2753, -2.1902 -1.3528 3.2795, -2.1902 -1.3567 3.2795, -2.1889 -1.3528 3.2831, -2.1889 -1.3567 3.2831, -2.1866 -1.3528 3.2865, -2.1866 -1.3567 3.2865, -2.1826 -1.3528 3.2901, -2.1826 -1.3567 3.2901, -2.1766 -1.3528 3.2933, -2.1766 -1.3567 3.2933, -2.1694 -1.3528 3.2952, -2.1694 -1.3567 3.2952, -2.1615 -1.3528 3.2958, -2.1615 -1.3567 3.2958, -2.1428 -1.3528 3.2935, -2.1428 -1.3567 3.2935, -2.1277 -1.3528 3.2876, -2.1277 -1.3567 3.2876, -2.1228 -1.3528 3.2848, -2.1228 -1.3567 3.2848, -2.1228 -1.3567 3.3107, -2.1228 -1.3528 3.3107, -2.1402 -1.3528 3.3158, -2.1402 -1.3567 3.3158, -2.1589 -1.3528 3.3175, -2.1589 -1.3567 3.3175, -2.1804 -1.3528 3.3149, -2.1804 -1.3567 3.3149, -2.1947 -1.3528 3.3094, -2.1947 -1.3567 3.3094, -2.2012 -1.3528 3.3054, -2.2012 -1.3567 3.3054, -2.2096 -1.3567 3.2977, -2.2061 -1.3528 3.3009, -2.2096 -1.3528 3.2977, -2.2144 -1.3528 3.2904, -2.2144 -1.3567 3.2904, -2.2174 -1.3528 3.2818, -2.2174 -1.3567 3.2818, -2.2183 -1.3528 3.2729, -2.2183 -1.3567 3.2729, -2.2169 -1.3528 3.2617, -2.2169 -1.3567 3.2617, -2.2138 -1.3528 3.2536, -2.2138 -1.3567 3.2536, -2.2107 -1.3528 3.2487, -2.2107 -1.3567 3.2487, -2.1778 -1.3528 3.2285, -2.1778 -1.3567 3.2285, -2.1937 -1.3567 3.2359, -2.2063 -1.3528 3.2442, -2.2063 -1.3567 3.2442, -2.2061 -1.3528 3.244, -2.1937 -1.3528 3.2359, -2.1602 -1.3528 3.2212, -2.1602 -1.3567 3.2212, -2.1498 -1.3528 3.2149, -2.1498 -1.3567 3.2149, -2.1465 -1.3528 3.2114, -2.1465 -1.3567 3.2114, -2.1444 -1.3528 3.2079, -2.1444 -1.3567 3.2079, -2.1432 -1.3528 3.2037, -2.1432 -1.3567 3.2037, -2.1429 -1.3528 3.2004, -2.1429 -1.3567 3.2004, -2.1435 -1.3528 3.1953, -2.1435 -1.3567 3.1953, -2.1448 -1.3528 3.1915, -2.1448 -1.3567 3.1915, -2.1472 -1.3528 3.188, -2.1472 -1.3567 3.188, -2.1502 -1.3528 3.1853, -2.1502 -1.3567 3.1853, -2.1527 -1.3528 3.1838, -2.1527 -1.3567 3.1838, -2.1596 -1.3528 3.1813, -2.1596 -1.3567 3.1813, -2.1733 -1.3528 3.1798, -2.1733 -1.3567 3.1798, -1.9829 -1.3567 3.314, -1.9552 -1.3567 3.314, -1.9829 -1.3528 3.314, -1.9552 -1.3528 3.314, -2.0245 -1.3567 3.1992, -2.0245 -1.3528 3.1992, -2.0266 -1.3528 3.1921, -2.0266 -1.3567 3.1921, -2.0278 -1.3528 3.1868, -2.0278 -1.3567 3.1868, -2.0285 -1.3567 3.1868, -2.0285 -1.3528 3.1868, -2.0318 -1.3567 3.1994, -2.0318 -1.3528 3.1994, -2.0716 -1.3528 3.314, -2.0716 -1.3567 3.314, -2.0587 -1.3528 3.2769, -2.1015 -1.3567 3.314, -2.1015 -1.3528 3.314, -2.0417 -1.3528 3.1618, -2.0417 -1.3567 3.1618, -2.0587 -1.3528 3.2051, -2.0535 -1.3528 3.1341, -2.0535 -1.3567 3.1341, -2.0426 -1.3528 3.1597, -2.0587 -1.3528 3.1247, -2.0594 -1.3567 3.1236, -2.0594 -1.3528 3.1236, -2.0648 -1.3528 3.118, -2.0648 -1.3567 3.118, -2.0699 -1.3528 3.1149, -2.0699 -1.3567 3.1149, -2.0757 -1.3528 3.1131, -2.0757 -1.3567 3.1131, -2.0809 -1.3528 3.1126, -2.0809 -1.3567 3.1126, -2.0906 -1.3528 3.1139, -2.0906 -1.3567 3.1139, -2.096 -1.3528 3.1157, -2.096 -1.3567 3.1157, -2.096 -1.3567 3.0919, -2.096 -1.3528 3.0919, -2.0848 -1.3528 3.0899, -2.0848 -1.3567 3.0899, -2.0788 -1.3528 3.0897, -2.0788 -1.3567 3.0897, -2.0676 -1.3528 3.091, -2.0676 -1.3567 3.091, -2.0587 -1.3528 3.0945, -2.0571 -1.3567 3.0952, -2.0571 -1.3528 3.0952, -2.0477 -1.3528 3.1018, -2.0477 -1.3567 3.1018, -2.0473 -1.3528 3.1022, -2.0473 -1.3567 3.1022, -2.0375 -1.3528 3.1135, -2.0375 -1.3567 3.1135, -2.0246 -1.3528 3.1379, -2.0246 -1.3567 3.1379, -2.0244 -1.3528 3.1385, -2.0244 -1.3567 3.1385, -2.016 -1.3528 3.1597, -1.8115 -1.3567 3.1859, -1.8115 -1.3567 3.1615, -1.8115 -1.3528 3.1859, -1.8115 -1.3528 3.1615, -1.8988 -1.3528 3.1859, -1.8988 -1.3567 3.1859, -1.8588 -1.3528 3.1859, -1.8988 -1.3567 3.2577, -1.8988 -1.3528 3.2577, -1.8224 -1.3528 3.2577, -1.8224 -1.3567 3.2577, -1.8588 -1.3528 3.2577, -1.8224 -1.3567 3.2821, -1.8224 -1.3528 3.2821, -1.8988 -1.3528 3.2821, -1.8988 -1.3567 3.2821, -1.8588 -1.3528 3.2821, -1.8988 -1.3567 3.3505, -1.8988 -1.3528 3.3505, -1.8164 -1.3528 3.3505, -1.8164 -1.3567 3.3505, -1.8588 -1.3528 3.3505, -1.8164 -1.3567 3.375, -1.8164 -1.3528 3.375, -1.9263 -1.3528 3.375, -1.9263 -1.3567 3.375, -1.8588 -1.3528 3.375, -1.9263 -1.3567 3.1615, -1.9263 -1.3528 3.1615, -1.8588 -1.3528 3.1615, -1.6385 -1.3567 3.2213, -1.6491 -1.3567 3.2081, -1.6295 -1.3567 3.1914, -1.6531 -1.3567 3.2046, -1.6516 -1.3567 3.1756, -1.6672 -1.3567 3.1953, -1.6758 -1.3567 3.166, -1.6855 -1.3567 3.1888, -1.7124 -1.3567 3.1615, -1.7126 -1.3567 3.1859, -1.7712 -1.3567 3.1615, -1.7436 -1.3567 3.1859, -1.7712 -1.3567 3.375, -1.7436 -1.3567 3.3505, -1.7103 -1.3567 3.375, -1.7114 -1.3567 3.3505, -1.6777 -1.3567 3.3714, -1.6839 -1.3567 3.3474, -1.6519 -1.3567 3.362, -1.6653 -1.3567 3.3408, -1.6295 -1.3567 3.3468, -1.6497 -1.3567 3.3304, -1.6222 -1.3567 3.3396, -1.6427 -1.3567 3.3233, -1.6089 -1.3567 3.321, -1.6347 -1.3567 3.311, -1.601 -1.3567 3.3007, -1.629 -1.3567 3.2948, -1.5973 -1.3567 3.271, -1.6263 -1.3567 3.2702, -1.598 -1.3567 3.2575, -1.627 -1.3567 3.2568, -1.6031 -1.3567 3.2325, -1.6312 -1.3567 3.2372, -1.6136 -1.3567 3.2104, -1.7124 -1.3528 3.1615, -1.7712 -1.3528 3.1615, -1.6758 -1.3528 3.166, -1.6516 -1.3528 3.1756, -1.6295 -1.3528 3.1914, -1.6136 -1.3528 3.2104, -1.6031 -1.3528 3.2325, -1.598 -1.3528 3.2575, -1.5973 -1.3528 3.271, -1.601 -1.3528 3.3007, -1.6089 -1.3528 3.321, -1.6222 -1.3528 3.3396, -1.6295 -1.3528 3.3468, -1.6519 -1.3528 3.362, -1.6777 -1.3528 3.3714, -1.7103 -1.3528 3.375, -1.7712 -1.3528 3.375, -1.7114 -1.3528 3.3505, -1.7436 -1.3528 3.3505, -1.7436 -1.3528 3.1859, -1.7126 -1.3528 3.1859, -1.6491 -1.3528 3.2081, -1.6531 -1.3528 3.2046, -1.6672 -1.3528 3.1953, -1.6855 -1.3528 3.1888, -1.6263 -1.3528 3.2702, -1.627 -1.3528 3.2568, -1.6312 -1.3528 3.2372, -1.6385 -1.3528 3.2213, -1.6497 -1.3528 3.3304, -1.6427 -1.3528 3.3233, -1.6347 -1.3528 3.311, -1.629 -1.3528 3.2948, -1.6839 -1.3528 3.3474, -1.6653 -1.3528 3.3408
            ]
        }
        coordIndex [
            0,1,2,-1,3,4,2,-1,2,4,5,-1,2,5,0,-1,3,6,4,-1,4,6,7,-1,4,7,8,-1,9,8,10,-1,10,8,7,-1,9,10,11,-1,11,10,12,-1,13,14,15,-1,15,14,11,-1,15,11,16,-1,16,11,12,-1,14,13,17,-1,17,13,18,-1,18,19,17,-1,17,19,20,-1,17,20,21,-1,21,20,22,-1,21,22,23,-1,23,22,24,-1,23,24,25,-1,25,24,26,-1,25,26,27,-1,27,26,28,-1,27,28,29,-1,29,28,30,-1,29,30,31,-1,31,30,32,-1,31,32,33,-1,33,32,34,-1,33,34,35,-1,35,34,36,-1,35,36,37,-1,37,36,38,-1,37,38,39,-1,39,38,40,-1,39,40,41,-1,41,40,42,-1,41,42,43,-1,43,42,44,-1,43,44,45,-1,45,44,46,-1,45,46,47,-1,47,46,48,-1,47,48,49,-1,49,48,50,-1,49,50,51,-1,51,50,52,-1,51,52,53,-1,53,52,54,-1,53,54,55,-1,55,54,56,-1,55,56,57,-1,57,56,58,-1,57,58,59,-1,59,58,60,-1,59,60,61,-1,61,60,62,-1,61,62,63,-1,63,62,64,-1,63,64,65,-1,65,64,66,-1,65,66,67,-1,67,66,68,-1,67,68,69,-1,69,68,70,-1,69,70,71,-1,71,70,72,-1,71,72,73,-1,73,72,74,-1,73,74,75,-1,76,75,77,-1,77,75,74,-1,76,77,78,-1,76,78,79,-1,79,78,80,-1,79,80,81,-1,81,80,82,-1,81,82,83,-1,83,82,84,-1,83,84,85,-1,85,84,86,-1,85,86,87,-1,87,86,88,-1,88,86,89,-1,89,90,88,-1,88,90,91,-1,88,91,92,-1,92,91,93,-1,92,93,94,-1,94,93,95,-1,94,95,96,-1,96,95,97,-1,96,97,98,-1,98,97,99,-1,98,99,100,-1,100,99,101,-1,100,101,102,-1,103,104,105,-1,102,101,106,-1,102,106,107,-1,107,106,108,-1,107,108,105,-1,105,108,109,-1,105,109,103,-1,104,103,110,-1,104,110,111,-1,111,110,112,-1,111,112,113,-1,113,112,114,-1,113,114,115,-1,115,114,116,-1,115,116,117,-1,117,116,118,-1,117,118,119,-1,119,118,120,-1,119,120,121,-1,121,120,122,-1,121,122,123,-1,123,122,124,-1,123,124,125,-1,125,124,126,-1,125,126,127,-1,127,126,128,-1,127,128,129,-1,129,128,130,-1,129,130,131,-1,131,130,132,-1,131,132,133,-1,133,132,134,-1,133,134,135,-1,135,134,1,-1,135,1,0,-1,59,61,87,-1,87,61,85,-1,85,61,63,-1,85,63,83,-1,125,25,27,-1,111,43,104,-1,104,43,45,-1,125,27,123,-1,123,27,29,-1,123,29,121,-1,121,29,31,-1,121,31,119,-1,119,31,33,-1,119,33,117,-1,117,33,35,-1,117,35,115,-1,115,35,37,-1,115,37,113,-1,113,37,39,-1,113,39,111,-1,111,39,41,-1,111,41,43,-1,25,125,23,-1,23,125,127,-1,23,127,21,-1,14,0,11,-1,11,0,5,-1,11,5,9,-1,9,5,4,-1,9,4,8,-1,63,65,83,-1,83,65,67,-1,83,67,81,-1,81,67,69,-1,81,69,79,-1,79,69,71,-1,79,71,76,-1,76,71,73,-1,76,73,75,-1,127,129,21,-1,21,129,131,-1,21,131,17,-1,17,131,133,-1,17,133,14,-1,14,133,135,-1,14,135,0,-1,87,88,59,-1,59,88,92,-1,59,92,57,-1,57,92,94,-1,57,94,55,-1,55,94,96,-1,55,96,53,-1,53,96,98,-1,53,98,51,-1,51,98,100,-1,51,100,49,-1,49,100,102,-1,49,102,47,-1,47,102,107,-1,47,107,45,-1,45,107,105,-1,45,105,104,-1,136,137,138,-1,138,137,139,-1,140,136,141,-1,141,136,138,-1,140,141,142,-1,140,142,143,-1,143,142,144,-1,143,144,145,-1,146,145,147,-1,147,145,144,-1,148,146,149,-1,149,146,147,-1,150,151,152,-1,152,151,148,-1,152,148,149,-1,153,151,154,-1,154,151,150,-1,155,156,157,-1,157,156,153,-1,157,153,154,-1,158,159,160,-1,160,159,156,-1,160,156,155,-1,158,161,159,-1,159,161,162,-1,161,163,162,-1,162,163,164,-1,162,164,165,-1,165,164,166,-1,165,166,167,-1,167,166,168,-1,167,168,169,-1,169,168,170,-1,169,170,171,-1,171,170,172,-1,171,172,173,-1,173,172,174,-1,173,174,175,-1,176,175,177,-1,177,175,174,-1,176,177,178,-1,176,178,179,-1,179,178,180,-1,179,180,181,-1,181,180,182,-1,181,182,183,-1,183,182,184,-1,183,184,185,-1,184,186,185,-1,185,186,187,-1,185,187,188,-1,188,187,189,-1,188,189,190,-1,190,189,191,-1,190,191,192,-1,192,191,193,-1,192,193,194,-1,194,193,195,-1,194,195,196,-1,139,137,197,-1,197,137,196,-1,197,196,195,-1,143,145,196,-1,137,136,196,-1,196,136,140,-1,196,140,143,-1,151,153,148,-1,148,153,156,-1,148,156,146,-1,145,146,196,-1,196,146,156,-1,196,156,194,-1,194,156,159,-1,194,159,192,-1,192,159,162,-1,192,162,190,-1,190,162,165,-1,175,176,173,-1,173,176,179,-1,173,179,171,-1,171,179,181,-1,171,181,169,-1,169,181,183,-1,169,183,167,-1,167,183,185,-1,167,185,165,-1,165,185,188,-1,165,188,190,-1,198,199,200,-1,200,199,201,-1,202,203,204,-1,204,203,198,-1,204,198,200,-1,205,203,206,-1,206,203,202,-1,207,208,209,-1,209,208,205,-1,209,205,206,-1,210,208,211,-1,211,208,207,-1,212,213,214,-1,214,213,210,-1,214,210,211,-1,215,213,216,-1,216,213,212,-1,217,218,219,-1,219,218,215,-1,219,215,216,-1,220,218,221,-1,221,218,217,-1,222,223,224,-1,224,223,220,-1,224,220,221,-1,225,223,226,-1,226,223,222,-1,201,199,227,-1,227,199,225,-1,227,225,226,-1,225,199,198,-1,198,203,225,-1,225,203,205,-1,225,205,223,-1,218,220,215,-1,215,220,223,-1,215,223,213,-1,213,223,205,-1,213,205,210,-1,210,205,208,-1,228,229,230,-1,230,229,231,-1,230,231,232,-1,232,231,233,-1,232,233,234,-1,234,233,235,-1,234,235,236,-1,236,235,237,-1,236,237,238,-1,238,237,239,-1,238,239,240,-1,240,239,241,-1,240,241,242,-1,242,241,243,-1,242,243,244,-1,244,243,245,-1,244,245,246,-1,246,245,247,-1,246,247,248,-1,248,247,249,-1,248,249,250,-1,250,249,251,-1,250,251,252,-1,252,251,253,-1,252,253,254,-1,254,253,255,-1,254,255,256,-1,256,255,257,-1,256,257,258,-1,258,257,259,-1,258,259,260,-1,260,259,261,-1,260,261,262,-1,262,261,228,-1,262,228,230,-1,236,238,263,-1,263,238,264,-1,236,263,265,-1,236,265,234,-1,234,265,266,-1,234,266,232,-1,232,266,267,-1,232,267,230,-1,230,267,268,-1,230,268,262,-1,262,268,269,-1,262,269,260,-1,260,269,270,-1,260,270,258,-1,258,270,271,-1,258,271,256,-1,256,271,272,-1,256,272,254,-1,254,272,273,-1,254,273,252,-1,252,273,274,-1,252,274,250,-1,250,274,275,-1,250,275,248,-1,248,275,276,-1,248,276,246,-1,246,276,277,-1,246,277,244,-1,244,277,278,-1,244,278,242,-1,240,242,279,-1,279,242,278,-1,238,240,264,-1,264,240,279,-1,243,241,280,-1,280,241,281,-1,241,239,281,-1,281,239,282,-1,239,237,282,-1,282,237,283,-1,229,284,285,-1,229,285,231,-1,231,285,286,-1,231,286,233,-1,233,286,287,-1,233,287,235,-1,235,287,283,-1,235,283,237,-1,257,288,289,-1,257,289,259,-1,259,289,290,-1,259,290,261,-1,261,290,291,-1,261,291,228,-1,228,291,284,-1,228,284,229,-1,249,292,293,-1,249,293,251,-1,251,293,294,-1,251,294,253,-1,253,294,295,-1,253,295,255,-1,255,295,288,-1,255,288,257,-1,243,280,296,-1,243,296,245,-1,245,296,297,-1,245,297,247,-1,247,297,292,-1,247,292,249,-1,
        ]
    }
}
Shape{
    appearance Appearance {
        material  Material 	{
            diffuseColor 1.0 0.5490196078431373 0.0
            specularColor 0.30196078431372547 0.16470588235294117 0.0
            ambientIntensity 0.6213
            transparency 0.0
            shininess 0.5
        }
    }
    geometry IndexedFaceSet {
        ccw TRUE
        solid FALSE
        coord DEF co Coordinate {
            point [
                -1.7436 -1.3528 3.3505, -1.7436 -1.3528 3.1859, -1.7114 -1.3528 3.3505, -1.7126 -1.3528 3.1859, -1.6855 -1.3528 3.1888, -1.6672 -1.3528 3.1953, -1.6531 -1.3528 3.2046, -1.6491 -1.3528 3.2081, -1.6385 -1.3528 3.2213, -1.6312 -1.3528 3.2372, -1.627 -1.3528 3.2568, -1.6263 -1.3528 3.2702, -1.629 -1.3528 3.2948, -1.6347 -1.3528 3.311, -1.6427 -1.3528 3.3233, -1.6497 -1.3528 3.3304, -1.6839 -1.3528 3.3474, -1.6653 -1.3528 3.3408
            ]
        }
        coordIndex [
            0,1,2,-1,2,1,3,-1,2,3,4,-1,4,5,2,-1,2,5,6,-1,2,6,7,-1,7,8,2,-1,2,8,9,-1,2,9,10,-1,10,11,2,-1,2,11,12,-1,2,12,13,-1,13,14,2,-1,2,14,15,-1,2,15,16,-1,16,15,17,-1,
        ]
    }
}
Shape{
    appearance Appearance {
        material  Material 	{
            diffuseColor 0.20784313725490197 0.20784313725490197 0.20784313725490197
            specularColor 0.01568627450980392 0.01568627450980392 0.01568627450980392
            ambientIntensity 0.298
            transparency 0.0
            shininess 0.5
        }
    }
    geometry IndexedFaceSet {
        ccw TRUE
        solid FALSE
        coord DEF co Coordinate {
            point [
                -1.5258 -1.3567 3.244, -1.5345 -1.3567 3.2199, -1.4541 -1.3567 3.244, -1.4456 -1.3567 3.2199, -1.4938 -1.3567 3.3328, -1.5042 -1.3567 3.375, -1.5855 -1.3567 3.1615, -1.555 -1.3567 3.1615, -1.492 -1.3567 3.3392, -1.4904 -1.3567 3.3478, -1.4747 -1.3567 3.375, -1.4897 -1.3567 3.3478, -1.488 -1.3567 3.3387, -1.4864 -1.3567 3.3328, -1.3934 -1.3567 3.1615, -1.4238 -1.3567 3.1615, -1.4747 -1.3528 3.375, -1.3934 -1.3528 3.1615, -1.5042 -1.3528 3.375, -1.5855 -1.3528 3.1615, -1.555 -1.3528 3.1615, -1.5345 -1.3528 3.2199, -1.4456 -1.3528 3.2199, -1.4238 -1.3528 3.1615, -1.5258 -1.3528 3.244, -1.4541 -1.3528 3.244, -1.4864 -1.3528 3.3328, -1.4897 -1.3528 3.3478, -1.488 -1.3528 3.3387, -1.4904 -1.3528 3.3478, -1.4938 -1.3528 3.3328, -1.492 -1.3528 3.3392
            ]
        }
        coordIndex [
            0,1,2,-1,2,1,3,-1,4,5,0,-1,0,5,6,-1,0,6,1,-1,1,6,7,-1,4,8,5,-1,5,8,9,-1,5,9,10,-1,10,9,11,-1,10,11,12,-1,12,13,10,-1,10,13,2,-1,10,2,14,-1,14,2,3,-1,14,3,15,-1,10,14,16,-1,16,14,17,-1,5,10,18,-1,18,10,16,-1,6,5,19,-1,19,5,18,-1,7,6,20,-1,20,6,19,-1,1,7,21,-1,21,7,20,-1,3,1,22,-1,22,1,21,-1,15,3,23,-1,23,3,22,-1,14,15,17,-1,17,15,23,-1,0,2,24,-1,24,2,25,-1,2,13,25,-1,25,13,26,-1,11,27,28,-1,11,28,12,-1,12,28,26,-1,12,26,13,-1,11,9,27,-1,27,9,29,-1,4,30,31,-1,4,31,8,-1,8,31,29,-1,8,29,9,-1,4,0,30,-1,30,0,24,-1,
        ]
    }
}
Shape{
    appearance Appearance {
        material  Material 	{
            diffuseColor 1.0 0.5490196078431373 0.0
            specularColor 0.30196078431372547 0.16470588235294117 0.0
            ambientIntensity 0.6213
            transparency 0.0
            shininess 0.5
        }
    }
    geometry IndexedFaceSet {
        ccw TRUE
        solid FALSE
        coord DEF co Coordinate {
            point [
                -1.4897 -1.3528 3.3478, -1.4904 -1.3528 3.3478, -1.488 -1.3528 3.3387, -1.492 -1.3528 3.3392, -1.4864 -1.3528 3.3328, -1.4938 -1.3528 3.3328, -1.4541 -1.3528 3.244, -1.5258 -1.3528 3.244
            ]
        }
        coordIndex [
            0,1,2,-1,2,1,3,-1,2,3,4,-1,4,3,5,-1,4,5,6,-1,6,5,7,-1,
        ]
    }
}
Shape{
    appearance Appearance {
        material  Material 	{
            diffuseColor 0.20784313725490197 0.20784313725490197 0.20784313725490197
            specularColor 0.01568627450980392 0.01568627450980392 0.01568627450980392
            ambientIntensity 0.298
            transparency 0.0
            shininess 0.5
        }
    }
    geometry IndexedFaceSet {
        ccw TRUE
        solid FALSE
        coord DEF co Coordinate {
            point [
                -3.4607 -1.3567 3.1313, -3.4381 -1.3567 3.1035, -3.4744 -1.3567 3.2655, -3.2074 -1.3567 3.1255, -3.1895 -1.3567 3.1594, -3.1806 -1.3567 3.1969, -3.3723 -1.3567 3.1665, -3.3601 -1.3567 3.1582, -3.4085 -1.3567 3.081, -3.3461 -1.3567 3.1531, -2.9673 -1.3567 3.3399, -3.0144 -1.3567 3.4204, -3.1798 -1.3567 3.2276, -3.2178 -1.3567 3.3141, -3.1798 -1.3567 3.2124, -3.2611 -1.3567 3.0781, -3.2309 -1.3567 3.0991, -3.278 -1.3567 3.2324, -3.2744 -1.3567 3.2183, -3.2744 -1.3567 3.2036, -3.2782 -1.3567 3.189, -3.2853 -1.3567 3.176, -3.5074 -1.3567 3.2859, -3.5035 -1.3567 3.1726, -3.4759 -1.3567 3.1638, -2.9172 -1.3567 3.4902, -2.9051 -1.3567 3.4902, -2.8428 -1.3567 3.5722, -2.8763 -1.3567 3.4867, -2.8325 -1.3567 3.5686, -2.8498 -1.3567 3.4765, -2.7876 -1.3567 3.5455, -2.747 -1.3567 3.5102, -3.3444 -1.3567 3.5403, -3.3332 -1.3567 3.5342, -3.3802 -1.3567 3.6451, -3.3124 -1.3567 3.5785, -3.3491 -1.3567 3.6813, -3.2792 -1.3567 3.6198, -3.3134 -1.3567 3.7119, -3.2373 -1.3567 3.6515, -3.2766 -1.3567 3.7347, -3.3821 -1.3567 3.1775, -3.3886 -1.3567 3.19, -3.392 -1.3567 3.2039, -2.983 -1.3567 3.1617, -2.9764 -1.3567 3.1608, -2.9643 -1.3567 3.2534, -3.2066 -1.3567 3.7617, -3.1879 -1.3567 3.6722, -3.1313 -1.3567 3.7711, -2.9248 -1.3567 3.6921, -2.9755 -1.3567 3.6138, -2.8752 -1.3567 3.6349, -2.9436 -1.3567 3.5709, -2.923 -1.3567 3.5206, -3.5346 -1.3567 3.3138, -3.5973 -1.3567 3.2367, -3.5573 -1.3567 3.2013, -3.5609 -1.3567 3.4419, -3.6603 -1.3567 3.4216, -3.5654 -1.3567 3.4052, -3.6611 -1.3567 3.4022, -3.5637 -1.3567 3.3821, -3.6556 -1.3567 3.3505, -3.5529 -1.3567 3.3449, -3.6358 -1.3567 3.2936, -3.604 -1.3567 3.2445, -3.3734 -1.3567 3.0663, -3.3376 -1.3567 3.0607, -3.3332 -1.3567 3.1517, -3.3317 -1.3567 3.0606, -3.3207 -1.3567 3.153, -3.295 -1.3567 3.0651, -3.3073 -1.3567 3.1576, -3.2954 -1.3567 3.1653, -2.8262 -1.3567 3.46, -2.8085 -1.3567 3.4403, -2.7166 -1.3567 3.4666, -2.7944 -1.3567 3.414, -2.6987 -1.3567 3.42, -2.7874 -1.3567 3.3849, -2.6925 -1.3567 3.3733, -2.7867 -1.3567 3.3718, -2.896 -1.3567 3.2534, -2.8869 -1.3567 3.1608, -2.8689 -1.3567 3.2585, -2.8396 -1.3567 3.1704, -2.8421 -1.3567 3.2709, -2.793 -1.3567 3.1922, -2.8196 -1.3567 3.2892, -2.7531 -1.3567 3.2244, -2.8174 -1.3567 3.2915, -2.7487 -1.3567 3.2291, -2.8007 -1.3567 3.3152, -2.7203 -1.3567 3.2679, -2.7903 -1.3567 3.3423, -2.7005 -1.3567 3.3155, -2.6927 -1.3567 3.3652, -3.3784 -1.3567 3.5527, -3.3977 -1.3567 3.6471, -3.4136 -1.3567 3.557, -3.4152 -1.3567 3.6481, -3.4292 -1.3567 3.5562, -3.4671 -1.3567 3.6426, -3.4666 -1.3567 3.5474, -3.5238 -1.3567 3.6227, -3.5005 -1.3567 3.5295, -3.5749 -1.3567 3.5889, -3.5269 -1.3567 3.506, -3.5897 -1.3567 3.5752, -3.548 -1.3567 3.4757, -3.6222 -1.3567 3.535, -3.648 -1.3567 3.4813, -3.0202 -1.3567 3.2123, -3.0204 -1.3567 3.2078, -2.9719 -1.3567 3.2548, -3.1374 -1.3567 3.6798, -3.1297 -1.3567 3.68, -3.0687 -1.3567 3.7645, -3.0821 -1.3567 3.6746, -2.9925 -1.3567 3.7376, -3.0342 -1.3567 3.6572, -2.9911 -1.3567 3.6285, -3.392 -1.3567 3.2178, -3.3884 -1.3567 3.2324, -3.4575 -1.3567 3.2983, -3.3812 -1.3567 3.2455, -3.4324 -1.3567 3.3269, -3.3711 -1.3567 3.2563, -3.4013 -1.3567 3.3485, -3.359 -1.3567 3.2641, -3.3678 -1.3567 3.3613, -3.3455 -1.3567 3.2688, -3.3317 -1.3567 3.3657, -3.3332 -1.3567 3.2701, -3.3131 -1.3567 3.3646, -3.3209 -1.3567 3.2688, -3.2765 -1.3567 3.3555, -3.3068 -1.3567 3.2638, -3.2443 -1.3567 3.3382, -3.2945 -1.3567 3.2557, -3.2847 -1.3567 3.2448, -3.0089 -1.3567 3.1772, -3.0033 -1.3567 3.1717, -3.0192 -1.3567 3.1972, -3.0153 -1.3567 3.1868, -2.9674 -1.3567 3.2538, -2.9931 -1.3567 3.1651, -2.9734 -1.3567 3.2549, -2.9843 -1.3567 3.2536, -2.9947 -1.3567 3.2497, -3.0042 -1.3567 3.2433, -3.0121 -1.3567 3.2345, -3.0176 -1.3567 3.2239, -2.6925 -1.3528 3.3733, -2.6987 -1.3528 3.42, -2.7048 -1.3528 3.4358, -2.7166 -1.3528 3.4666, -2.747 -1.3528 3.5102, -2.7876 -1.3528 3.5455, -2.8325 -1.3528 3.5686, -2.8428 -1.3528 3.5722, -2.8752 -1.3528 3.6349, -2.9248 -1.3528 3.6921, -2.9597 -1.3528 3.7156, -2.9925 -1.3528 3.7376, -3.0687 -1.3528 3.7645, -3.1313 -1.3528 3.7711, -3.2066 -1.3528 3.7617, -3.2766 -1.3528 3.7347, -3.3074 -1.3528 3.7156, -3.3134 -1.3528 3.7119, -3.3491 -1.3528 3.6813, -3.3802 -1.3528 3.6451, -3.3977 -1.3528 3.6471, -3.4152 -1.3528 3.6481, -3.4671 -1.3528 3.6426, -3.5238 -1.3528 3.6227, -3.5749 -1.3528 3.5889, -3.5897 -1.3528 3.5752, -3.6611 -1.3528 3.4022, -3.6222 -1.3528 3.535, -3.648 -1.3528 3.4813, -3.6574 -1.3528 3.4358, -3.6603 -1.3528 3.4216, -3.6556 -1.3528 3.3505, -3.6358 -1.3528 3.2936, -3.604 -1.3528 3.2445, -3.5973 -1.3528 3.2367, -3.5573 -1.3528 3.2013, -3.5035 -1.3528 3.1726, -3.4759 -1.3528 3.1638, -3.474 -1.3528 3.1597, -3.4607 -1.3528 3.1313, -3.4381 -1.3528 3.1035, -3.4085 -1.3528 3.081, -3.3944 -1.3528 3.0751, -3.3734 -1.3528 3.0663, -3.3376 -1.3528 3.0607, -3.3317 -1.3528 3.0606, -3.1798 -1.3528 3.2124, -3.295 -1.3528 3.0651, -3.2688 -1.3528 3.0751, -3.2611 -1.3528 3.0781, -3.2309 -1.3528 3.0991, -3.2074 -1.3528 3.1255, -3.1895 -1.3528 3.1594, -3.1894 -1.3528 3.1597, -3.1806 -1.3528 3.1969, -3.1798 -1.3528 3.2276, -2.9673 -1.3528 3.3399, -3.0144 -1.3528 3.4204, -3.2178 -1.3528 3.3141, -3.2443 -1.3528 3.3382, -3.2765 -1.3528 3.3555, -3.3131 -1.3528 3.3646, -3.3317 -1.3528 3.3657, -3.3678 -1.3528 3.3613, -3.4013 -1.3528 3.3485, -3.4324 -1.3528 3.3269, -3.4575 -1.3528 3.2983, -3.4744 -1.3528 3.2655, -3.5074 -1.3528 3.2859, -3.5346 -1.3528 3.3138, -3.5529 -1.3528 3.3449, -3.5637 -1.3528 3.3821, -3.5654 -1.3528 3.4052, -3.5617 -1.3528 3.4358, -3.5609 -1.3528 3.4419, -3.548 -1.3528 3.4757, -3.5269 -1.3528 3.506, -3.5005 -1.3528 3.5295, -3.4666 -1.3528 3.5474, -3.4292 -1.3528 3.5562, -3.4136 -1.3528 3.557, -3.3784 -1.3528 3.5527, -3.3444 -1.3528 3.5403, -3.3332 -1.3528 3.5342, -3.3124 -1.3528 3.5785, -3.2792 -1.3528 3.6198, -3.2373 -1.3528 3.6515, -3.1879 -1.3528 3.6722, -3.1374 -1.3528 3.6798, -3.1297 -1.3528 3.68, -3.0821 -1.3528 3.6746, -3.0342 -1.3528 3.6572, -2.9911 -1.3528 3.6285, -2.9755 -1.3528 3.6138, -2.9436 -1.3528 3.5709, -2.923 -1.3528 3.5206, -2.9172 -1.3528 3.4902, -2.9051 -1.3528 3.4902, -2.8763 -1.3528 3.4867, -2.8498 -1.3528 3.4765, -2.8262 -1.3528 3.46, -2.8085 -1.3528 3.4403, -2.8061 -1.3528 3.4358, -2.7944 -1.3528 3.414, -2.7874 -1.3528 3.3849, -2.7867 -1.3528 3.3718, -2.7903 -1.3528 3.3423, -2.8007 -1.3528 3.3152, -2.8174 -1.3528 3.2915, -2.8196 -1.3528 3.2892, -2.8421 -1.3528 3.2709, -2.8689 -1.3528 3.2585, -2.896 -1.3528 3.2534, -2.9643 -1.3528 3.2534, -2.9674 -1.3528 3.2538, -2.9719 -1.3528 3.2548, -2.9734 -1.3528 3.2549, -2.9843 -1.3528 3.2536, -2.9947 -1.3528 3.2497, -3.0042 -1.3528 3.2433, -3.0121 -1.3528 3.2345, -3.0176 -1.3528 3.2239, -3.0202 -1.3528 3.2123, -3.0204 -1.3528 3.2078, -3.0192 -1.3528 3.1972, -3.0153 -1.3528 3.1868, -3.0089 -1.3528 3.1772, -3.0033 -1.3528 3.1717, -2.9931 -1.3528 3.1651, -2.983 -1.3528 3.1617, -2.9764 -1.3528 3.1608, -2.8869 -1.3528 3.1608, -2.8396 -1.3528 3.1704, -2.793 -1.3528 3.1922, -2.7531 -1.3528 3.2244, -2.7487 -1.3528 3.2291, -2.7203 -1.3528 3.2679, -2.7005 -1.3528 3.3155, -2.6927 -1.3528 3.3652, -3.3332 -1.3528 3.2701, -3.3209 -1.3528 3.2688, -3.3068 -1.3528 3.2638, -3.2945 -1.3528 3.2557, -3.2847 -1.3528 3.2448, -3.278 -1.3528 3.2324, -3.2744 -1.3528 3.2183, -3.2744 -1.3528 3.2036, -3.2782 -1.3528 3.189, -3.2853 -1.3528 3.176, -3.2954 -1.3528 3.1653, -3.3073 -1.3528 3.1576, -3.3207 -1.3528 3.153, -3.3332 -1.3528 3.1517, -3.3461 -1.3528 3.1531, -3.3601 -1.3528 3.1582, -3.3723 -1.3528 3.1665, -3.3821 -1.3528 3.1775, -3.3886 -1.3528 3.19, -3.392 -1.3528 3.2039, -3.392 -1.3528 3.2178, -3.3884 -1.3528 3.2324, -3.3812 -1.3528 3.2455, -3.3711 -1.3528 3.2563, -3.359 -1.3528 3.2641, -3.3455 -1.3528 3.2688
            ]
        }
        coordIndex [
            0,1,2,-1,3,4,5,-1,6,1,7,-1,7,1,8,-1,7,8,9,-1,10,11,12,-1,12,11,13,-1,12,13,14,-1,14,13,15,-1,14,15,5,-1,5,15,16,-1,5,16,3,-1,17,18,13,-1,13,18,19,-1,13,19,15,-1,15,19,20,-1,15,20,21,-1,22,23,2,-1,2,23,24,-1,2,24,0,-1,25,26,27,-1,27,26,28,-1,27,28,29,-1,29,28,30,-1,29,30,31,-1,31,30,32,-1,33,34,35,-1,35,34,36,-1,35,36,37,-1,37,36,38,-1,37,38,39,-1,39,38,40,-1,39,40,41,-1,6,42,1,-1,1,42,43,-1,1,43,2,-1,2,43,44,-1,45,46,47,-1,41,40,48,-1,48,40,49,-1,48,49,50,-1,51,52,53,-1,53,52,54,-1,53,54,27,-1,27,54,55,-1,27,55,25,-1,56,57,22,-1,22,57,58,-1,22,58,23,-1,59,60,61,-1,61,60,62,-1,61,62,63,-1,63,62,64,-1,63,64,65,-1,65,64,66,-1,65,66,56,-1,56,66,67,-1,56,67,57,-1,8,68,9,-1,9,68,69,-1,9,69,70,-1,70,69,71,-1,70,71,72,-1,72,71,73,-1,72,73,74,-1,74,73,15,-1,74,15,75,-1,75,15,21,-1,30,76,32,-1,32,76,77,-1,32,77,78,-1,78,77,79,-1,78,79,80,-1,80,79,81,-1,80,81,82,-1,82,81,83,-1,47,46,84,-1,84,46,85,-1,84,85,86,-1,86,85,87,-1,86,87,88,-1,88,87,89,-1,88,89,90,-1,90,89,91,-1,90,91,92,-1,92,91,93,-1,92,93,94,-1,94,93,95,-1,94,95,96,-1,96,95,97,-1,96,97,83,-1,83,97,98,-1,83,98,82,-1,33,35,99,-1,99,35,100,-1,99,100,101,-1,101,100,102,-1,101,102,103,-1,103,102,104,-1,103,104,105,-1,105,104,106,-1,105,106,107,-1,107,106,108,-1,107,108,109,-1,109,108,110,-1,109,110,111,-1,111,110,112,-1,111,112,59,-1,59,112,113,-1,59,113,60,-1,114,115,116,-1,49,117,50,-1,50,117,118,-1,50,118,119,-1,119,118,120,-1,119,120,121,-1,121,120,122,-1,121,122,51,-1,51,122,123,-1,51,123,52,-1,44,124,2,-1,2,124,125,-1,2,125,126,-1,126,125,127,-1,126,127,128,-1,128,127,129,-1,128,129,130,-1,130,129,131,-1,130,131,132,-1,132,131,133,-1,132,133,134,-1,134,133,135,-1,134,135,136,-1,136,135,137,-1,136,137,138,-1,138,137,139,-1,138,139,140,-1,140,139,141,-1,140,141,13,-1,13,141,142,-1,13,142,17,-1,116,143,144,-1,115,145,116,-1,116,145,146,-1,116,146,143,-1,47,147,45,-1,45,147,116,-1,45,116,148,-1,148,116,144,-1,116,149,114,-1,114,149,150,-1,114,150,151,-1,151,152,114,-1,114,152,153,-1,114,153,154,-1,82,155,156,-1,82,156,80,-1,80,156,157,-1,80,157,78,-1,157,158,78,-1,78,158,159,-1,78,159,32,-1,32,159,160,-1,32,160,31,-1,31,160,161,-1,31,161,29,-1,29,161,162,-1,29,162,27,-1,27,162,163,-1,27,163,53,-1,53,163,164,-1,53,164,51,-1,121,51,165,-1,165,51,164,-1,165,166,121,-1,121,166,167,-1,121,167,119,-1,119,167,168,-1,119,168,50,-1,50,168,169,-1,50,169,48,-1,48,169,170,-1,48,170,41,-1,41,170,39,-1,39,170,171,-1,39,171,172,-1,39,172,173,-1,39,173,37,-1,37,173,174,-1,37,174,35,-1,35,174,175,-1,35,175,100,-1,100,175,176,-1,100,176,102,-1,102,176,177,-1,102,177,104,-1,104,177,178,-1,104,178,106,-1,106,178,179,-1,106,179,108,-1,108,179,180,-1,108,180,110,-1,181,62,60,-1,110,180,182,-1,110,182,112,-1,112,182,183,-1,112,183,113,-1,113,183,184,-1,113,184,60,-1,60,184,185,-1,60,185,181,-1,62,181,186,-1,62,186,64,-1,64,186,187,-1,64,187,66,-1,66,187,188,-1,66,188,67,-1,67,188,189,-1,67,189,57,-1,57,189,190,-1,57,190,58,-1,58,190,191,-1,58,191,23,-1,23,191,192,-1,23,192,24,-1,24,192,193,-1,24,193,0,-1,193,194,0,-1,0,194,195,-1,0,195,1,-1,1,195,196,-1,1,196,8,-1,8,196,197,-1,8,197,68,-1,197,198,68,-1,68,198,199,-1,68,199,69,-1,69,199,200,-1,69,200,71,-1,201,14,5,-1,71,200,202,-1,203,15,202,-1,202,15,73,-1,202,73,71,-1,203,204,15,-1,15,204,205,-1,15,205,16,-1,16,205,206,-1,16,206,3,-1,3,206,207,-1,3,207,4,-1,4,207,208,-1,4,208,5,-1,5,208,209,-1,5,209,201,-1,12,14,210,-1,210,14,201,-1,10,12,211,-1,211,12,210,-1,11,10,212,-1,212,10,211,-1,13,11,213,-1,213,11,212,-1,13,213,214,-1,13,214,140,-1,140,214,215,-1,140,215,138,-1,138,215,216,-1,138,216,136,-1,136,216,217,-1,136,217,134,-1,134,217,218,-1,134,218,132,-1,132,218,219,-1,132,219,130,-1,130,219,220,-1,130,220,128,-1,128,220,221,-1,128,221,126,-1,126,221,222,-1,126,222,2,-1,2,222,223,-1,2,223,22,-1,22,223,224,-1,22,224,56,-1,56,224,225,-1,56,225,65,-1,65,225,226,-1,65,226,63,-1,63,226,227,-1,63,227,61,-1,61,227,59,-1,59,227,228,-1,228,229,59,-1,59,229,230,-1,59,230,111,-1,111,230,231,-1,111,231,109,-1,109,231,232,-1,109,232,107,-1,107,232,233,-1,107,233,105,-1,105,233,234,-1,105,234,103,-1,103,234,235,-1,103,235,101,-1,101,235,236,-1,101,236,99,-1,99,236,237,-1,99,237,33,-1,33,237,238,-1,33,238,34,-1,34,238,239,-1,34,239,36,-1,36,239,240,-1,36,240,38,-1,38,240,241,-1,38,241,40,-1,40,241,242,-1,40,242,49,-1,49,242,243,-1,49,243,117,-1,117,243,244,-1,117,244,118,-1,118,244,245,-1,118,245,120,-1,120,245,246,-1,120,246,122,-1,122,246,247,-1,122,247,123,-1,123,247,248,-1,123,248,52,-1,52,248,249,-1,52,249,54,-1,54,249,250,-1,54,250,55,-1,55,250,251,-1,55,251,25,-1,26,25,252,-1,252,25,251,-1,26,252,253,-1,26,253,28,-1,28,253,254,-1,28,254,30,-1,30,254,255,-1,30,255,76,-1,76,255,256,-1,76,256,77,-1,77,256,257,-1,77,257,79,-1,257,258,79,-1,79,258,259,-1,79,259,81,-1,81,259,260,-1,81,260,83,-1,83,260,261,-1,83,261,96,-1,96,261,262,-1,96,262,94,-1,94,262,263,-1,94,263,92,-1,92,263,264,-1,92,264,90,-1,90,264,265,-1,90,265,88,-1,88,265,266,-1,88,266,86,-1,86,266,267,-1,86,267,84,-1,47,84,268,-1,268,84,267,-1,47,268,269,-1,47,269,147,-1,147,269,270,-1,147,270,116,-1,116,270,271,-1,116,271,149,-1,149,271,272,-1,149,272,150,-1,150,272,273,-1,150,273,151,-1,151,273,274,-1,151,274,152,-1,152,274,275,-1,152,275,153,-1,153,275,276,-1,153,276,154,-1,154,276,277,-1,154,277,114,-1,114,277,278,-1,114,278,115,-1,115,278,279,-1,115,279,145,-1,145,279,280,-1,145,280,146,-1,146,280,281,-1,146,281,143,-1,143,281,282,-1,143,282,144,-1,144,282,283,-1,144,283,148,-1,148,283,284,-1,148,284,45,-1,45,284,285,-1,45,285,46,-1,85,46,286,-1,286,46,285,-1,85,286,287,-1,85,287,87,-1,87,287,288,-1,87,288,89,-1,89,288,289,-1,89,289,91,-1,91,289,290,-1,91,290,93,-1,93,290,291,-1,93,291,95,-1,95,291,292,-1,95,292,97,-1,97,292,293,-1,97,293,98,-1,98,293,155,-1,98,155,82,-1,135,294,295,-1,135,295,137,-1,137,295,296,-1,137,296,139,-1,139,296,297,-1,139,297,141,-1,141,297,298,-1,141,298,142,-1,142,298,299,-1,142,299,17,-1,17,299,300,-1,17,300,18,-1,18,300,301,-1,18,301,19,-1,19,301,302,-1,19,302,20,-1,20,302,303,-1,20,303,21,-1,21,303,304,-1,21,304,75,-1,75,304,305,-1,75,305,74,-1,74,305,306,-1,74,306,72,-1,72,306,307,-1,72,307,70,-1,70,307,308,-1,70,308,9,-1,9,308,309,-1,9,309,7,-1,7,309,310,-1,7,310,6,-1,6,310,311,-1,6,311,42,-1,42,311,312,-1,42,312,43,-1,43,312,313,-1,43,313,44,-1,44,313,314,-1,44,314,124,-1,124,314,315,-1,124,315,125,-1,125,315,316,-1,125,316,127,-1,127,316,317,-1,127,317,129,-1,129,317,318,-1,129,318,131,-1,131,318,319,-1,131,319,133,-1,133,319,294,-1,133,294,135,-1,
        ]
    }
}
Shape{
    appearance Appearance {
        material  Material 	{
            diffuseColor 1.0 0.5490196078431373 0.0
            specularColor 0.30196078431372547 0.16470588235294117 0.0
            ambientIntensity 0.6213
            transparency 0.0
            shininess 0.5
        }
    }
    geometry IndexedFaceSet {
        ccw TRUE
        solid FALSE
        coord DEF co Coordinate {
            point [
                -3.3455 -1.3528 3.2688, -3.3332 -1.3528 3.1517, -3.3332 -1.3528 3.2701, -3.3207 -1.3528 3.153, -3.3209 -1.3528 3.2688, -3.3812 -1.3528 3.2455, -3.3884 -1.3528 3.2324, -3.392 -1.3528 3.2178, -3.3886 -1.3528 3.19, -3.3821 -1.3528 3.1775, -3.3723 -1.3528 3.1665, -3.278 -1.3528 3.2324, -3.2847 -1.3528 3.2448, -3.2954 -1.3528 3.1653, -3.2945 -1.3528 3.2557, -3.3601 -1.3528 3.1582, -3.3461 -1.3528 3.1531, -3.2782 -1.3528 3.189, -3.2744 -1.3528 3.2036, -3.2744 -1.3528 3.2183, -3.3073 -1.3528 3.1576, -3.3068 -1.3528 3.2638, -3.392 -1.3528 3.2039, -3.359 -1.3528 3.2641, -3.3711 -1.3528 3.2563, -3.2853 -1.3528 3.176, -3.8976 0.4189 0.3937, -3.622 0.4189 0.3937, -3.8976 -1.3528 0.3937, -3.622 -1.3528 0.3937, -3.622 0.4189 0.0, -3.622 -1.3528 0.0, -3.8976 0.4189 0.0, 3.622 0.4189 0.3937, 3.8976 0.4189 0.3937, 3.622 -1.3528 0.3937, 3.8976 -1.3528 0.3937, 3.622 0.4189 0.0, 3.8976 0.4189 0.0, 3.622 -1.3528 0.0, -3.3937 0.4189 0.0, -3.3937 0.4189 0.3937, -3.3937 -1.3528 0.0, -3.3937 -1.3528 0.3937, -2.8425 0.4189 0.3937, -2.8425 -1.3528 0.3937, -2.8425 0.4189 0.0, -2.8425 -1.3528 0.0, -2.6142 0.4189 0.0, -2.6142 0.4189 0.3937, -2.6142 -1.3528 0.0, -2.6142 -1.3528 0.3937, -2.063 0.4189 0.3937, -2.063 -1.3528 0.3937, -2.1085 -1.3528 0.3937, -2.2061 -1.3528 0.3937, -2.2456 -1.3528 0.3937, -2.3868 -1.3528 0.3937, -2.3996 -1.3528 0.3937, -2.6051 -1.3528 0.3937, -2.063 0.4189 0.0, -2.063 -1.3528 0.0, -1.8346 0.4189 0.0, -1.8346 0.4189 0.3937, -1.8346 -1.3528 0.0, -1.8346 -1.3528 0.3937, -1.2835 0.4189 0.3937, -1.2835 -1.3528 0.3937, -1.5914 -1.3528 0.3937, -1.7913 -1.3528 0.3937, -1.2835 0.4189 0.0, -1.2835 -1.3528 0.0, -1.0551 0.4189 0.0, -1.0551 0.4189 0.3937, -1.0551 -1.3528 0.0, -1.0551 -1.3528 0.3937, -0.5039 0.4189 0.3937, -0.5039 -1.3528 0.3937, -0.5039 0.4189 0.0, -0.5039 -1.3528 0.0, -0.2756 0.4189 0.0, -0.2756 0.4189 0.3937, -0.2756 -1.3528 0.0, -0.2756 -1.3528 0.3937, 0.2756 0.4189 0.3937, 0.2756 -1.3528 0.3937, 0.2756 0.4189 0.0, 0.2756 -1.3528 0.0, 0.5039 0.4189 0.0, 0.5039 0.4189 0.3937, 0.5039 -1.3528 0.0, 0.5039 -1.3528 0.3937, 1.0551 0.4189 0.3937, 1.0551 -1.3528 0.3937, 1.0551 0.4189 0.0, 1.0551 -1.3528 0.0, 1.2835 0.4189 0.0, 1.2835 0.4189 0.3937, 1.2835 -1.3528 0.0, 1.2835 -1.3528 0.3937, 1.8346 0.4189 0.3937, 1.8346 -1.3528 0.3937, 1.8346 0.4189 0.0, 1.8346 -1.3528 0.0, 2.063 0.4189 0.0, 2.063 0.4189 0.3937, 2.063 -1.3528 0.0, 2.063 -1.3528 0.3937, 2.6142 0.4189 0.3937, 2.6142 -1.3528 0.3937, 2.6142 0.4189 0.0, 2.6142 -1.3528 0.0, 2.8425 0.4189 0.0, 2.8425 0.4189 0.3937, 2.8425 -1.3528 0.0, 2.8425 -1.3528 0.3937, 3.3937 0.4189 0.3937, 3.3937 -1.3528 0.3937, 3.3937 0.4189 0.0, 3.3937 -1.3528 0.0, -3.6693 0.7732 0.6386, -3.6693 0.7732 0.1662, -3.6693 1.5606 0.6386, -3.6693 1.5606 0.1662, -2.5669 0.7732 0.1662, -2.5669 1.5606 0.1662, -2.5669 0.7732 0.6386, -2.5669 1.5606 0.6386, -2.1102 0.7732 0.6386, -2.1102 0.7732 0.1662, -2.1102 1.5606 0.6386, -2.1102 1.5606 0.1662, -1.0079 0.7732 0.1662, -1.0079 1.5606 0.1662, -1.0079 0.7732 0.6386, -1.0079 1.5606 0.6386, -0.5512 0.7732 0.6386, -0.5512 0.7732 0.1662, -0.5512 1.5606 0.6386, -0.5512 1.5606 0.1662, 0.5512 0.7732 0.1662, 0.5512 1.5606 0.1662, 0.5512 0.7732 0.6386, 0.5512 1.5606 0.6386, 1.0079 0.7732 0.6386, 1.0079 0.7732 0.1662, 1.0079 1.5606 0.6386, 1.0079 1.5606 0.1662, 2.1102 0.7732 0.1662, 2.1102 1.5606 0.1662, 2.1102 0.7732 0.6386, 2.1102 1.5606 0.6386, 2.5669 0.7732 0.6386, 2.5669 0.7732 0.1662, 2.5669 1.5606 0.6386, 2.5669 1.5606 0.1662, 3.6693 0.7732 0.1662, 3.6693 1.5606 0.1662, 3.6693 0.7732 0.6386, 3.6693 1.5606 0.6386
            ]
        }
        coordIndex [
            0,1,2,-1,2,1,3,-1,2,3,4,-1,5,6,7,-1,8,9,0,-1,0,9,10,-1,11,12,13,-1,13,12,14,-1,10,15,0,-1,0,15,16,-1,0,16,1,-1,17,18,19,-1,3,20,4,-1,4,20,13,-1,4,13,21,-1,21,13,14,-1,8,0,22,-1,22,0,23,-1,22,23,7,-1,7,23,24,-1,7,24,5,-1,11,13,19,-1,19,13,25,-1,19,25,17,-1,26,27,28,-1,28,27,29,-1,27,30,29,-1,29,30,31,-1,30,27,32,-1,32,27,26,-1,33,34,35,-1,35,34,36,-1,33,37,34,-1,34,37,38,-1,37,33,39,-1,39,33,35,-1,40,41,42,-1,42,41,43,-1,41,44,43,-1,43,44,45,-1,44,46,45,-1,45,46,47,-1,46,44,40,-1,40,44,41,-1,48,49,50,-1,50,49,51,-1,52,53,54,-1,54,55,52,-1,52,55,56,-1,52,56,49,-1,49,56,57,-1,57,58,49,-1,49,58,59,-1,49,59,51,-1,52,60,53,-1,53,60,61,-1,52,49,60,-1,60,49,48,-1,62,63,64,-1,64,63,65,-1,63,66,67,-1,67,68,63,-1,63,68,69,-1,63,69,65,-1,66,70,67,-1,67,70,71,-1,66,63,70,-1,70,63,62,-1,72,73,74,-1,74,73,75,-1,73,76,75,-1,75,76,77,-1,76,78,77,-1,77,78,79,-1,76,73,78,-1,78,73,72,-1,80,81,82,-1,82,81,83,-1,81,84,83,-1,83,84,85,-1,84,86,85,-1,85,86,87,-1,84,81,86,-1,86,81,80,-1,88,89,90,-1,90,89,91,-1,89,92,91,-1,91,92,93,-1,92,94,93,-1,93,94,95,-1,92,89,94,-1,94,89,88,-1,96,97,98,-1,98,97,99,-1,97,100,99,-1,99,100,101,-1,100,102,101,-1,101,102,103,-1,100,97,102,-1,102,97,96,-1,104,105,106,-1,106,105,107,-1,105,108,107,-1,107,108,109,-1,108,110,109,-1,109,110,111,-1,108,105,110,-1,110,105,104,-1,112,113,114,-1,114,113,115,-1,113,116,115,-1,115,116,117,-1,116,118,117,-1,117,118,119,-1,116,113,118,-1,118,113,112,-1,120,121,122,-1,122,121,123,-1,121,124,123,-1,123,124,125,-1,124,126,125,-1,125,126,127,-1,126,120,127,-1,127,120,122,-1,126,124,120,-1,120,124,121,-1,128,129,130,-1,130,129,131,-1,129,132,131,-1,131,132,133,-1,132,134,133,-1,133,134,135,-1,134,128,135,-1,135,128,130,-1,134,132,128,-1,128,132,129,-1,136,137,138,-1,138,137,139,-1,137,140,139,-1,139,140,141,-1,140,142,141,-1,141,142,143,-1,142,136,143,-1,143,136,138,-1,142,140,136,-1,136,140,137,-1,144,145,146,-1,146,145,147,-1,145,148,147,-1,147,148,149,-1,148,150,149,-1,149,150,151,-1,150,144,151,-1,151,144,146,-1,150,148,144,-1,144,148,145,-1,152,153,154,-1,154,153,155,-1,153,156,155,-1,155,156,157,-1,156,158,157,-1,157,158,159,-1,158,152,159,-1,159,152,154,-1,158,156,152,-1,152,156,153,-1,
        ]
    }
}