#VRML V2.0 utf8
# 3D model generated by easyeda2kicad.py (https://github.com/uPesy/easyeda2kicad.py)

Shape{
    appearance Appearance {
        material  Material 	{
            diffuseColor 0.14901960784313725 0.14901960784313725 0.14901960784313725
            specularColor 0.07450980392156863 0.07450980392156863 0.07450980392156863
            ambientIntensity 0.149
            transparency 0.0
            shininess 0.5
        }
    }
    geometry IndexedFaceSet {
        ccw TRUE
        solid FALSE
        coord DEF co Coordinate {
            point [
                15.5592 3.1693 1.9999, 15.6408 1.5945 2.1063, 15.6937 3.1693 2.1752, 15.6937 1.5945 2.1752, 15.7782 3.1693 2.3793, 15.7782 1.5945 2.3793, 15.8071 3.1693 2.5984, 15.8071 1.5945 2.5984, 15.7782 3.1693 2.8175, 15.7782 1.5945 2.8175, 15.6937 3.1693 3.0217, 14.2276 3.1693 2.1752, 14.2804 1.5945 2.1063, 14.3621 3.1693 1.9999, 14.3621 1.5945 1.9999, 14.5374 3.1693 1.8654, 14.5374 1.5945 1.8654, 14.7416 3.1693 1.7808, 14.7416 1.5945 1.7808, 14.9606 3.1693 1.752, 14.9606 1.5945 1.752, 15.1797 3.1693 1.7808, 15.1797 1.5945 1.7808, 15.3839 3.1693 1.8654, 15.3839 1.5945 1.8654, 15.5592 1.5945 1.9999, 14.3621 3.1693 3.197, 14.2804 1.5945 3.0906, 14.2276 3.1693 3.0217, 14.2276 1.5945 3.0217, 14.143 3.1693 2.8175, 14.143 1.5945 2.8175, 14.1142 3.1693 2.5984, 14.1142 1.5945 2.5984, 14.143 3.1693 2.3793, 14.143 1.5945 2.3793, 14.2276 1.5945 2.1752, 15.6937 1.5945 3.0217, 15.6408 1.5945 3.0906, 15.5592 3.1693 3.197, 15.5592 1.5945 3.197, 15.3839 3.1693 3.3315, 15.3839 1.5945 3.3315, 15.1797 3.1693 3.416, 15.1797 1.5945 3.416, 14.9606 3.1693 3.4449, 14.9606 1.5945 3.4449, 14.7416 3.1693 3.416, 14.7416 1.5945 3.416, 14.5374 3.1693 3.3315, 14.5374 1.5945 3.3315, 14.3621 1.5945 3.197, -14.3621 3.1693 1.9999, -14.2804 1.5945 2.1063, -14.2276 3.1693 2.1752, -14.2276 1.5945 2.1752, -14.143 3.1693 2.3793, -14.143 1.5945 2.3793, -14.1142 3.1693 2.5984, -14.1142 1.5945 2.5984, -14.143 3.1693 2.8175, -14.143 1.5945 2.8175, -14.2276 3.1693 3.0217, -15.6937 3.1693 2.1752, -15.6408 1.5945 2.1063, -15.5592 3.1693 1.9999, -15.5592 1.5945 1.9999, -15.3839 3.1693 1.8654, -15.3839 1.5945 1.8654, -15.1797 3.1693 1.7808, -15.1797 1.5945 1.7808, -14.9606 3.1693 1.752, -14.9606 1.5945 1.752, -14.7416 3.1693 1.7808, -14.7416 1.5945 1.7808, -14.5374 3.1693 1.8654, -14.5374 1.5945 1.8654, -14.3621 1.5945 1.9999, -15.5592 3.1693 3.197, -15.6408 1.5945 3.0906, -15.6937 3.1693 3.0217, -15.6937 1.5945 3.0217, -15.7782 3.1693 2.8175, -15.7782 1.5945 2.8175, -15.8071 3.1693 2.5984, -15.8071 1.5945 2.5984, -15.7782 3.1693 2.3793, -15.7782 1.5945 2.3793, -15.6937 1.5945 2.1752, -14.2276 1.5945 3.0217, -14.2804 1.5945 3.0906, -14.3621 3.1693 3.197, -14.3621 1.5945 3.197, -14.5374 3.1693 3.3315, -14.5374 1.5945 3.3315, -14.7416 3.1693 3.416, -14.7416 1.5945 3.416, -14.9606 3.1693 3.4449, -14.9606 1.5945 3.4449, -15.1797 3.1693 3.416, -15.1797 1.5945 3.416, -15.3839 3.1693 3.3315, -15.3839 1.5945 3.3315, -15.5592 1.5945 3.197
            ]
        }
        coordIndex [
            0,1,2,-1,2,1,3,-1,2,3,4,-1,4,3,5,-1,4,5,6,-1,6,5,7,-1,6,7,8,-1,8,7,9,-1,8,9,10,-1,11,12,13,-1,13,12,14,-1,13,14,15,-1,15,14,16,-1,15,16,17,-1,17,16,18,-1,17,18,19,-1,19,18,20,-1,19,20,21,-1,21,20,22,-1,21,22,23,-1,23,22,24,-1,23,24,0,-1,0,24,25,-1,0,25,1,-1,26,27,28,-1,28,27,29,-1,28,29,30,-1,30,29,31,-1,30,31,32,-1,32,31,33,-1,32,33,34,-1,34,33,35,-1,34,35,11,-1,11,35,36,-1,11,36,12,-1,9,37,10,-1,10,37,38,-1,10,38,39,-1,39,38,40,-1,39,40,41,-1,41,40,42,-1,41,42,43,-1,43,42,44,-1,43,44,45,-1,45,44,46,-1,45,46,47,-1,47,46,48,-1,47,48,49,-1,49,48,50,-1,49,50,26,-1,26,50,51,-1,26,51,27,-1,52,53,54,-1,54,53,55,-1,54,55,56,-1,56,55,57,-1,56,57,58,-1,58,57,59,-1,58,59,60,-1,60,59,61,-1,60,61,62,-1,63,64,65,-1,65,64,66,-1,65,66,67,-1,67,66,68,-1,67,68,69,-1,69,68,70,-1,69,70,71,-1,71,70,72,-1,71,72,73,-1,73,72,74,-1,73,74,75,-1,75,74,76,-1,75,76,52,-1,52,76,77,-1,52,77,53,-1,78,79,80,-1,80,79,81,-1,80,81,82,-1,82,81,83,-1,82,83,84,-1,84,83,85,-1,84,85,86,-1,86,85,87,-1,86,87,63,-1,63,87,88,-1,63,88,64,-1,61,89,62,-1,62,89,90,-1,62,90,91,-1,91,90,92,-1,91,92,93,-1,93,92,94,-1,93,94,95,-1,95,94,96,-1,95,96,97,-1,97,96,98,-1,97,98,99,-1,99,98,100,-1,99,100,101,-1,101,100,102,-1,101,102,78,-1,78,102,103,-1,78,103,79,-1,
        ]
    }
}
Shape{
    appearance Appearance {
        material  Material 	{
            diffuseColor 0.11372549019607843 0.11372549019607843 0.11372549019607843
            specularColor 0.058823529411764705 0.058823529411764705 0.058823529411764705
            ambientIntensity 0.1137
            transparency 0.0
            shininess 0.5
        }
    }
    geometry IndexedFaceSet {
        ccw TRUE
        solid FALSE
        coord DEF co Coordinate {
            point [
                13.6811 8.2874 4.6693, 13.6811 8.2874 5.1575, 13.6811 4.7441 4.6693, 13.6811 2.5276 5.1575, 13.6811 2.5276 0.0394, 13.6811 8.2874 0.0394, 13.6811 4.7441 0.5276, 13.6811 8.2874 0.5276, -11.6629 2.287 0.0394, -11.885 2.287 0.0394, -11.9203 2.5276 0.0394, -9.8622 7.6969 0.0394, -9.5079 7.6969 0.0394, -9.8622 2.5276 0.0394, -9.5079 1.8883 0.0394, -11.885 2.0851 0.0394, -11.9203 1.8883 0.0394, -11.885 2.1255 0.0394, -11.885 2.2466 0.0394, -11.6982 2.1255 0.0394, -11.6982 2.2466 0.0394, -10.9664 1.8933 0.0394, -11.3668 1.8883 0.0394, -11.1531 1.8933 0.0394, -11.3494 1.8902 0.0394, -11.3023 1.9084 0.0394, -11.2348 2.1082 0.0394, -11.2339 2.0898 0.0394, -11.4082 2.2567 0.0394, -11.2432 2.1465 0.0394, -11.5512 1.9892 0.0394, -11.5821 1.9658 0.0394, -11.5821 2.2148 0.0394, -11.6982 2.0851 0.0394, -11.6982 1.9337 0.0394, -11.885 1.9337 0.0394, -11.885 1.8933 0.0394, -11.6629 1.8933 0.0394, -11.2642 1.9357 0.0394, -11.2485 1.9521 0.0394, -11.1531 1.9337 0.0394, -11.2727 1.9829 0.0394, -11.3012 1.9568 0.0394, -11.2211 2.1879 0.0394, -11.2481 2.2267 0.0394, -11.0017 2.287 0.0394, -11.2891 2.2626 0.0394, -11.3309 2.2838 0.0394, -11.5512 2.1911 0.0394, -11.5197 2.2217 0.0394, -11.5294 1.9672 0.0394, -11.4826 2.2426 0.0394, -11.4946 1.9434 0.0394, -11.4567 1.929 0.0394, -11.3616 2.251 0.0394, -11.3214 2.2354 0.0394, -11.2391 2.0464 0.0394, -11.2515 2.0137 0.0394, -11.4654 2.2487 0.0394, -11.4219 2.2562 0.0394, -11.3793 1.9257 0.0394, -11.3393 1.936 0.0394, -11.2199 1.9952 0.0394, -11.2041 2.0405 0.0394, -11.0017 1.9337 0.0394, -11.1985 2.0924 0.0394, -11.205 2.1462 0.0394, -11.3789 2.2952 0.0394, -11.4104 2.2971 0.0394, -11.4106 1.9236 0.0394, -11.2852 2.21 0.0394, -11.2607 2.1814 0.0394, -11.4677 2.2905 0.0394, -11.5036 2.2782 0.0394, -11.5465 2.2522 0.0394, -11.5706 2.2293 0.0394, -11.5474 1.9294 0.0394, -11.5066 1.9036 0.0394, -12.0777 1.8933 0.0394, -11.9557 1.8933 0.0394, -12.2578 1.9887 0.0394, -12.2309 1.9482 0.0394, -12.3292 1.8933 0.0394, -11.9557 2.287 0.0394, -12.8543 1.8883 0.0394, -12.6643 1.8933 0.0394, -12.7027 1.8933 0.0394, -12.8543 7.6969 0.0394, -12.5 7.6969 0.0394, -12.5 2.5276 0.0394, -12.2014 1.9222 0.0394, -12.1718 1.9069 0.0394, -12.1238 1.8959 0.0394, -12.521 2.287 0.0394, -12.5159 2.287 0.0394, -12.3677 1.8933 0.0394, -12.4276 2.0195 0.0394, -12.6061 2.0195 0.0394, -12.1601 2.2728 0.0394, -12.0982 2.2846 0.0394, -12.0352 2.287 0.0394, -12.1999 2.2527 0.0394, -12.2287 2.2277 0.0394, -12.2538 2.1922 0.0394, -12.2702 2.1511 0.0394, -12.2781 2.1034 0.0394, -12.2787 2.0852 0.0394, -12.2732 2.0325 0.0394, -11.4605 1.8883 0.0394, -11.4305 1.8839 0.0394, -11.9203 1.5945 0.0394, -11.4108 1.8832 0.0394, -10.9664 2.287 0.0394, -9.5079 1.5945 0.0394, -12.8543 1.5945 0.0394, -11.4619 1.8884 0.0394, -1.2795 7.6969 5.1575, -1.6339 7.6969 5.1575, -1.2795 2.5276 5.1575, -1.6339 1.5945 5.1575, 1.3583 2.5276 5.1575, 1.7126 1.5945 5.1575, 1.3583 7.6969 5.1575, 1.7126 7.6969 5.1575, -5.0197 7.6969 5.1575, -5.374 7.6969 5.1575, -5.0197 2.5276 5.1575, -5.374 1.5945 5.1575, -2.3819 2.5276 5.1575, -2.0276 1.5945 5.1575, -2.3819 7.6969 5.1575, -2.0276 7.6969 5.1575, -13.248 7.6969 5.1575, -13.6024 7.6969 5.1575, -13.248 1.5945 5.1575, -13.6024 2.5276 5.1575, -16.3484 1.5945 5.1575, -16.8898 2.5276 5.1575, -16.8898 1.5945 5.1575, -8.7598 7.6969 5.1575, -9.1142 7.6969 5.1575, -8.7598 2.5276 5.1575, -9.1142 1.5945 5.1575, -6.122 2.5276 5.1575, -5.7677 1.5945 5.1575, -6.122 7.6969 5.1575, -5.7677 7.6969 5.1575, -12.5 7.6969 5.1575, -12.8543 7.6969 5.1575, -12.5 2.5276 5.1575, -12.8543 1.5945 5.1575, -9.8622 2.5276 5.1575, -9.5079 1.5945 5.1575, -9.8622 7.6969 5.1575, -9.5079 7.6969 5.1575, 1.3583 7.6969 0.0394, 1.7126 7.6969 0.0394, 1.3583 2.5276 0.0394, 1.7126 1.5945 0.0394, -1.2795 2.5276 0.0394, -1.6339 1.5945 0.0394, -1.2795 7.6969 0.0394, -1.6339 7.6969 0.0394, -2.3819 7.6969 0.0394, -2.0276 7.6969 0.0394, -2.3819 2.5276 0.0394, -2.0276 1.5945 0.0394, -5.0197 2.5276 0.0394, -5.374 1.5945 0.0394, -5.0197 7.6969 0.0394, -5.374 7.6969 0.0394, -6.122 7.6969 0.0394, -5.7677 7.6969 0.0394, -6.122 2.5276 0.0394, -5.7677 1.5945 0.0394, -8.7598 2.5276 0.0394, -9.1142 1.5945 0.0394, -8.7598 7.6969 0.0394, -9.1142 7.6969 0.0394, -2.3819 8.2874 5.1378, -2.3819 8.2874 4.6693, -2.3819 7.6969 5.1378, -2.3819 4.7441 4.6693, -1.2795 8.2874 4.6693, -1.2795 8.2874 5.1378, -1.2795 7.6969 5.1378, -1.2795 4.7441 4.6693, -6.122 8.2874 5.1378, -6.122 8.2874 4.6693, -6.122 7.6969 5.1378, -6.122 4.7441 4.6693, -5.0197 8.2874 4.6693, -5.0197 8.2874 5.1378, -5.0197 7.6969 5.1378, -5.0197 4.7441 4.6693, -9.8622 8.2874 5.1378, -9.8622 8.2874 4.6693, -9.8622 7.6969 5.1378, -9.8622 4.7441 4.6693, -8.7598 8.2874 4.6693, -8.7598 8.2874 5.1378, -8.7598 7.6969 5.1378, -8.7598 4.7441 4.6693, -13.6024 8.2874 5.1378, -13.6024 8.2874 4.6693, -13.6024 7.6969 5.1378, -13.6024 4.7441 4.6693, -12.5 8.2874 4.6693, -12.5 8.2874 5.1378, -12.5 7.6969 5.1378, -12.5 4.7441 4.6693, -13.6024 7.6969 0.0394, -13.248 7.6969 0.0394, -13.6024 2.5276 0.0394, -13.248 1.5945 0.0394, -16.8898 2.5276 0.0394, -16.3484 1.5945 0.0394, -16.8898 1.5945 0.0394, -2.3819 8.2874 0.5276, -2.3819 8.2874 0.0591, -2.3819 7.6969 0.0591, -2.3819 4.7441 0.5276, -1.2795 8.2874 0.0591, -1.2795 8.2874 0.5276, -1.2795 7.6969 0.0591, -1.2795 4.7441 0.5276, -1.6339 8.2874 4.9606, -1.6339 8.2874 5.1378, -2.0276 8.2874 0.0591, -2.0276 8.2874 0.2362, -1.6339 8.2874 0.2362, -1.6339 8.2874 0.0591, -1.5157 8.2874 0.7638, -2.1457 8.2874 0.7638, -1.5157 8.2874 4.4331, -2.1457 8.2874 4.4331, -2.0276 8.2874 5.1378, -2.0276 8.2874 4.9606, -6.122 8.2874 0.5276, -6.122 8.2874 0.0591, -6.122 7.6969 0.0591, -6.122 4.7441 0.5276, -5.0197 8.2874 0.0591, -5.0197 8.2874 0.5276, -5.0197 7.6969 0.0591, -5.0197 4.7441 0.5276, -5.374 8.2874 4.9606, -5.374 8.2874 5.1378, -5.7677 8.2874 0.0591, -5.7677 8.2874 0.2362, -5.374 8.2874 0.2362, -5.374 8.2874 0.0591, -5.2559 8.2874 0.7638, -5.8858 8.2874 0.7638, -5.2559 8.2874 4.4331, -5.8858 8.2874 4.4331, -5.7677 8.2874 5.1378, -5.7677 8.2874 4.9606, -9.8622 8.2874 0.5276, -9.8622 8.2874 0.0591, -9.8622 7.6969 0.0591, -9.8622 4.7441 0.5276, -8.7598 8.2874 0.0591, -8.7598 8.2874 0.5276, -8.7598 7.6969 0.0591, -8.7598 4.7441 0.5276, -9.1142 8.2874 4.9606, -9.1142 8.2874 5.1378, -9.5079 8.2874 0.0591, -9.5079 8.2874 0.2362, -9.1142 8.2874 0.2362, -9.1142 8.2874 0.0591, -8.9961 8.2874 0.7638, -9.626 8.2874 0.7638, -8.9961 8.2874 4.4331, -9.626 8.2874 4.4331, -9.5079 8.2874 5.1378, -9.5079 8.2874 4.9606, -13.6024 8.2874 0.5276, -13.6024 8.2874 0.0591, -13.6024 7.6969 0.0591, -13.6024 4.7441 0.5276, -12.5 8.2874 0.0591, -12.5 8.2874 0.5276, -12.5 7.6969 0.0591, -12.5 4.7441 0.5276, -12.8543 8.2874 4.9606, -12.8543 8.2874 5.1378, -12.8543 8.2874 0.0591, -12.8543 8.2874 0.2362, -13.248 8.2874 0.0591, -13.248 8.2874 0.2362, -13.3661 8.2874 0.7638, -12.7362 8.2874 0.7638, -12.7362 8.2874 4.4331, -13.3661 8.2874 4.4331, -13.248 8.2874 5.1378, -13.248 8.2874 4.9606, -12.8543 1.5945 0.2362, -12.8543 7.6969 0.0591, -13.248 7.6969 0.0591, -13.248 1.5945 0.2362, -13.248 7.6969 5.1378, -13.248 1.5945 4.9606, -12.8543 7.6969 5.1378, -12.8543 1.5945 4.9606, -9.5079 7.6969 5.1378, -9.5079 1.5945 4.9606, -9.1142 7.6969 5.1378, -9.1142 1.5945 4.9606, -9.1142 7.6969 0.0591, -9.1142 1.5945 0.2362, -9.5079 7.6969 0.0591, -9.5079 1.5945 0.2362, -5.7677 7.6969 5.1378, -5.7677 1.5945 4.9606, -5.374 7.6969 5.1378, -5.374 1.5945 4.9606, -5.374 7.6969 0.0591, -5.374 1.5945 0.2362, -5.7677 7.6969 0.0591, -5.7677 1.5945 0.2362, -2.0276 7.6969 5.1378, -2.0276 1.5945 4.9606, -1.6339 7.6969 5.1378, -1.6339 1.5945 4.9606, -1.6339 7.6969 0.0591, -1.6339 1.5945 0.2362, -2.0276 7.6969 0.0591, -2.0276 1.5945 0.2362
            ]
        }
        coordIndex [
            0,1,2,-1,2,1,3,-1,4,5,6,-1,6,5,7,-1,8,9,10,-1,11,12,13,-1,13,12,14,-1,15,16,17,-1,17,16,18,-1,17,18,19,-1,19,18,20,-1,21,22,23,-1,23,22,24,-1,23,24,25,-1,26,27,28,-1,26,28,29,-1,30,31,32,-1,33,34,15,-1,15,34,35,-1,15,35,16,-1,16,35,36,-1,16,36,37,-1,25,38,23,-1,23,38,39,-1,23,39,40,-1,28,41,42,-1,43,44,45,-1,45,44,46,-1,45,46,47,-1,32,48,30,-1,30,48,49,-1,30,49,50,-1,50,49,51,-1,50,51,52,-1,52,51,53,-1,28,54,55,-1,27,56,28,-1,28,56,57,-1,28,57,41,-1,58,59,60,-1,60,59,28,-1,60,28,61,-1,61,28,42,-1,39,62,40,-1,40,62,63,-1,40,63,64,-1,64,63,65,-1,64,65,45,-1,45,65,66,-1,45,66,43,-1,67,68,10,-1,58,60,51,-1,51,60,69,-1,51,69,53,-1,55,70,28,-1,28,70,71,-1,28,71,29,-1,68,72,10,-1,10,72,73,-1,10,73,74,-1,74,75,10,-1,10,75,32,-1,10,32,8,-1,8,32,31,-1,8,31,37,-1,37,31,76,-1,37,76,77,-1,78,79,16,-1,80,81,82,-1,9,18,10,-1,10,18,16,-1,10,16,83,-1,83,16,79,-1,16,84,85,-1,85,84,86,-1,87,88,84,-1,84,88,89,-1,81,90,82,-1,82,90,91,-1,82,91,92,-1,86,84,93,-1,93,84,89,-1,93,89,94,-1,92,78,82,-1,82,78,16,-1,82,16,95,-1,95,16,85,-1,95,85,96,-1,96,85,97,-1,98,89,99,-1,99,89,10,-1,99,10,100,-1,100,10,83,-1,98,101,89,-1,89,101,102,-1,89,102,94,-1,94,102,103,-1,94,103,104,-1,104,105,94,-1,94,105,106,-1,94,106,82,-1,82,106,107,-1,82,107,80,-1,108,109,110,-1,110,109,111,-1,110,111,22,-1,47,67,45,-1,45,67,10,-1,45,10,112,-1,112,10,13,-1,112,13,21,-1,21,13,14,-1,21,14,22,-1,22,14,113,-1,22,113,110,-1,114,84,110,-1,110,84,16,-1,110,16,108,-1,108,16,37,-1,108,37,115,-1,115,37,77,-1,116,117,118,-1,118,117,119,-1,118,119,120,-1,120,119,121,-1,120,121,122,-1,122,121,123,-1,124,125,126,-1,126,125,127,-1,126,127,128,-1,128,127,129,-1,128,129,130,-1,130,129,131,-1,132,133,134,-1,134,133,135,-1,134,135,136,-1,136,135,137,-1,136,137,138,-1,139,140,141,-1,141,140,142,-1,141,142,143,-1,143,142,144,-1,143,144,145,-1,145,144,146,-1,147,148,149,-1,149,148,150,-1,149,150,151,-1,151,150,152,-1,151,152,153,-1,153,152,154,-1,155,156,157,-1,157,156,158,-1,157,158,159,-1,159,158,160,-1,159,160,161,-1,161,160,162,-1,163,164,165,-1,165,164,166,-1,165,166,167,-1,167,166,168,-1,167,168,169,-1,169,168,170,-1,171,172,173,-1,173,172,174,-1,173,174,175,-1,175,174,176,-1,175,176,177,-1,177,176,178,-1,179,180,181,-1,181,180,182,-1,181,182,130,-1,130,182,128,-1,183,184,185,-1,116,118,185,-1,185,118,186,-1,185,186,183,-1,187,188,189,-1,189,188,190,-1,189,190,145,-1,145,190,143,-1,191,192,193,-1,124,126,193,-1,193,126,194,-1,193,194,191,-1,195,196,197,-1,197,196,198,-1,197,198,153,-1,153,198,151,-1,199,200,201,-1,139,141,201,-1,201,141,202,-1,201,202,199,-1,203,204,205,-1,205,204,206,-1,205,206,133,-1,133,206,135,-1,207,208,209,-1,147,149,209,-1,209,149,210,-1,209,210,207,-1,211,212,213,-1,213,212,214,-1,213,214,215,-1,215,214,216,-1,215,216,217,-1,218,219,220,-1,163,165,220,-1,220,165,221,-1,220,221,218,-1,222,223,224,-1,224,223,225,-1,224,225,161,-1,161,225,159,-1,226,227,184,-1,228,219,229,-1,229,219,218,-1,229,218,230,-1,222,231,223,-1,223,231,230,-1,223,230,232,-1,230,218,232,-1,232,218,233,-1,232,233,234,-1,234,233,235,-1,234,235,183,-1,179,236,180,-1,180,236,237,-1,180,237,235,-1,235,237,226,-1,235,226,183,-1,183,226,184,-1,238,239,240,-1,171,173,240,-1,240,173,241,-1,240,241,238,-1,242,243,244,-1,244,243,245,-1,244,245,169,-1,169,245,167,-1,246,247,192,-1,248,239,249,-1,249,239,238,-1,249,238,250,-1,242,251,243,-1,243,251,250,-1,243,250,252,-1,250,238,252,-1,252,238,253,-1,252,253,254,-1,254,253,255,-1,254,255,191,-1,187,256,188,-1,188,256,257,-1,188,257,255,-1,255,257,246,-1,255,246,191,-1,191,246,192,-1,258,259,260,-1,11,13,260,-1,260,13,261,-1,260,261,258,-1,262,263,264,-1,264,263,265,-1,264,265,177,-1,177,265,175,-1,266,267,200,-1,268,259,269,-1,269,259,258,-1,269,258,270,-1,262,271,263,-1,263,271,270,-1,263,270,272,-1,270,258,272,-1,272,258,273,-1,272,273,274,-1,274,273,275,-1,274,275,199,-1,195,276,196,-1,196,276,277,-1,196,277,275,-1,275,277,266,-1,275,266,199,-1,199,266,200,-1,278,279,280,-1,211,213,280,-1,280,213,281,-1,280,281,278,-1,282,283,284,-1,284,283,285,-1,284,285,88,-1,88,285,89,-1,286,287,208,-1,282,288,283,-1,283,288,289,-1,290,279,291,-1,291,279,278,-1,291,278,289,-1,289,278,292,-1,289,292,283,-1,283,292,293,-1,293,292,294,-1,294,292,295,-1,294,295,207,-1,203,296,204,-1,204,296,297,-1,204,297,295,-1,295,297,286,-1,295,286,207,-1,207,286,208,-1,84,114,298,-1,289,288,299,-1,289,299,298,-1,298,299,87,-1,298,87,84,-1,290,291,300,-1,300,291,301,-1,300,301,212,-1,212,301,214,-1,297,296,302,-1,132,134,302,-1,302,134,303,-1,302,303,297,-1,287,286,304,-1,304,286,305,-1,304,305,148,-1,148,305,150,-1,277,276,306,-1,154,152,306,-1,306,152,307,-1,306,307,277,-1,267,266,308,-1,308,266,309,-1,308,309,140,-1,140,309,142,-1,270,271,310,-1,178,176,310,-1,310,176,311,-1,310,311,270,-1,14,12,312,-1,113,14,313,-1,313,14,312,-1,313,312,269,-1,269,312,268,-1,257,256,314,-1,146,144,314,-1,314,144,315,-1,314,315,257,-1,247,246,316,-1,316,246,317,-1,316,317,125,-1,125,317,127,-1,250,251,318,-1,170,168,318,-1,318,168,319,-1,318,319,250,-1,248,249,320,-1,320,249,321,-1,320,321,172,-1,172,321,174,-1,237,236,322,-1,131,129,322,-1,322,129,323,-1,322,323,237,-1,227,226,324,-1,324,226,325,-1,324,325,117,-1,117,325,119,-1,230,231,326,-1,162,160,326,-1,326,160,327,-1,326,327,230,-1,228,229,328,-1,328,229,329,-1,328,329,164,-1,164,329,166,-1,
        ]
    }
}
Shape{
    appearance Appearance {
        material  Material 	{
            diffuseColor 0.7529411764705882 0.7529411764705882 0.7529411764705882
            specularColor 0.3764705882352941 0.3764705882352941 0.3764705882352941
            ambientIntensity 0.7529
            transparency 0.0
            shininess 0.5
        }
    }
    geometry IndexedFaceSet {
        ccw TRUE
        solid FALSE
        coord DEF co Coordinate {
            point [
                -11.752 5.1378 3.519, -11.9721 5.1378 3.3501, -12.548 5.1378 3.8682, -10.4688 5.1378 3.3501, -10.689 5.1378 3.519, -9.893 5.1378 3.8682, -12.5721 5.1378 3.835, -10.2999 5.1378 2.0669, -10.1937 5.1378 2.3233, -9.8425 5.1378 1.4603, -10.1575 5.1378 2.5984, -9.8425 5.1378 3.7366, -10.9453 5.1378 3.6252, -11.2205 5.1378 3.6614, -11.4956 5.1378 3.6252, -9.8689 5.1378 1.3618, -9.893 5.1378 1.3286, -10.4688 5.1378 1.8468, -10.689 5.1378 1.6779, -12.1411 5.1378 3.1299, -12.5984 5.1378 3.7366, -12.5917 5.1378 3.7875, -12.2472 5.1378 2.8736, -12.2835 5.1378 2.5984, -12.5984 5.1378 1.4603, -12.548 5.1378 1.3286, -11.9721 5.1378 1.8468, -11.752 5.1378 1.6779, -10.1937 5.1378 2.8736, -10.2999 5.1378 3.1299, -9.8492 5.1378 3.7875, -9.8689 5.1378 3.835, -12.2472 5.1378 2.3233, -12.1411 5.1378 2.0669, -12.5917 5.1378 1.4093, -12.5721 5.1378 1.3618, -11.4956 5.1378 1.5717, -11.2205 5.1378 1.5354, -10.9453 5.1378 1.5717, -9.8492 5.1378 1.4093, -8.0118 5.1378 3.519, -8.232 5.1378 3.3501, -8.8078 5.1378 3.8682, -6.7287 5.1378 3.3501, -6.9488 5.1378 3.519, -6.1528 5.1378 3.8682, -8.8319 5.1378 3.835, -6.5597 5.1378 2.0669, -6.4535 5.1378 2.3233, -6.1024 5.1378 1.4603, -6.4173 5.1378 2.5984, -6.1024 5.1378 3.7366, -7.2052 5.1378 3.6252, -7.4803 5.1378 3.6614, -7.7554 5.1378 3.6252, -6.1287 5.1378 1.3618, -6.1528 5.1378 1.3286, -6.7287 5.1378 1.8468, -6.9488 5.1378 1.6779, -8.4009 5.1378 3.1299, -8.8583 5.1378 3.7366, -8.8516 5.1378 3.7875, -8.5071 5.1378 2.8736, -8.5433 5.1378 2.5984, -8.8583 5.1378 1.4603, -8.8078 5.1378 1.3286, -8.232 5.1378 1.8468, -8.0118 5.1378 1.6779, -6.4535 5.1378 2.8736, -6.5597 5.1378 3.1299, -6.1091 5.1378 3.7875, -6.1287 5.1378 3.835, -8.5071 5.1378 2.3233, -8.4009 5.1378 2.0669, -8.8516 5.1378 1.4093, -8.8319 5.1378 1.3618, -7.7554 5.1378 1.5717, -7.4803 5.1378 1.5354, -7.2052 5.1378 1.5717, -6.1091 5.1378 1.4093, -2.4127 5.1378 3.8682, -2.9885 5.1378 3.3501, -3.2087 5.1378 3.519, -3.465 5.1378 3.6252, -3.7402 5.1378 3.6614, -5.0676 5.1378 3.8682, -4.0153 5.1378 3.6252, -4.2717 5.1378 3.519, -4.4918 5.1378 3.3501, -2.4127 5.1378 1.3286, -3.2087 5.1378 1.6779, -2.9885 5.1378 1.8468, -4.4918 5.1378 1.8468, -4.2717 5.1378 1.6779, -5.0676 5.1378 1.3286, -4.6607 5.1378 3.1299, -5.1181 5.1378 3.7366, -5.1132 5.1378 3.7804, -5.0986 5.1378 3.822, -5.0752 5.1378 3.8593, -4.7669 5.1378 2.8736, -4.8031 5.1378 2.5984, -5.1181 5.1378 1.4603, -2.3886 5.1378 1.3618, -2.8196 5.1378 2.0669, -2.7134 5.1378 2.3233, -2.3622 5.1378 1.4603, -2.6772 5.1378 2.5984, -2.3622 5.1378 3.7366, -2.7134 5.1378 2.8736, -2.8196 5.1378 3.1299, -2.3689 5.1378 3.7875, -2.3886 5.1378 3.835, -4.7669 5.1378 2.3233, -4.6607 5.1378 2.0669, -5.1114 5.1378 1.4093, -5.0917 5.1378 1.3618, -4.0153 5.1378 1.5717, -3.7402 5.1378 1.5354, -3.465 5.1378 1.5717, -2.3689 5.1378 1.4093, 1.3275 5.1378 3.8682, 0.7516 5.1378 3.3501, 0.5315 5.1378 3.519, 0.2751 5.1378 3.6252, 0.0 5.1378 3.6614, -1.3275 5.1378 3.8682, -0.2751 5.1378 3.6252, -0.5315 5.1378 3.519, -0.7516 5.1378 3.3501, -1.335 5.1378 3.8593, -1.3585 5.1378 3.822, -0.7516 5.1378 1.8468, -0.5315 5.1378 1.6779, -1.3275 5.1378 1.3286, -0.9206 5.1378 3.1299, -1.0268 5.1378 2.8736, -1.378 5.1378 3.7366, -1.063 5.1378 2.5984, -1.378 5.1378 1.4603, -1.373 5.1378 3.7804, -1.0268 5.1378 2.3233, -0.9206 5.1378 2.0669, -1.3712 5.1378 1.4093, -1.3516 5.1378 1.3618, 0.2751 5.1378 1.5717, 1.3275 5.1378 1.3286, 0.0 5.1378 1.5354, -0.2751 5.1378 1.5717, 1.378 5.1378 3.7366, 0.9206 5.1378 3.1299, 1.3712 5.1378 3.7875, 1.3516 5.1378 3.835, 0.5315 5.1378 1.6779, 0.7516 5.1378 1.8468, 1.3516 5.1378 1.3618, 0.9206 5.1378 2.0669, 1.0268 5.1378 2.3233, 1.378 5.1378 1.4603, 1.063 5.1378 2.5984, 1.0268 5.1378 2.8736, 1.3712 5.1378 1.4093, 2.3886 5.1378 3.835, 2.4127 5.1378 3.8682, 2.9885 5.1378 3.3501, 3.2087 5.1378 3.519, 2.9885 5.1378 1.8468, 3.2087 5.1378 1.6779, 2.4127 5.1378 1.3286, 5.0676 5.1378 1.3286, 4.2717 5.1378 1.6779, 4.4918 5.1378 1.8468, 2.8196 5.1378 3.1299, 2.3622 5.1378 3.7366, 2.3689 5.1378 3.7875, 2.7134 5.1378 2.8736, 2.6772 5.1378 2.5984, 2.3622 5.1378 1.4603, 5.0917 5.1378 1.3618, 5.0676 5.1378 3.8682, 4.4918 5.1378 3.3501, 4.2717 5.1378 3.519, 4.0153 5.1378 3.6252, 3.7402 5.1378 3.6614, 3.465 5.1378 3.6252, 4.6607 5.1378 2.0669, 4.7669 5.1378 2.3233, 5.1181 5.1378 1.4603, 4.8031 5.1378 2.5984, 5.1181 5.1378 3.7366, 4.7669 5.1378 2.8736, 4.6607 5.1378 3.1299, 5.1114 5.1378 3.7875, 5.0917 5.1378 3.835, 2.7134 5.1378 2.3233, 2.8196 5.1378 2.0669, 2.3689 5.1378 1.4093, 2.3886 5.1378 1.3618, 3.465 5.1378 1.5717, 3.7402 5.1378 1.5354, 4.0153 5.1378 1.5717, 5.1114 5.1378 1.4093, 6.9488 5.1378 3.519, 6.7287 5.1378 3.3501, 6.1528 5.1378 3.8682, 8.232 5.1378 3.3501, 8.0118 5.1378 3.519, 8.8078 5.1378 3.8682, 6.1287 5.1378 3.835, 6.5597 5.1378 3.1299, 6.4535 5.1378 2.8736, 6.1024 5.1378 3.7366, 6.4173 5.1378 2.5984, 6.1024 5.1378 1.4603, 8.4009 5.1378 2.0669, 8.5071 5.1378 2.3233, 8.8583 5.1378 1.4603, 8.5433 5.1378 2.5984, 8.8583 5.1378 3.7366, 7.7554 5.1378 3.6252, 7.4803 5.1378 3.6614, 7.2052 5.1378 3.6252, 8.8319 5.1378 1.3618, 8.8078 5.1378 1.3286, 8.232 5.1378 1.8468, 8.0118 5.1378 1.6779, 6.1091 5.1378 3.7875, 6.1528 5.1378 1.3286, 6.7287 5.1378 1.8468, 6.9488 5.1378 1.6779, 8.5071 5.1378 2.8736, 8.4009 5.1378 3.1299, 8.8516 5.1378 3.7875, 8.8319 5.1378 3.835, 6.4535 5.1378 2.3233, 6.5597 5.1378 2.0669, 6.1091 5.1378 1.4093, 6.1287 5.1378 1.3618, 7.2052 5.1378 1.5717, 7.4803 5.1378 1.5354, 7.7554 5.1378 1.5717, 8.8516 5.1378 1.4093, 9.8425 5.1378 3.7366, 9.8689 5.1378 3.835, 10.689 5.1378 3.519, 9.893 5.1378 3.8682, 11.2205 5.1378 3.6614, 12.548 5.1378 3.8682, 11.752 5.1378 3.519, 12.5721 5.1378 3.835, 12.1411 5.1378 3.1299, 12.5984 5.1378 3.7366, 12.2835 5.1378 2.5984, 12.5984 5.1378 1.4603, 12.1411 5.1378 2.0669, 11.752 5.1378 1.6779, 10.2999 5.1378 3.1299, 10.1575 5.1378 2.5984, 9.8425 5.1378 1.4603, 10.2999 5.1378 2.0669, 9.8689 5.1378 1.3618, 10.689 5.1378 1.6779, 9.893 5.1378 1.3286, 11.2205 5.1378 1.5354, 12.548 5.1378 1.3286, 12.5721 5.1378 1.3618
            ]
        }
        coordIndex [
            0,1,2,-1,3,4,5,-1,2,1,6,-1,7,8,9,-1,9,8,10,-1,9,10,11,-1,4,12,5,-1,5,12,13,-1,5,13,2,-1,2,13,14,-1,2,14,0,-1,15,16,17,-1,17,16,18,-1,19,20,1,-1,1,20,21,-1,1,21,6,-1,19,22,20,-1,20,22,23,-1,20,23,24,-1,25,26,27,-1,10,28,11,-1,11,28,29,-1,11,29,30,-1,30,29,3,-1,30,3,31,-1,31,3,5,-1,23,32,24,-1,24,32,33,-1,24,33,34,-1,34,33,26,-1,34,26,35,-1,35,26,25,-1,27,36,25,-1,25,36,37,-1,25,37,16,-1,16,37,38,-1,16,38,18,-1,7,9,17,-1,17,9,39,-1,17,39,15,-1,40,41,42,-1,43,44,45,-1,42,41,46,-1,47,48,49,-1,49,48,50,-1,49,50,51,-1,44,52,45,-1,45,52,53,-1,45,53,42,-1,42,53,54,-1,42,54,40,-1,55,56,57,-1,57,56,58,-1,59,60,41,-1,41,60,61,-1,41,61,46,-1,59,62,60,-1,60,62,63,-1,60,63,64,-1,65,66,67,-1,50,68,51,-1,51,68,69,-1,51,69,70,-1,70,69,43,-1,70,43,71,-1,71,43,45,-1,63,72,64,-1,64,72,73,-1,64,73,74,-1,74,73,66,-1,74,66,75,-1,75,66,65,-1,67,76,65,-1,65,76,77,-1,65,77,56,-1,56,77,78,-1,56,78,58,-1,47,49,57,-1,57,49,79,-1,57,79,55,-1,80,81,82,-1,82,83,80,-1,80,83,84,-1,80,84,85,-1,84,86,85,-1,85,86,87,-1,85,87,88,-1,89,90,91,-1,92,93,94,-1,95,96,88,-1,88,96,97,-1,97,98,88,-1,88,98,99,-1,88,99,85,-1,95,100,96,-1,96,100,101,-1,96,101,102,-1,89,91,103,-1,104,105,106,-1,106,105,107,-1,106,107,108,-1,107,109,108,-1,108,109,110,-1,108,110,111,-1,111,110,81,-1,111,81,112,-1,112,81,80,-1,101,113,102,-1,102,113,114,-1,102,114,115,-1,115,114,92,-1,115,92,116,-1,116,92,94,-1,93,117,94,-1,94,117,118,-1,94,118,89,-1,89,118,119,-1,89,119,90,-1,104,106,91,-1,91,106,120,-1,91,120,103,-1,121,122,123,-1,123,124,121,-1,121,124,125,-1,121,125,126,-1,126,125,127,-1,127,128,126,-1,126,128,129,-1,126,129,130,-1,130,129,131,-1,132,133,134,-1,135,136,137,-1,137,136,138,-1,137,138,139,-1,135,137,129,-1,129,137,140,-1,129,140,131,-1,138,141,139,-1,139,141,142,-1,139,142,143,-1,143,142,132,-1,143,132,144,-1,144,132,134,-1,145,146,147,-1,147,146,134,-1,147,134,148,-1,148,134,133,-1,149,150,151,-1,151,150,122,-1,151,122,152,-1,152,122,121,-1,145,153,146,-1,146,153,154,-1,146,154,155,-1,156,157,158,-1,158,157,159,-1,158,159,149,-1,149,159,160,-1,149,160,150,-1,156,158,154,-1,154,158,161,-1,154,161,155,-1,162,163,164,-1,164,163,165,-1,166,167,168,-1,169,170,171,-1,172,173,164,-1,164,173,174,-1,164,174,162,-1,172,175,173,-1,173,175,176,-1,173,176,177,-1,169,171,178,-1,179,180,181,-1,181,182,179,-1,179,182,183,-1,179,183,163,-1,163,183,184,-1,163,184,165,-1,185,186,187,-1,187,186,188,-1,187,188,189,-1,188,190,189,-1,189,190,191,-1,189,191,192,-1,192,191,180,-1,192,180,193,-1,193,180,179,-1,176,194,177,-1,177,194,195,-1,177,195,196,-1,196,195,166,-1,196,166,197,-1,197,166,168,-1,167,198,168,-1,168,198,199,-1,168,199,169,-1,169,199,200,-1,169,200,170,-1,185,187,171,-1,171,187,201,-1,171,201,178,-1,202,203,204,-1,205,206,207,-1,204,203,208,-1,209,210,211,-1,211,210,212,-1,211,212,213,-1,214,215,216,-1,216,215,217,-1,216,217,218,-1,206,219,207,-1,207,219,220,-1,207,220,204,-1,204,220,221,-1,204,221,202,-1,222,223,224,-1,224,223,225,-1,209,211,203,-1,203,211,226,-1,203,226,208,-1,227,228,229,-1,217,230,218,-1,218,230,231,-1,218,231,232,-1,232,231,205,-1,232,205,233,-1,233,205,207,-1,212,234,213,-1,213,234,235,-1,213,235,236,-1,236,235,228,-1,236,228,237,-1,237,228,227,-1,229,238,227,-1,227,238,239,-1,227,239,223,-1,223,239,240,-1,223,240,225,-1,214,216,224,-1,224,216,241,-1,224,241,222,-1,242,243,244,-1,244,243,245,-1,244,245,246,-1,246,245,247,-1,246,247,248,-1,248,247,249,-1,248,249,250,-1,250,249,251,-1,250,251,252,-1,252,251,253,-1,252,253,254,-1,254,253,255,-1,244,256,242,-1,242,256,257,-1,242,257,258,-1,258,257,259,-1,258,259,260,-1,260,259,261,-1,260,261,262,-1,262,261,263,-1,262,263,264,-1,264,263,255,-1,264,255,265,-1,265,255,253,-1,
        ]
    }
}
Shape{
    appearance Appearance {
        material  Material 	{
            diffuseColor 0.11372549019607843 0.11372549019607843 0.11372549019607843
            specularColor 0.058823529411764705 0.058823529411764705 0.058823529411764705
            ambientIntensity 0.1137
            transparency 0.0
            shininess 0.5
        }
    }
    geometry IndexedFaceSet {
        ccw TRUE
        solid FALSE
        coord DEF co Coordinate {
            point [
                6.2008 7.6969 5.1575, 5.8465 7.6969 5.1575, 6.2008 2.5276 5.1575, 5.8465 1.5945 5.1575, 8.8386 2.5276 5.1575, 9.1929 1.5945 5.1575, 8.8386 7.6969 5.1575, 9.1929 7.6969 5.1575, 2.4606 7.6969 5.1575, 2.1063 7.6969 5.1575, 2.4606 2.5276 5.1575, 2.1063 1.5945 5.1575, 5.0984 2.5276 5.1575, 5.4528 1.5945 5.1575, 5.0984 7.6969 5.1575, 5.4528 7.6969 5.1575, 8.8386 7.6969 0.0394, 9.1929 7.6969 0.0394, 8.8386 2.5276 0.0394, 9.1929 1.5945 0.0394, 6.2008 2.5276 0.0394, 5.8465 1.5945 0.0394, 6.2008 7.6969 0.0394, 5.8465 7.6969 0.0394, 5.0984 7.6969 0.0394, 5.4528 7.6969 0.0394, 5.0984 2.5276 0.0394, 5.4528 1.5945 0.0394, 2.4606 2.5276 0.0394, 2.1063 1.5945 0.0394, 2.4606 7.6969 0.0394, 2.1063 7.6969 0.0394, 12.5787 7.6969 0.0394, 12.9331 7.6969 0.0394, 12.5787 2.5276 0.0394, 12.9331 1.5945 0.0394, 9.9409 2.5276 0.0394, 9.5866 1.5945 0.0394, 9.9409 7.6969 0.0394, 9.5866 7.6969 0.0394, 8.8386 8.2874 5.1378, 8.8386 8.2874 4.6693, 8.8386 7.6969 5.1378, 8.8386 4.7441 4.6693, 9.9409 8.2874 4.6693, 9.9409 8.2874 5.1378, 9.9409 7.6969 5.1378, 9.9409 7.6969 5.1575, 9.9409 2.5276 5.1575, 9.9409 4.7441 4.6693, 5.0984 8.2874 5.1378, 5.0984 8.2874 4.6693, 5.0984 7.6969 5.1378, 5.0984 4.7441 4.6693, 6.2008 8.2874 4.6693, 6.2008 8.2874 5.1378, 6.2008 7.6969 5.1378, 6.2008 4.7441 4.6693, 1.3583 8.2874 5.1378, 1.3583 8.2874 4.6693, 1.3583 7.6969 5.1378, 1.3583 4.7441 4.6693, 1.3583 7.6969 5.1575, 1.3583 2.5276 5.1575, 2.4606 8.2874 4.6693, 2.4606 8.2874 5.1378, 2.4606 7.6969 5.1378, 2.4606 4.7441 4.6693, -10.0394 4.7441 3.9334, -10.3346 4.7441 3.9334, -10.3346 4.7441 4.2619, -12.4016 4.7441 1.2634, -12.1063 4.7441 1.2634, -12.1063 4.7441 0.9349, -9.8492 4.7441 3.7875, -9.8689 4.7441 3.835, -9.626 4.7441 4.4331, -12.5 4.7441 3.9071, -12.7362 4.7441 4.4331, -12.4525 4.7441 3.9267, -12.5 4.7441 4.6693, -12.4016 4.7441 3.9334, -12.1063 4.7441 3.9334, -12.5408 4.7441 3.8758, -12.5721 4.7441 3.835, -12.5917 4.7441 3.7875, -9.9002 4.7441 1.3211, -9.8689 4.7441 1.3618, -9.626 4.7441 0.7638, -9.9002 4.7441 3.8758, -9.9409 4.7441 3.9071, -9.8622 4.7441 4.6693, -9.9884 4.7441 3.9267, -10.3346 4.7441 1.2634, -10.0394 4.7441 1.2634, -9.8622 4.7441 0.5276, -9.9884 4.7441 1.2701, -9.9409 4.7441 1.2898, -12.1063 4.7441 4.2619, -12.5721 4.7441 1.3618, -12.5408 4.7441 1.3211, -12.7362 4.7441 0.7638, -12.5 4.7441 1.2898, -12.5 4.7441 0.5276, -12.4525 4.7441 1.2701, -10.3346 4.7441 0.9349, -12.5984 4.7441 3.7366, -12.5984 4.7441 1.4603, -12.5917 4.7441 1.4093, -9.8492 4.7441 1.4093, -9.8425 4.7441 1.4603, -9.8425 4.7441 3.7366, -12.5 2.5276 0.0394, -11.9203 2.5276 0.0394, -9.8622 2.5276 0.0394, -9.8622 2.5276 5.1575, -12.5 2.5276 5.1575, -6.2992 4.7441 3.9334, -6.5945 4.7441 3.9334, -6.5945 4.7441 4.2619, -8.6614 4.7441 1.2634, -8.3661 4.7441 1.2634, -8.3661 4.7441 0.9349, -6.1091 4.7441 3.7875, -6.1287 4.7441 3.835, -5.8858 4.7441 4.4331, -8.8006 4.7441 3.8758, -8.8319 4.7441 3.835, -8.9961 4.7441 4.4331, -8.8516 4.7441 3.7875, -8.8319 4.7441 1.3618, -8.8006 4.7441 1.3211, -8.9961 4.7441 0.7638, -8.7598 4.7441 1.2898, -8.7598 4.7441 0.5276, -8.7124 4.7441 1.2701, -8.3661 4.7441 3.9334, -8.6614 4.7441 3.9334, -8.7598 4.7441 4.6693, -8.7124 4.7441 3.9267, -8.7598 4.7441 3.9071, -6.122 4.7441 0.5276, -6.5945 4.7441 0.9349, -6.5945 4.7441 1.2634, -5.8858 4.7441 0.7638, -6.16 4.7441 1.3211, -6.1287 4.7441 1.3618, -6.2992 4.7441 1.2634, -6.2483 4.7441 1.2701, -6.2008 4.7441 1.2898, -6.16 4.7441 3.8758, -6.2008 4.7441 3.9071, -6.122 4.7441 4.6693, -6.2483 4.7441 3.9267, -8.8583 4.7441 3.7366, -8.8583 4.7441 1.4603, -8.8516 4.7441 1.4093, -6.1091 4.7441 1.4093, -6.1024 4.7441 1.4603, -6.1024 4.7441 3.7366, -8.3661 4.7441 4.2619, -6.122 2.5276 0.0394, -8.7598 2.5276 0.0394, -6.122 2.5276 5.1575, -8.7598 2.5276 5.1575, -2.5591 4.7441 3.9334, -2.8543 4.7441 3.9334, -2.8543 4.7441 4.2619, -4.9213 4.7441 1.2634, -4.626 4.7441 1.2634, -4.626 4.7441 0.9349, -2.4199 4.7441 1.3211, -2.3886 4.7441 1.3618, -2.1457 4.7441 0.7638, -2.1457 4.7441 4.4331, -2.3689 4.7441 3.7875, -2.3886 4.7441 3.835, -2.4199 4.7441 3.8758, -2.4606 4.7441 3.9071, -2.3819 4.7441 4.6693, -2.5081 4.7441 3.9267, -5.2559 4.7441 0.7638, -5.1114 4.7441 1.4093, -5.0917 4.7441 1.3618, -2.8543 4.7441 1.2634, -2.5591 4.7441 1.2634, -2.3819 4.7441 0.5276, -2.5081 4.7441 1.2701, -2.4606 4.7441 1.2898, -5.0605 4.7441 1.3211, -5.0197 4.7441 1.2898, -5.0197 4.7441 0.5276, -4.9722 4.7441 1.2701, -5.0197 4.7441 4.6693, -4.626 4.7441 4.2619, -4.626 4.7441 3.9334, -2.8543 4.7441 0.9349, -2.3689 4.7441 1.4093, -2.3622 4.7441 1.4603, -2.3622 4.7441 3.7366, -5.0067 4.7441 3.914, -5.2559 4.7441 4.4331, -4.9651 4.7441 3.9285, -4.9213 4.7441 3.9334, -5.044 4.7441 3.8905, -5.0752 4.7441 3.8593, -5.0986 4.7441 3.822, -5.1132 4.7441 3.7804, -5.1181 4.7441 3.7366, -5.1181 4.7441 1.4603, -2.3819 2.5276 0.0394, -5.0197 2.5276 0.0394, -2.3819 2.5276 5.1575, -5.0197 2.5276 5.1575, 1.1811 4.7441 3.9334, 0.8858 4.7441 3.9334, 0.8858 4.7441 4.2619, -1.1811 4.7441 1.2634, -0.8858 4.7441 1.2634, -0.8858 4.7441 0.9349, 1.3712 4.7441 3.7875, 1.3516 4.7441 3.835, 1.5945 4.7441 4.4331, 1.3203 4.7441 1.3211, 1.3516 4.7441 1.3618, 1.5945 4.7441 0.7638, -1.3516 4.7441 1.3618, -1.3203 4.7441 1.3211, -1.5157 4.7441 0.7638, -1.2795 4.7441 1.2898, -1.2795 4.7441 0.5276, -1.2321 4.7441 1.2701, 1.2321 4.7441 3.9267, 1.2795 4.7441 3.9071, 1.3203 4.7441 3.8758, 1.3583 4.7441 0.5276, 0.8858 4.7441 0.9349, 0.8858 4.7441 1.2634, 1.1811 4.7441 1.2634, 1.2321 4.7441 1.2701, 1.2795 4.7441 1.2898, 1.3712 4.7441 1.4093, 1.378 4.7441 1.4603, 1.378 4.7441 3.7366, -1.3038 4.7441 3.8905, -1.335 4.7441 3.8593, -1.5157 4.7441 4.4331, -1.3585 4.7441 3.822, -1.373 4.7441 3.7804, -1.2795 4.7441 4.6693, -0.8858 4.7441 4.2619, -0.8858 4.7441 3.9334, -1.378 4.7441 3.7366, -1.378 4.7441 1.4603, -1.3712 4.7441 1.4093, -1.1811 4.7441 3.9334, -1.2249 4.7441 3.9285, -1.2665 4.7441 3.914, 1.3583 2.5276 0.0394, -1.2795 2.5276 0.0394, -1.2795 2.5276 5.1575, 4.9213 4.7441 3.9334, 4.626 4.7441 3.9334, 4.626 4.7441 4.2619, 2.5591 4.7441 1.2634, 2.8543 4.7441 1.2634, 2.8543 4.7441 0.9349, 2.4199 4.7441 3.8758, 2.3886 4.7441 3.835, 2.2244 4.7441 4.4331, 2.3689 4.7441 3.7875, 2.8543 4.7441 3.9334, 2.5591 4.7441 3.9334, 2.5081 4.7441 3.9267, 2.4606 4.7441 3.9071, 2.3886 4.7441 1.3618, 2.4199 4.7441 1.3211, 2.2244 4.7441 0.7638, 2.4606 4.7441 1.2898, 2.4606 4.7441 0.5276, 2.5081 4.7441 1.2701, 5.0197 4.7441 1.2898, 5.3346 4.7441 0.7638, 4.9722 4.7441 1.2701, 5.0984 4.7441 0.5276, 4.9213 4.7441 1.2634, 4.626 4.7441 1.2634, 5.0917 4.7441 3.835, 5.0605 4.7441 3.8758, 5.3346 4.7441 4.4331, 5.0197 4.7441 3.9071, 4.9722 4.7441 3.9267, 4.626 4.7441 0.9349, 2.8543 4.7441 4.2619, 2.3622 4.7441 3.7366, 2.3622 4.7441 1.4603, 2.3689 4.7441 1.4093, 5.0605 4.7441 1.3211, 5.0917 4.7441 1.3618, 5.1114 4.7441 1.4093, 5.1181 4.7441 1.4603, 5.1181 4.7441 3.7366, 5.1114 4.7441 3.7875, 8.6614 4.7441 3.9334, 8.3661 4.7441 3.9334, 8.3661 4.7441 4.2619, 6.2992 4.7441 1.2634, 6.5945 4.7441 1.2634, 6.5945 4.7441 0.9349, 8.8516 4.7441 3.7875, 8.8319 4.7441 3.835, 9.0748 4.7441 4.4331, 8.8006 4.7441 1.3211, 8.8319 4.7441 1.3618, 9.0748 4.7441 0.7638, 6.5945 4.7441 3.9334, 6.2992 4.7441 3.9334, 6.2483 4.7441 3.9267, 5.9646 4.7441 4.4331, 6.2008 4.7441 3.9071, 6.16 4.7441 3.8758, 6.1287 4.7441 3.835, 6.1091 4.7441 3.7875, 6.1287 4.7441 1.3618, 6.16 4.7441 1.3211, 5.9646 4.7441 0.7638, 6.2008 4.7441 1.2898, 6.2008 4.7441 0.5276, 6.2483 4.7441 1.2701, 8.7124 4.7441 3.9267, 8.7598 4.7441 3.9071, 8.8006 4.7441 3.8758, 6.5945 4.7441 4.2619, 8.8386 4.7441 0.5276, 8.3661 4.7441 0.9349, 8.3661 4.7441 1.2634, 6.1024 4.7441 3.7366, 6.1024 4.7441 1.4603, 6.1091 4.7441 1.4093, 8.6614 4.7441 1.2634, 8.7124 4.7441 1.2701, 8.7598 4.7441 1.2898, 8.8516 4.7441 1.4093, 8.8583 4.7441 1.4603, 8.8583 4.7441 3.7366, 12.5787 4.7441 4.6693, 12.1063 4.7441 4.2619, 10.3346 4.7441 4.2619, 9.9409 4.7441 0.5276, 10.3346 4.7441 0.9349, 12.5787 4.7441 0.5276, 12.1063 4.7441 0.9349, 10.3346 4.7441 3.9334, 10.0394 4.7441 3.9334, 9.7047 4.7441 4.4331, 9.9409 4.7441 3.9071, 9.8689 4.7441 3.835, 10.3346 4.7441 1.2634, 10.0394 4.7441 1.2634, 9.9409 4.7441 1.2898, 9.7047 4.7441 0.7638, 12.5 4.7441 1.2898, 12.815 4.7441 0.7638, 12.4016 4.7441 1.2634, 12.1063 4.7441 1.2634, 12.1063 4.7441 3.9334, 12.4016 4.7441 3.9334, 12.5 4.7441 3.9071, 12.815 4.7441 4.4331, 12.5721 4.7441 3.835, 9.8425 4.7441 3.7366, 9.8425 4.7441 1.4603, 9.8689 4.7441 1.3618, 12.5721 4.7441 1.3618, 12.5984 4.7441 1.4603, 12.5984 4.7441 3.7366, 12.5787 2.5276 5.1575, 9.5866 7.6969 5.1575, 9.5866 1.5945 5.1575, 12.9331 1.5945 5.1575, 12.5787 7.6969 5.1575, 12.9331 7.6969 5.1575, 13.6654 8.2874 0.0394, 13.6811 8.2874 0.0394, 13.6654 7.6969 0.0394, 13.6811 2.5276 0.0394, 16.8898 2.5276 0.0394, 16.8898 1.5945 0.0394, 13.3268 1.5945 0.0394, 13.3268 7.6969 0.0394, 12.5787 8.2874 5.1378, 12.5787 8.2874 4.6693, 12.5787 7.6969 5.1378, -14.6549 4.7441 3.7393, -14.9606 4.7441 3.7795, -13.6024 4.7441 4.6693, -15.5512 4.7441 3.6213, -15.7958 4.7441 3.4336, -16.8898 4.7441 4.6693, -15.9835 4.7441 3.189, -15.2663 4.7441 3.7393, -15.9835 4.7441 2.0079, -15.7958 4.7441 1.7633, -16.8898 4.7441 0.5276, -16.1015 4.7441 2.9041, -16.1417 4.7441 2.5984, -16.1015 4.7441 2.2927, -13.9378 4.7441 2.0079, -13.8198 4.7441 2.2927, -13.3661 4.7441 0.7638, -13.7795 4.7441 2.5984, -13.3661 4.7441 4.4331, -13.8198 4.7441 2.9041, -13.9378 4.7441 3.189, -14.1255 4.7441 3.4336, -14.3701 4.7441 3.6213, -14.9606 4.7441 1.4173, -13.6024 4.7441 0.5276, -15.2663 4.7441 1.4576, -15.5512 4.7441 1.5756, -14.6549 4.7441 1.4576, -14.3701 4.7441 1.5756, -14.1255 4.7441 1.7633, -14.2276 1.5945 2.1752, -14.2804 1.5945 2.1063, -12.9626 1.5945 2.1063, -15.6937 1.5945 3.0217, -15.6408 1.5945 3.0906, -16.3484 1.5945 3.0906, 15.6937 1.5945 2.1752, 15.6408 1.5945 2.1063, 16.8898 1.5945 2.1063, 14.2276 1.5945 3.0217, 14.2804 1.5945 3.0906, 12.9626 1.5945 3.0906, -5.374 1.5945 4.9606, -5.6102 1.5945 4.9606, -5.6102 1.5945 3.0906, 9.1929 1.5945 0.2362, 9.3504 1.5945 0.2362, 9.3504 1.5945 2.1063, 14.7416 1.5945 3.416, 14.9606 1.5945 3.4449, 13.3268 1.5945 4.9606, 5.4528 1.5945 4.9606, 5.8465 1.5945 4.9606, 5.6102 1.5945 4.9606, 5.6102 1.5945 3.0906, 2.1063 1.5945 4.9606, 9.1929 1.5945 4.9606, 12.9626 1.5945 4.9606, 9.3504 1.5945 3.0906, 12.9331 1.5945 4.9606, 9.3504 1.5945 4.9606, 9.5866 1.5945 4.9606, 13.3268 1.5945 5.1575, 16.8898 1.5945 5.1575, 15.1797 1.5945 3.416, 14.3621 1.5945 3.197, 14.5374 1.5945 3.3315, 15.5592 1.5945 1.9999, 15.3839 1.5945 1.8654, 13.3268 1.5945 0.2362, 14.9606 1.5945 1.752, 15.1797 1.5945 1.7808, 12.9626 1.5945 0.2362, 12.9626 1.5945 2.1063, 12.9331 1.5945 0.2362, 9.5866 1.5945 0.2362, 5.8465 1.5945 0.2362, 2.1063 1.5945 0.2362, 5.6102 1.5945 2.1063, 1.8701 1.5945 0.2362, 1.8701 1.5945 2.1063, 1.7126 1.5945 0.2362, 5.6102 1.5945 0.2362, 5.4528 1.5945 0.2362, -1.6339 1.5945 0.2362, -1.6339 1.5945 0.0394, 1.7126 1.5945 0.0394, -5.374 1.5945 0.2362, -1.8701 1.5945 2.1063, -5.6102 1.5945 0.2362, -5.6102 1.5945 2.1063, -5.7677 1.5945 0.2362, -1.8701 1.5945 0.2362, -2.0276 1.5945 0.2362, -2.0276 1.5945 0.0394, -5.374 1.5945 0.0394, -9.1142 1.5945 0.2362, -9.1142 1.5945 0.0394, -5.7677 1.5945 0.0394, -12.9626 1.5945 0.2362, -9.3504 1.5945 2.1063, -12.8543 1.5945 0.2362, -11.9203 1.5945 0.0394, -9.5079 1.5945 0.0394, -9.5079 1.5945 0.2362, -12.8543 1.5945 0.0394, -9.3504 1.5945 0.2362, -14.3621 1.5945 1.9999, -13.248 1.5945 0.2362, -14.5374 1.5945 1.8654, -14.7416 1.5945 1.7808, -13.248 1.5945 0.0394, -14.9606 1.5945 1.752, -16.3484 1.5945 0.0394, -15.1797 1.5945 1.7808, -16.3484 1.5945 5.1575, -15.5592 1.5945 3.197, -15.3839 1.5945 3.3315, -15.1797 1.5945 3.416, -14.9606 1.5945 3.4449, -13.248 1.5945 5.1575, -13.248 1.5945 4.9606, -12.9626 1.5945 4.9606, -12.9626 1.5945 3.0906, -12.8543 1.5945 4.9606, -9.5079 1.5945 4.9606, -12.8543 1.5945 5.1575, -9.5079 1.5945 5.1575, -9.3504 1.5945 4.9606, -9.3504 1.5945 3.0906, -9.1142 1.5945 4.9606, -5.7677 1.5945 4.9606, -9.1142 1.5945 5.1575, -5.7677 1.5945 5.1575, -2.0276 1.5945 4.9606, -2.0276 1.5945 5.1575, -5.374 1.5945 5.1575, -1.8701 1.5945 4.9606, -1.8701 1.5945 3.0906, -1.6339 1.5945 4.9606, 1.7126 1.5945 4.9606, -1.6339 1.5945 5.1575, 1.7126 1.5945 5.1575, 14.7416 1.5945 1.7808, 14.5374 1.5945 1.8654, 14.3621 1.5945 1.9999, 14.2804 1.5945 2.1063, 14.2276 1.5945 2.1752, 14.143 1.5945 2.3793, 14.1142 1.5945 2.5984, 14.143 1.5945 2.8175, 15.3839 1.5945 3.3315, 15.5592 1.5945 3.197, 16.8898 1.5945 3.0906, 15.6408 1.5945 3.0906, 15.6937 1.5945 3.0217, 15.7782 1.5945 2.8175, 15.8071 1.5945 2.5984, 15.7782 1.5945 2.3793, -15.3839 1.5945 1.8654, -15.5592 1.5945 1.9999, -16.3484 1.5945 2.1063, -15.6408 1.5945 2.1063, -15.6937 1.5945 2.1752, -15.7782 1.5945 2.3793, -15.8071 1.5945 2.5984, -15.7782 1.5945 2.8175, -14.7416 1.5945 3.416, -14.5374 1.5945 3.3315, -14.3621 1.5945 3.197, -14.2804 1.5945 3.0906, -14.2276 1.5945 3.0217, -14.143 1.5945 2.8175, -14.1142 1.5945 2.5984, -14.143 1.5945 2.3793, -16.8898 1.5945 0.0394, -16.8898 1.5945 2.1063, -16.8898 1.5945 3.0906, -16.8898 1.5945 5.1575, -11.811 1.5945 2.7362, -10.6299 1.5945 2.7362, -11.811 1.5945 2.4606, -10.6299 1.5945 2.4606, -8.0709 1.5945 2.7362, -6.8898 1.5945 2.7362, -8.0709 1.5945 2.4606, -6.8898 1.5945 2.4606, -3.1496 1.5945 2.7362, -4.3307 1.5945 2.7362, -4.3307 1.5945 2.4606, -3.1496 1.5945 2.4606, -0.5906 1.5945 2.7362, 0.5906 1.5945 2.7362, -0.5906 1.5945 2.4606, 0.5906 1.5945 2.4606, 1.8701 1.5945 3.0906, 1.8701 1.5945 4.9606, 3.1496 1.5945 2.7362, 4.3307 1.5945 2.7362, 3.1496 1.5945 2.4606, 4.3307 1.5945 2.4606, 8.0709 1.5945 2.7362, 6.8898 1.5945 2.7362, 6.8898 1.5945 2.4606, 8.0709 1.5945 2.4606, 11.811 1.5945 2.4606, 10.6299 1.5945 2.4606, 11.811 1.5945 2.7362, 10.6299 1.5945 2.7362, 13.6654 7.6969 5.1575, 13.3268 7.6969 5.1575, 16.8898 2.5276 5.1575, 13.6811 2.5276 5.1575, 13.6811 8.2874 5.1575, 13.6654 8.2874 5.1575, -13.6024 2.5276 0.0394, -16.8898 2.5276 0.0394, -13.6024 2.5276 5.1575, -16.8898 2.5276 5.1575, 12.5787 8.2874 0.5276, 12.5787 8.2874 0.0591, 12.5787 7.6969 0.0591, 13.6654 8.2874 0.0591, 13.6654 8.2874 5.1378, 13.6811 8.2874 4.6693, 13.6811 8.2874 0.5276, 13.3268 8.2874 0.0591, 13.3268 8.2874 0.2362, 12.9331 8.2874 0.0591, 12.9331 8.2874 0.2362, 12.815 8.2874 0.7638, 13.4449 8.2874 0.7638, 13.4449 8.2874 4.4331, 12.815 8.2874 4.4331, 12.9331 8.2874 5.1378, 12.9331 8.2874 4.9606, 13.3268 8.2874 4.9606, 13.3268 8.2874 5.1378, 16.2402 4.7441 2.5984, 16.8898 4.7441 4.6693, 16.8898 4.7441 0.5276, 13.8525 4.7441 3.2382, 13.7247 4.7441 2.9296, 13.4449 4.7441 4.4331, 13.6811 4.7441 2.5984, 13.4449 4.7441 0.7638, 13.7247 4.7441 2.2673, 15.6004 4.7441 1.4903, 15.8654 4.7441 1.6937, 16.1966 4.7441 2.9296, 16.0687 4.7441 3.2382, 15.8654 4.7441 3.5032, 14.9606 4.7441 3.878, 13.6811 4.7441 4.6693, 15.2918 4.7441 3.8344, 15.6004 4.7441 3.7065, 14.6295 4.7441 3.8344, 14.3209 4.7441 3.7065, 14.0559 4.7441 3.5032, 16.0687 4.7441 1.9587, 16.1966 4.7441 2.2673, 14.3209 4.7441 1.4903, 13.6811 4.7441 0.5276, 14.0559 4.7441 1.6937, 13.8525 4.7441 1.9587, 14.6295 4.7441 1.3625, 14.9606 4.7441 1.3189, 15.2918 4.7441 1.3625, 12.9331 7.6969 5.1378, 13.3268 7.6969 5.1378, 13.3268 7.6969 0.0591, 12.9331 7.6969 0.0591, 8.8386 8.2874 0.5276, 8.8386 8.2874 0.0591, 8.8386 7.6969 0.0591, 9.9409 8.2874 0.0591, 9.9409 8.2874 0.5276, 9.9409 7.6969 0.0591, 9.5866 8.2874 4.9606, 9.5866 8.2874 5.1378, 9.1929 8.2874 0.0591, 9.1929 8.2874 0.2362, 9.5866 8.2874 0.2362, 9.5866 8.2874 0.0591, 9.7047 8.2874 0.7638, 9.0748 8.2874 0.7638, 9.7047 8.2874 4.4331, 9.0748 8.2874 4.4331, 9.1929 8.2874 5.1378, 9.1929 8.2874 4.9606, 5.0984 8.2874 0.5276, 5.0984 8.2874 0.0591, 5.0984 7.6969 0.0591, 6.2008 8.2874 0.0591, 6.2008 8.2874 0.5276, 6.2008 7.6969 0.0591, 5.8465 8.2874 4.9606, 5.8465 8.2874 5.1378, 5.4528 8.2874 0.0591, 5.4528 8.2874 0.2362, 5.8465 8.2874 0.2362, 5.8465 8.2874 0.0591, 5.9646 8.2874 0.7638, 5.3346 8.2874 0.7638, 5.9646 8.2874 4.4331, 5.3346 8.2874 4.4331, 5.4528 8.2874 5.1378, 5.4528 8.2874 4.9606, 1.3583 8.2874 0.5276, 1.3583 8.2874 0.0591, 1.3583 7.6969 0.0591, 1.3583 7.6969 0.0394, 2.4606 8.2874 0.0591, 2.4606 8.2874 0.5276, 2.4606 7.6969 0.0591, 2.1063 8.2874 4.9606, 2.1063 8.2874 5.1378, 1.7126 8.2874 0.0591, 1.7126 8.2874 0.2362, 2.1063 8.2874 0.2362, 2.1063 8.2874 0.0591, 2.2244 8.2874 0.7638, 1.5945 8.2874 0.7638, 2.2244 8.2874 4.4331, 1.5945 8.2874 4.4331, 1.7126 8.2874 5.1378, 1.7126 8.2874 4.9606, -13.3661 8.2874 4.4331, -13.6024 8.2874 4.6693, -13.3661 8.2874 0.7638, -13.6024 8.2874 0.5276, -12.5 8.2874 4.6693, -12.7362 8.2874 4.4331, -12.7362 8.2874 0.7638, -12.5 8.2874 0.5276, -8.7598 8.2874 4.6693, -8.9961 8.2874 4.4331, -8.9961 8.2874 0.7638, -8.7598 8.2874 0.5276, -9.626 8.2874 4.4331, -9.8622 8.2874 4.6693, -9.626 8.2874 0.7638, -9.8622 8.2874 0.5276, -5.0197 8.2874 4.6693, -5.2559 8.2874 4.4331, -5.2559 8.2874 0.7638, -5.0197 8.2874 0.5276, -5.8858 8.2874 4.4331, -6.122 8.2874 4.6693, -5.8858 8.2874 0.7638, -6.122 8.2874 0.5276, -1.2795 8.2874 4.6693, -1.5157 8.2874 4.4331, -1.5157 8.2874 0.7638, -1.2795 8.2874 0.5276, -2.1457 8.2874 4.4331, -2.3819 8.2874 4.6693, -2.1457 8.2874 0.7638, -2.3819 8.2874 0.5276, -12.8543 8.2874 0.2362, -13.248 8.2874 0.2362, -13.248 8.2874 4.9606, -12.8543 8.2874 4.9606, -9.5079 8.2874 4.9606, -9.1142 8.2874 4.9606, -9.1142 8.2874 0.2362, -9.5079 8.2874 0.2362, -5.7677 8.2874 4.9606, -5.374 8.2874 4.9606, -5.374 8.2874 0.2362, -5.7677 8.2874 0.2362, -2.0276 8.2874 4.9606, -1.6339 8.2874 4.9606, -1.6339 8.2874 0.2362, -2.0276 8.2874 0.2362, 2.1063 7.6969 0.0591, 1.7126 7.6969 0.0591, 1.7126 7.6969 0.0394, 1.7126 7.6969 5.1378, 1.7126 7.6969 5.1575, 2.1063 7.6969 5.1378, 5.4528 7.6969 5.1378, 5.8465 7.6969 5.1378, 5.8465 7.6969 0.0591, 5.4528 7.6969 0.0591, 9.5866 7.6969 0.0591, 9.1929 7.6969 0.0591, 9.1929 7.6969 5.1378, 9.5866 7.6969 5.1378
            ]
        }
        coordIndex [
            0,1,2,-1,2,1,3,-1,2,3,4,-1,4,3,5,-1,4,5,6,-1,6,5,7,-1,8,9,10,-1,10,9,11,-1,10,11,12,-1,12,11,13,-1,12,13,14,-1,14,13,15,-1,16,17,18,-1,18,17,19,-1,18,19,20,-1,20,19,21,-1,20,21,22,-1,22,21,23,-1,24,25,26,-1,26,25,27,-1,26,27,28,-1,28,27,29,-1,28,29,30,-1,30,29,31,-1,32,33,34,-1,34,33,35,-1,34,35,36,-1,36,35,37,-1,36,37,38,-1,38,37,39,-1,40,41,42,-1,42,41,43,-1,42,43,6,-1,6,43,4,-1,44,45,46,-1,47,48,46,-1,46,48,49,-1,46,49,44,-1,50,51,52,-1,52,51,53,-1,52,53,14,-1,14,53,12,-1,54,55,56,-1,0,2,56,-1,56,2,57,-1,56,57,54,-1,58,59,60,-1,60,59,61,-1,60,61,62,-1,62,61,63,-1,64,65,66,-1,8,10,66,-1,66,10,67,-1,66,67,64,-1,68,69,70,-1,71,72,73,-1,74,75,76,-1,77,78,79,-1,79,78,80,-1,79,80,81,-1,81,80,82,-1,77,83,78,-1,78,83,84,-1,78,84,85,-1,86,87,88,-1,75,89,76,-1,76,89,90,-1,76,90,91,-1,91,90,92,-1,93,94,95,-1,95,94,96,-1,95,96,88,-1,88,96,97,-1,88,97,86,-1,92,68,91,-1,91,68,70,-1,91,70,80,-1,80,70,98,-1,80,98,82,-1,99,100,101,-1,101,100,102,-1,101,102,103,-1,103,102,104,-1,104,71,103,-1,103,71,73,-1,103,73,95,-1,95,73,105,-1,95,105,93,-1,85,106,78,-1,78,106,107,-1,78,107,101,-1,101,107,108,-1,101,108,99,-1,87,109,88,-1,88,109,110,-1,88,110,76,-1,76,110,111,-1,76,111,74,-1,112,103,113,-1,113,103,95,-1,113,95,114,-1,115,91,116,-1,116,91,80,-1,117,118,119,-1,120,121,122,-1,123,124,125,-1,126,127,128,-1,128,127,129,-1,130,131,132,-1,132,131,133,-1,132,133,134,-1,134,133,135,-1,136,137,138,-1,138,137,139,-1,138,139,128,-1,128,139,140,-1,128,140,126,-1,135,120,134,-1,134,120,122,-1,134,122,141,-1,141,122,142,-1,141,142,143,-1,144,145,146,-1,143,147,141,-1,141,147,148,-1,141,148,144,-1,144,148,149,-1,144,149,145,-1,124,150,125,-1,125,150,151,-1,125,151,152,-1,152,151,153,-1,129,154,128,-1,128,154,155,-1,128,155,132,-1,132,155,156,-1,132,156,130,-1,146,157,144,-1,144,157,158,-1,144,158,125,-1,125,158,159,-1,125,159,123,-1,153,117,152,-1,152,117,119,-1,152,119,138,-1,138,119,160,-1,138,160,136,-1,141,161,134,-1,134,161,162,-1,163,152,164,-1,164,152,138,-1,165,166,167,-1,168,169,170,-1,171,172,173,-1,174,175,176,-1,176,177,174,-1,174,177,178,-1,174,178,179,-1,179,178,180,-1,181,182,183,-1,184,185,186,-1,186,185,187,-1,186,187,173,-1,173,187,188,-1,173,188,171,-1,183,189,181,-1,181,189,190,-1,181,190,191,-1,191,190,192,-1,180,165,179,-1,179,165,167,-1,179,167,193,-1,193,167,194,-1,193,194,195,-1,192,168,191,-1,191,168,170,-1,191,170,186,-1,186,170,196,-1,186,196,184,-1,172,197,173,-1,173,197,198,-1,173,198,174,-1,174,198,199,-1,174,199,175,-1,200,201,202,-1,202,201,193,-1,202,193,203,-1,203,193,195,-1,200,204,201,-1,201,204,205,-1,201,205,206,-1,206,207,201,-1,201,207,208,-1,201,208,181,-1,181,208,209,-1,181,209,182,-1,186,210,191,-1,191,210,211,-1,212,179,213,-1,213,179,193,-1,214,215,216,-1,217,218,219,-1,220,221,222,-1,223,224,225,-1,226,227,228,-1,228,227,229,-1,228,229,230,-1,230,229,231,-1,232,61,233,-1,233,61,222,-1,233,222,234,-1,234,222,221,-1,231,217,230,-1,230,217,219,-1,230,219,235,-1,235,219,236,-1,235,236,237,-1,237,238,235,-1,235,238,239,-1,235,239,225,-1,225,239,240,-1,225,240,223,-1,224,241,225,-1,225,241,242,-1,225,242,222,-1,222,242,243,-1,222,243,220,-1,244,245,246,-1,246,245,247,-1,246,247,248,-1,232,214,61,-1,61,214,216,-1,61,216,249,-1,249,216,250,-1,249,250,251,-1,248,252,246,-1,246,252,253,-1,246,253,228,-1,228,253,254,-1,228,254,226,-1,251,255,249,-1,249,255,256,-1,249,256,246,-1,246,256,257,-1,246,257,244,-1,235,258,230,-1,230,258,259,-1,63,61,260,-1,260,61,249,-1,261,262,263,-1,264,265,266,-1,267,268,269,-1,269,268,270,-1,271,272,67,-1,67,272,273,-1,67,273,269,-1,269,273,274,-1,269,274,267,-1,275,276,277,-1,277,276,278,-1,277,278,279,-1,279,278,280,-1,281,282,283,-1,283,282,284,-1,283,284,285,-1,285,284,286,-1,287,288,289,-1,289,288,290,-1,289,290,53,-1,53,290,291,-1,280,264,279,-1,279,264,266,-1,279,266,284,-1,284,266,292,-1,284,292,286,-1,291,261,53,-1,53,261,263,-1,53,263,67,-1,67,263,293,-1,67,293,271,-1,270,294,269,-1,269,294,295,-1,269,295,277,-1,277,295,296,-1,277,296,275,-1,281,297,282,-1,282,297,298,-1,282,298,299,-1,299,300,282,-1,282,300,301,-1,282,301,289,-1,289,301,302,-1,289,302,287,-1,284,26,279,-1,279,26,28,-1,12,53,10,-1,10,53,67,-1,303,304,305,-1,306,307,308,-1,309,310,311,-1,312,313,314,-1,315,316,57,-1,57,316,317,-1,57,317,318,-1,318,317,319,-1,319,320,318,-1,318,320,321,-1,318,321,322,-1,323,324,325,-1,325,324,326,-1,325,326,327,-1,327,326,328,-1,329,43,330,-1,330,43,311,-1,330,311,331,-1,331,311,310,-1,329,303,43,-1,43,303,305,-1,43,305,57,-1,57,305,332,-1,57,332,315,-1,328,306,327,-1,327,306,308,-1,327,308,333,-1,333,308,334,-1,333,334,335,-1,322,336,318,-1,318,336,337,-1,318,337,325,-1,325,337,338,-1,325,338,323,-1,335,339,333,-1,333,339,340,-1,333,340,314,-1,314,340,341,-1,314,341,312,-1,313,342,314,-1,314,342,343,-1,314,343,311,-1,311,343,344,-1,311,344,309,-1,333,18,327,-1,327,18,20,-1,4,43,2,-1,2,43,57,-1,345,346,49,-1,49,346,347,-1,348,349,350,-1,350,349,351,-1,347,352,49,-1,49,352,353,-1,49,353,354,-1,354,353,355,-1,354,355,356,-1,357,349,358,-1,358,349,348,-1,358,348,359,-1,359,348,360,-1,361,362,363,-1,363,362,350,-1,363,350,364,-1,364,350,351,-1,365,346,366,-1,366,346,345,-1,366,345,367,-1,367,345,368,-1,367,368,369,-1,356,370,354,-1,354,370,371,-1,354,371,360,-1,360,371,372,-1,360,372,359,-1,361,373,362,-1,362,373,374,-1,362,374,368,-1,368,374,375,-1,368,375,369,-1,350,34,348,-1,348,34,36,-1,376,345,48,-1,48,345,49,-1,47,377,48,-1,48,377,378,-1,48,378,376,-1,376,378,379,-1,376,379,380,-1,380,379,381,-1,382,383,384,-1,384,383,385,-1,386,387,385,-1,385,387,388,-1,385,388,384,-1,384,388,389,-1,390,391,392,-1,392,391,345,-1,392,345,380,-1,380,345,376,-1,393,394,395,-1,396,397,398,-1,398,397,399,-1,395,394,398,-1,398,394,400,-1,398,400,396,-1,401,402,403,-1,399,404,398,-1,398,404,405,-1,398,405,403,-1,403,405,406,-1,403,406,401,-1,407,408,409,-1,409,408,410,-1,409,410,411,-1,411,410,412,-1,412,413,411,-1,411,413,414,-1,411,414,395,-1,395,414,415,-1,395,415,393,-1,416,417,418,-1,418,417,403,-1,418,403,419,-1,419,403,402,-1,416,420,417,-1,417,420,421,-1,417,421,409,-1,409,421,422,-1,409,422,407,-1,423,424,425,-1,426,427,428,-1,429,430,431,-1,432,433,434,-1,435,436,437,-1,438,439,440,-1,441,442,443,-1,444,13,11,-1,445,446,447,-1,447,446,444,-1,447,444,448,-1,448,444,11,-1,449,5,3,-1,434,450,451,-1,451,450,452,-1,3,445,449,-1,449,445,447,-1,449,447,453,-1,453,447,451,-1,453,451,454,-1,454,451,452,-1,454,452,378,-1,378,452,379,-1,455,443,456,-1,456,443,442,-1,456,442,457,-1,434,433,450,-1,450,433,458,-1,450,458,443,-1,443,458,459,-1,443,459,441,-1,431,430,387,-1,387,430,460,-1,387,460,461,-1,462,388,463,-1,463,388,387,-1,463,387,464,-1,464,387,461,-1,465,466,467,-1,467,466,468,-1,467,468,35,-1,35,468,37,-1,469,21,19,-1,470,471,472,-1,472,471,473,-1,472,473,474,-1,19,438,469,-1,469,438,440,-1,469,440,475,-1,475,440,471,-1,475,471,476,-1,476,471,470,-1,476,470,27,-1,27,470,29,-1,477,478,479,-1,480,481,482,-1,482,481,483,-1,482,483,484,-1,479,474,477,-1,477,474,473,-1,477,473,485,-1,485,473,481,-1,485,481,486,-1,486,481,480,-1,486,480,487,-1,487,480,488,-1,489,490,491,-1,425,492,493,-1,493,492,494,-1,495,496,497,-1,498,495,494,-1,494,495,497,-1,494,497,493,-1,493,497,499,-1,493,499,483,-1,483,499,489,-1,483,489,484,-1,484,489,491,-1,425,424,492,-1,492,424,500,-1,492,500,501,-1,500,502,501,-1,501,502,503,-1,501,503,504,-1,504,503,505,-1,504,505,506,-1,506,505,507,-1,428,427,508,-1,508,427,509,-1,508,509,510,-1,510,511,508,-1,508,511,512,-1,508,512,513,-1,513,512,514,-1,515,516,517,-1,517,516,518,-1,517,518,519,-1,519,518,520,-1,521,522,523,-1,523,522,524,-1,523,524,525,-1,525,524,526,-1,527,528,529,-1,529,435,527,-1,527,435,437,-1,527,437,530,-1,530,437,531,-1,530,531,532,-1,532,531,533,-1,532,533,534,-1,534,533,535,-1,463,536,462,-1,462,536,537,-1,462,537,465,-1,465,537,538,-1,465,538,466,-1,466,538,539,-1,466,539,540,-1,540,541,466,-1,466,541,542,-1,466,542,434,-1,434,542,543,-1,434,543,432,-1,457,544,456,-1,456,544,545,-1,456,545,546,-1,546,545,547,-1,546,547,548,-1,548,549,546,-1,546,549,550,-1,546,550,431,-1,431,550,551,-1,431,551,429,-1,507,552,506,-1,506,552,553,-1,506,553,554,-1,554,553,555,-1,554,555,556,-1,556,557,554,-1,554,557,558,-1,554,558,428,-1,428,558,559,-1,428,559,426,-1,512,560,514,-1,514,560,561,-1,514,561,515,-1,515,561,562,-1,515,562,516,-1,516,562,563,-1,516,563,564,-1,564,565,516,-1,516,565,566,-1,516,566,425,-1,425,566,567,-1,425,567,423,-1,568,506,569,-1,569,506,554,-1,569,554,570,-1,570,554,428,-1,570,428,571,-1,571,428,508,-1,516,572,573,-1,572,516,574,-1,574,516,425,-1,574,425,575,-1,575,425,493,-1,575,493,573,-1,573,493,522,-1,573,522,516,-1,516,522,521,-1,516,521,518,-1,522,576,577,-1,576,522,578,-1,578,522,493,-1,578,493,579,-1,579,493,483,-1,579,483,577,-1,577,483,437,-1,577,437,522,-1,522,437,436,-1,522,436,524,-1,580,531,581,-1,581,531,437,-1,581,437,582,-1,582,437,483,-1,582,483,583,-1,583,483,481,-1,583,481,580,-1,580,481,531,-1,531,584,585,-1,584,531,586,-1,586,531,481,-1,586,481,587,-1,587,481,473,-1,587,473,585,-1,585,473,588,-1,585,588,531,-1,531,588,589,-1,531,589,533,-1,588,590,591,-1,590,588,592,-1,592,588,473,-1,592,473,593,-1,593,473,471,-1,593,471,591,-1,591,471,447,-1,591,447,588,-1,588,447,448,-1,588,448,589,-1,594,451,595,-1,595,451,447,-1,595,447,596,-1,596,447,471,-1,596,471,597,-1,597,471,440,-1,597,440,594,-1,594,440,451,-1,466,598,599,-1,598,466,600,-1,600,466,434,-1,600,434,601,-1,601,434,451,-1,601,451,599,-1,599,451,440,-1,599,440,466,-1,466,440,439,-1,466,439,468,-1,602,603,455,-1,456,604,455,-1,455,604,605,-1,455,605,602,-1,602,605,606,-1,602,606,607,-1,608,609,417,-1,417,609,403,-1,395,398,610,-1,610,398,611,-1,612,613,614,-1,32,34,614,-1,614,34,350,-1,614,350,612,-1,383,382,615,-1,607,606,616,-1,616,606,617,-1,383,615,618,-1,618,615,619,-1,618,619,620,-1,621,613,622,-1,622,613,612,-1,622,612,620,-1,620,612,623,-1,620,623,618,-1,618,623,624,-1,624,623,625,-1,625,623,626,-1,625,626,617,-1,390,627,391,-1,391,627,628,-1,391,628,626,-1,626,628,629,-1,626,629,617,-1,617,629,630,-1,617,630,616,-1,631,632,633,-1,634,635,636,-1,636,635,637,-1,636,637,638,-1,638,637,639,-1,640,641,633,-1,631,642,632,-1,632,642,643,-1,632,643,644,-1,645,646,647,-1,647,646,632,-1,647,632,648,-1,648,632,644,-1,645,649,646,-1,646,649,650,-1,646,650,636,-1,636,650,651,-1,636,651,634,-1,641,652,633,-1,633,652,653,-1,633,653,631,-1,654,655,656,-1,656,655,638,-1,656,638,657,-1,657,638,639,-1,654,658,655,-1,655,658,659,-1,655,659,633,-1,633,659,660,-1,633,660,640,-1,617,646,625,-1,625,646,636,-1,624,638,618,-1,618,638,655,-1,625,636,624,-1,624,636,638,-1,626,368,391,-1,391,368,345,-1,623,362,626,-1,626,362,368,-1,612,350,623,-1,623,350,362,-1,628,627,661,-1,381,379,661,-1,661,379,452,-1,661,452,628,-1,452,443,628,-1,628,443,629,-1,630,629,662,-1,662,629,443,-1,662,443,603,-1,603,443,455,-1,620,619,663,-1,389,388,663,-1,663,388,462,-1,663,462,620,-1,621,622,664,-1,664,622,467,-1,664,467,33,-1,33,467,35,-1,462,467,620,-1,620,467,622,-1,665,666,667,-1,16,18,667,-1,667,18,333,-1,667,333,665,-1,668,669,670,-1,670,669,348,-1,670,348,38,-1,38,348,36,-1,671,672,45,-1,673,666,674,-1,674,666,665,-1,674,665,675,-1,668,676,669,-1,669,676,675,-1,669,675,677,-1,675,665,677,-1,677,665,678,-1,677,678,679,-1,679,678,680,-1,679,680,44,-1,40,681,41,-1,41,681,682,-1,41,682,680,-1,680,682,671,-1,680,671,44,-1,44,671,45,-1,683,684,685,-1,24,26,685,-1,685,26,284,-1,685,284,683,-1,686,687,688,-1,688,687,327,-1,688,327,22,-1,22,327,20,-1,689,690,55,-1,691,684,692,-1,692,684,683,-1,692,683,693,-1,686,694,687,-1,687,694,693,-1,687,693,695,-1,693,683,695,-1,695,683,696,-1,695,696,697,-1,697,696,698,-1,697,698,54,-1,50,699,51,-1,51,699,700,-1,51,700,698,-1,698,700,689,-1,698,689,54,-1,54,689,55,-1,701,702,703,-1,704,258,703,-1,703,258,235,-1,703,235,701,-1,705,706,707,-1,707,706,279,-1,707,279,30,-1,30,279,28,-1,708,709,65,-1,710,702,711,-1,711,702,701,-1,711,701,712,-1,705,713,706,-1,706,713,712,-1,706,712,714,-1,712,701,714,-1,714,701,715,-1,714,715,716,-1,716,715,717,-1,716,717,64,-1,58,718,59,-1,59,718,719,-1,59,719,717,-1,717,719,708,-1,717,708,64,-1,64,708,65,-1,720,411,721,-1,721,411,395,-1,722,409,720,-1,720,409,411,-1,723,417,722,-1,722,417,409,-1,724,80,725,-1,725,80,78,-1,726,101,727,-1,727,101,103,-1,725,78,726,-1,726,78,101,-1,728,138,729,-1,729,138,128,-1,730,132,731,-1,731,132,134,-1,729,128,730,-1,730,128,132,-1,732,76,733,-1,733,76,91,-1,734,88,732,-1,732,88,76,-1,735,95,734,-1,734,95,88,-1,736,193,737,-1,737,193,201,-1,738,181,739,-1,739,181,191,-1,737,201,738,-1,738,201,181,-1,740,125,741,-1,741,125,152,-1,742,144,740,-1,740,144,125,-1,743,141,742,-1,742,141,144,-1,744,249,745,-1,745,249,246,-1,746,228,747,-1,747,228,230,-1,745,246,746,-1,746,246,228,-1,748,174,749,-1,749,174,179,-1,750,173,748,-1,748,173,174,-1,751,186,750,-1,750,186,173,-1,717,222,59,-1,59,222,61,-1,715,225,717,-1,717,225,222,-1,701,235,715,-1,715,235,225,-1,64,67,716,-1,716,67,269,-1,714,277,706,-1,706,277,279,-1,716,269,714,-1,714,269,277,-1,54,57,697,-1,697,57,318,-1,695,325,687,-1,687,325,327,-1,697,318,695,-1,695,318,325,-1,698,289,51,-1,51,289,53,-1,696,282,698,-1,698,282,289,-1,683,284,696,-1,696,284,282,-1,680,311,41,-1,41,311,43,-1,678,314,680,-1,680,314,311,-1,665,333,678,-1,678,333,314,-1,44,49,679,-1,679,49,354,-1,677,360,669,-1,669,360,348,-1,679,354,677,-1,677,354,360,-1,494,501,752,-1,752,501,753,-1,514,517,754,-1,754,517,755,-1,518,523,756,-1,756,523,757,-1,489,497,758,-1,758,497,759,-1,524,435,760,-1,760,435,761,-1,480,484,762,-1,762,484,763,-1,527,532,764,-1,764,532,765,-1,477,486,766,-1,766,486,767,-1,712,713,768,-1,31,29,768,-1,768,29,470,-1,768,470,712,-1,710,711,769,-1,769,711,474,-1,769,474,770,-1,770,474,479,-1,470,474,712,-1,712,474,711,-1,719,718,771,-1,772,535,771,-1,771,535,533,-1,771,533,719,-1,533,448,719,-1,719,448,708,-1,709,708,773,-1,773,708,448,-1,773,448,9,-1,9,448,11,-1,700,699,774,-1,15,13,774,-1,774,13,444,-1,774,444,700,-1,444,445,700,-1,700,445,689,-1,690,689,775,-1,775,689,445,-1,775,445,1,-1,1,445,3,-1,693,694,776,-1,23,21,776,-1,776,21,469,-1,776,469,693,-1,691,692,777,-1,777,692,476,-1,777,476,25,-1,25,476,27,-1,469,476,693,-1,693,476,692,-1,675,676,778,-1,39,37,778,-1,778,37,468,-1,778,468,675,-1,673,674,779,-1,779,674,438,-1,779,438,17,-1,17,438,19,-1,468,438,675,-1,675,438,674,-1,682,681,780,-1,7,5,780,-1,780,5,449,-1,780,449,682,-1,449,454,682,-1,682,454,671,-1,672,671,781,-1,781,671,454,-1,781,454,377,-1,377,454,378,-1,
        ]
    }
}
Shape{
    appearance Appearance {
        material  Material 	{
            diffuseColor 0.7529411764705882 0.7529411764705882 0.7529411764705882
            specularColor 0.3764705882352941 0.3764705882352941 0.3764705882352941
            ambientIntensity 0.7529
            transparency 0.0
            shininess 0.5
        }
    }
    geometry IndexedFaceSet {
        ccw TRUE
        solid FALSE
        coord DEF co Coordinate {
            point [
                -12.5159 2.287 0.0787, -12.521 2.287 0.0787, -12.5159 2.287 0.0394, -12.521 2.287 0.0394, -12.7027 1.8933 0.0787, -12.7027 1.8933 0.0394, -12.6643 1.8933 0.0787, -12.6643 1.8933 0.0394, -12.6061 2.0195 0.0787, -12.6061 2.0195 0.0394, -12.4276 2.0195 0.0787, -12.4276 2.0195 0.0394, -12.3677 1.8933 0.0787, -12.3677 1.8933 0.0394, -12.3292 1.8933 0.0787, -12.3292 1.8933 0.0394, -12.5875 2.0599 0.0787, -12.4468 2.0599 0.0787, -12.5181 2.2103 0.0787, -12.5875 2.0599 0.0394, -12.5181 2.2103 0.0394, -12.4468 2.0599 0.0394, -12.0777 1.8933 0.0787, -11.9557 1.8933 0.0787, -12.0777 1.8933 0.0394, -11.9557 1.8933 0.0394, -11.9557 2.287 0.0787, -11.9557 2.287 0.0394, -12.0352 2.287 0.0787, -12.0352 2.287 0.0394, -12.1601 2.2728 0.0787, -12.1601 2.2728 0.0394, -12.0982 2.2846 0.0394, -12.0982 2.2846 0.0787, -12.2787 2.0852 0.0787, -12.2787 2.0852 0.0394, -12.2713 2.1471 0.0394, -12.2713 2.1471 0.0787, -12.231 2.2251 0.0394, -12.231 2.2251 0.0787, -12.1202 1.8955 0.0394, -12.1202 1.8955 0.0787, -12.1995 1.9209 0.0394, -12.1995 1.9209 0.0787, -12.2565 1.9862 0.0394, -12.2565 1.9862 0.0787, -12.2371 2.0362 0.0787, -12.205 1.9786 0.0787, -12.1487 1.9437 0.0787, -12.0928 1.9353 0.0787, -12.0362 1.9337 0.0787, -11.991 1.9337 0.0787, -11.991 2.2466 0.0787, -12.0187 2.2466 0.0787, -12.0795 2.2448 0.0787, -12.1397 2.2356 0.0787, -12.1832 2.2146 0.0787, -12.2261 2.1639 0.0787, -12.2434 2.0853 0.0787, -11.991 2.2466 0.0394, -11.991 1.9337 0.0394, -12.0187 2.2466 0.0394, -12.0795 2.2448 0.0394, -12.1397 2.2356 0.0394, -12.1832 2.2146 0.0394, -12.2261 2.1639 0.0394, -12.2434 2.0853 0.0394, -12.2371 2.0362 0.0394, -12.205 1.9786 0.0394, -12.1487 1.9437 0.0394, -12.0928 1.9353 0.0394, -12.0362 1.9337 0.0394, -11.6629 1.8933 0.0787, -11.6629 2.287 0.0787, -11.6629 1.8933 0.0394, -11.6629 2.287 0.0394, -11.885 2.287 0.0787, -11.885 2.287 0.0394, -11.885 2.2466 0.0787, -11.885 2.2466 0.0394, -11.6982 2.2466 0.0787, -11.6982 2.2466 0.0394, -11.6982 2.1255 0.0787, -11.6982 2.1255 0.0394, -11.885 2.1255 0.0787, -11.885 2.1255 0.0394, -11.885 2.0851 0.0787, -11.885 2.0851 0.0394, -11.6982 2.0851 0.0787, -11.6982 2.0851 0.0394, -11.6982 1.9337 0.0787, -11.6982 1.9337 0.0394, -11.885 1.9337 0.0787, -11.885 1.9337 0.0394, -11.885 1.8933 0.0787, -11.885 1.8933 0.0394, -11.5821 2.2148 0.0787, -11.5821 2.2148 0.0394, -11.5698 2.2302 0.0394, -11.5698 2.2302 0.0787, -11.5468 2.2519 0.0394, -11.5468 2.2519 0.0787, -11.5065 2.2769 0.0394, -11.5065 2.2769 0.0787, -11.4104 2.2971 0.0394, -11.4104 2.2971 0.0787, -11.5512 2.1911 0.0787, -11.5512 2.1911 0.0394, -11.4082 2.2567 0.0787, -11.4082 2.2567 0.0394, -11.4245 2.2561 0.0394, -11.4245 2.2561 0.0787, -11.4503 2.2525 0.0394, -11.4503 2.2525 0.0787, -11.4874 2.2405 0.0394, -11.4874 2.2405 0.0787, -11.2339 2.0898 0.0787, -11.2339 2.0898 0.0394, -11.2345 2.1056 0.0394, -11.2345 2.1056 0.0787, -11.2599 2.1801 0.0394, -11.2599 2.1801 0.0787, -11.3209 2.2351 0.0394, -11.3209 2.2351 0.0787, -11.4106 1.9236 0.0787, -11.4106 1.9236 0.0394, -11.3858 1.9249 0.0394, -11.3858 1.9249 0.0787, -11.3085 1.9517 0.0394, -11.3085 1.9517 0.0787, -11.2543 2.0086 0.0394, -11.2543 2.0086 0.0787, -11.5512 1.9892 0.0787, -11.5512 1.9892 0.0394, -11.4884 1.9403 0.0394, -11.4884 1.9403 0.0787, -11.5821 1.9658 0.0787, -11.5821 1.9658 0.0394, -11.4108 1.8832 0.0787, -11.4108 1.8832 0.0394, -11.4306 1.8839 0.0394, -11.4306 1.8839 0.0787, -11.4606 1.8883 0.0394, -11.4618 1.8884 0.0787, -11.4618 1.8884 0.0394, -11.5066 1.9037 0.0394, -11.5066 1.9037 0.0787, -11.2485 1.9521 0.0787, -11.2485 1.9521 0.0394, -11.2609 1.9388 0.0394, -11.2609 1.9388 0.0787, -11.2834 1.9202 0.0394, -11.2834 1.9202 0.0787, -11.3217 1.8992 0.0394, -11.3217 1.8992 0.0787, -11.3827 1.8883 0.0394, -11.1985 2.0924 0.0787, -11.1985 2.0924 0.0394, -11.2105 2.0176 0.0394, -11.2105 2.0176 0.0787, -11.393 2.2965 0.0394, -11.393 2.2965 0.0787, -11.2912 2.264 0.0394, -11.2912 2.264 0.0787, -11.2239 2.193 0.0394, -11.2239 2.193 0.0787, -10.9664 1.8933 0.0787, -10.9664 2.287 0.0787, -10.9664 1.8933 0.0394, -10.9664 2.287 0.0394, -11.0017 2.287 0.0787, -11.0017 2.287 0.0394, -11.0017 1.9337 0.0787, -11.0017 1.9337 0.0394, -11.1531 1.9337 0.0787, -11.1531 1.9337 0.0394, -11.1531 1.8933 0.0787, -11.1531 1.8933 0.0394
            ]
        }
        coordIndex [
            0,1,2,-1,2,1,3,-1,1,4,3,-1,3,4,5,-1,4,6,5,-1,5,6,7,-1,6,8,7,-1,7,8,9,-1,8,10,9,-1,9,10,11,-1,10,12,11,-1,11,12,13,-1,12,14,13,-1,13,14,15,-1,14,0,15,-1,15,0,2,-1,16,4,1,-1,0,17,1,-1,1,17,18,-1,1,18,16,-1,14,12,10,-1,6,4,8,-1,8,4,16,-1,8,16,10,-1,10,16,17,-1,10,17,14,-1,14,17,0,-1,16,18,19,-1,19,18,20,-1,17,16,21,-1,21,16,19,-1,18,17,20,-1,20,17,21,-1,22,23,24,-1,24,23,25,-1,23,26,25,-1,25,26,27,-1,26,28,27,-1,27,28,29,-1,30,31,32,-1,30,32,33,-1,33,32,29,-1,33,29,28,-1,34,35,36,-1,34,36,37,-1,37,36,38,-1,37,38,39,-1,39,38,31,-1,39,31,30,-1,22,24,40,-1,22,40,41,-1,41,40,42,-1,41,42,43,-1,43,42,44,-1,43,44,45,-1,45,44,35,-1,45,35,34,-1,46,47,43,-1,43,47,48,-1,43,48,41,-1,41,48,49,-1,41,49,22,-1,22,49,50,-1,22,50,23,-1,23,50,51,-1,23,51,26,-1,26,51,52,-1,26,52,28,-1,28,52,53,-1,28,53,33,-1,33,53,54,-1,33,54,30,-1,30,54,55,-1,30,55,39,-1,39,55,56,-1,39,56,37,-1,37,56,57,-1,37,57,34,-1,34,57,58,-1,34,58,45,-1,45,58,46,-1,45,46,43,-1,52,51,59,-1,59,51,60,-1,53,52,61,-1,61,52,59,-1,53,61,62,-1,53,62,54,-1,54,62,63,-1,54,63,55,-1,55,63,64,-1,55,64,56,-1,56,64,65,-1,56,65,57,-1,57,65,66,-1,57,66,58,-1,58,66,67,-1,58,67,46,-1,46,67,68,-1,46,68,47,-1,47,68,69,-1,47,69,48,-1,48,69,70,-1,48,70,49,-1,49,70,71,-1,49,71,50,-1,51,50,60,-1,60,50,71,-1,72,73,74,-1,74,73,75,-1,73,76,75,-1,75,76,77,-1,76,78,77,-1,77,78,79,-1,78,80,79,-1,79,80,81,-1,80,82,81,-1,81,82,83,-1,82,84,83,-1,83,84,85,-1,84,86,85,-1,85,86,87,-1,86,88,87,-1,87,88,89,-1,88,90,89,-1,89,90,91,-1,90,92,91,-1,91,92,93,-1,92,94,93,-1,93,94,95,-1,94,72,95,-1,95,72,74,-1,72,94,92,-1,92,90,72,-1,72,90,88,-1,72,88,73,-1,78,76,80,-1,80,76,73,-1,80,73,82,-1,82,73,88,-1,82,88,84,-1,84,88,86,-1,96,97,98,-1,96,98,99,-1,99,98,100,-1,99,100,101,-1,101,100,102,-1,101,102,103,-1,103,102,104,-1,103,104,105,-1,96,106,97,-1,97,106,107,-1,108,109,110,-1,108,110,111,-1,111,110,112,-1,111,112,113,-1,113,112,114,-1,113,114,115,-1,115,114,107,-1,115,107,106,-1,116,117,118,-1,116,118,119,-1,119,118,120,-1,119,120,121,-1,121,120,122,-1,121,122,123,-1,123,122,109,-1,123,109,108,-1,124,125,126,-1,124,126,127,-1,127,126,128,-1,127,128,129,-1,129,128,130,-1,129,130,131,-1,131,130,117,-1,131,117,116,-1,132,133,134,-1,132,134,135,-1,135,134,125,-1,135,125,124,-1,132,136,133,-1,133,136,137,-1,138,139,140,-1,138,140,141,-1,141,140,142,-1,141,142,143,-1,142,144,143,-1,143,144,145,-1,143,145,146,-1,146,145,137,-1,146,137,136,-1,147,148,149,-1,147,149,150,-1,150,149,151,-1,150,151,152,-1,152,151,153,-1,152,153,154,-1,154,153,138,-1,138,153,155,-1,138,155,139,-1,156,157,158,-1,156,158,159,-1,159,158,148,-1,159,148,147,-1,105,104,160,-1,105,160,161,-1,161,160,162,-1,161,162,163,-1,163,162,164,-1,163,164,165,-1,165,164,157,-1,165,157,156,-1,136,132,146,-1,146,132,135,-1,156,159,131,-1,131,159,129,-1,129,159,147,-1,129,147,150,-1,106,96,99,-1,106,99,115,-1,115,99,101,-1,115,101,103,-1,150,152,129,-1,129,152,154,-1,129,154,127,-1,127,154,138,-1,127,138,124,-1,124,138,141,-1,124,141,135,-1,135,141,143,-1,135,143,146,-1,131,116,156,-1,156,116,119,-1,156,119,165,-1,165,119,121,-1,165,121,163,-1,163,121,123,-1,163,123,161,-1,161,123,108,-1,161,108,105,-1,105,108,111,-1,105,111,103,-1,103,111,113,-1,103,113,115,-1,166,167,168,-1,168,167,169,-1,167,170,169,-1,169,170,171,-1,170,172,171,-1,171,172,173,-1,172,174,173,-1,173,174,175,-1,174,176,175,-1,175,176,177,-1,176,166,177,-1,177,166,168,-1,170,167,172,-1,172,167,166,-1,172,166,174,-1,174,166,176,-1,
        ]
    }
}
Shape{
    appearance Appearance {
        material  Material 	{
            diffuseColor 0.11372549019607843 0.11372549019607843 0.11372549019607843
            specularColor 0.058823529411764705 0.058823529411764705 0.058823529411764705
            ambientIntensity 0.1137
            transparency 0.0
            shininess 0.5
        }
    }
    geometry IndexedFaceSet {
        ccw TRUE
        solid FALSE
        coord DEF co Coordinate {
            point [
                -12.5181 2.2103 0.0394, -12.4468 2.0599 0.0394, -12.5875 2.0599 0.0394, -11.991 2.2466 0.0394, -11.991 1.9337 0.0394, -12.0187 2.2466 0.0394, -12.0362 1.9337 0.0394, -12.0795 2.2448 0.0394, -12.0928 1.9353 0.0394, -12.1397 2.2356 0.0394, -12.1487 1.9437 0.0394, -12.205 1.9786 0.0394, -12.2371 2.0362 0.0394, -12.2434 2.0853 0.0394, -12.2261 2.1639 0.0394, -12.1832 2.2146 0.0394
            ]
        }
        coordIndex [
            0,1,2,-1,3,4,5,-1,5,4,6,-1,5,6,7,-1,7,6,8,-1,7,8,9,-1,10,11,8,-1,8,11,12,-1,8,12,13,-1,13,14,8,-1,8,14,15,-1,8,15,9,-1,
        ]
    }
}
Shape{
    appearance Appearance {
        material  Material 	{
            diffuseColor 0.7529411764705882 0.7529411764705882 0.7529411764705882
            specularColor 0.3764705882352941 0.3764705882352941 0.3764705882352941
            ambientIntensity 0.7529
            transparency 0.0
            shininess 0.5
        }
    }
    geometry IndexedFaceSet {
        ccw TRUE
        solid FALSE
        coord DEF co Coordinate {
            point [
                11.811 0.0591 2.7362, 11.811 1.5945 2.7362, 10.6299 0.0591 2.7362, 10.6299 1.5945 2.7362, 10.6299 -0.0394 2.7099, 11.811 -0.0394 2.7099, 10.6299 -0.1114 2.6378, 11.811 -0.1114 2.6378, 10.6299 -0.1378 2.5394, 11.811 -0.1378 2.5394, 10.6299 -0.1378 0.5906, 10.8858 -0.1378 0.5906, 11.811 -0.1378 0.5906, 11.5551 -0.1378 0.5906, 11.5551 -0.1378 -1.7716, 10.8858 -0.1378 -1.7716, 10.8858 0.1378 -1.7716, 11.5551 0.1378 -1.7716, 10.8858 0.1378 0.5906, 10.6299 0.1378 0.5906, 10.6299 0.1378 2.2638, 11.811 0.1378 2.2638, 11.811 0.1378 0.5906, 11.5551 0.1378 0.5906, 11.811 0.1642 2.3622, 10.6299 0.1642 2.3622, 11.811 0.2362 2.4343, 10.6299 0.2362 2.4343, 11.811 0.3346 2.4606, 10.6299 0.3346 2.4606, 11.811 1.5945 2.4606, 10.6299 1.5945 2.4606, 12.4016 5.1324 1.2634, 12.4016 4.7441 1.2634, 12.1063 5.1324 1.2634, 12.1063 4.7441 1.2634, 12.1063 4.7441 0.9349, 12.1063 4.9409 0.9877, 12.1063 5.0851 1.1318, 10.3346 4.9409 0.9877, 10.3346 4.7441 0.9349, 10.3346 5.0851 1.1318, 10.3346 4.7441 1.2634, 10.3346 5.1324 1.2634, 10.0394 5.1324 1.2634, 10.0394 4.7441 1.2634, 9.9882 5.1334 1.2702, 9.9409 4.7441 1.2898, 9.9409 5.1359 1.2898, 9.893 5.1378 1.3286, 9.8689 4.7441 1.3618, 9.8689 5.1378 1.3618, 9.8425 4.7441 1.4603, 9.8425 5.1378 1.4603, 9.8425 5.1378 3.7366, 9.8425 4.7441 3.7366, 9.8689 4.7441 3.835, 10.0394 4.7441 3.9334, 10.0394 5.1324 3.9334, 9.9409 4.7441 3.9071, 9.9885 5.1334 3.9267, 9.9409 5.1359 3.9071, 9.893 5.1378 3.8682, 9.8689 5.1378 3.835, 10.3346 5.1324 3.9334, 10.3346 4.7441 3.9334, 10.3346 4.7441 4.2619, 10.3346 4.9409 4.2092, 10.3346 5.0851 4.0651, 12.1063 4.9409 4.2092, 12.1063 4.7441 4.2619, 12.1063 5.0851 4.0651, 12.1063 4.7441 3.9334, 12.1063 5.1324 3.9334, 12.4016 5.1324 3.9334, 12.4016 4.7441 3.9334, 12.4527 5.1334 3.9267, 12.5 4.7441 3.9071, 12.5 5.1359 3.9071, 12.548 5.1378 3.8682, 12.5721 4.7441 3.835, 12.5721 5.1378 3.835, 12.5984 4.7441 3.7366, 12.5984 5.1378 3.7366, 12.5984 5.1378 1.4603, 12.5984 4.7441 1.4603, 12.5721 4.7441 1.3618, 12.5 4.7441 1.2898, 12.4525 5.1334 1.2701, 12.5 5.1359 1.2898, 12.548 5.1378 1.3286, 12.5721 5.1378 1.3618, 11.2205 5.9252 3.2677, 11.3189 5.9252 3.0313, 11.0472 5.9252 3.2449, 11.122 5.9252 3.0313, 10.6408 5.9252 2.9331, 10.7472 5.9252 3.0717, 11.0433 5.9252 2.6969, 11.0827 5.9252 2.7074, 11.1115 5.9252 2.7362, 11.122 5.9252 2.7756, 10.8858 5.9252 3.1781, 10.574 5.9252 2.7717, 10.5906 5.9252 2.6969, 10.5512 5.9252 2.5984, 10.5906 5.9252 2.5, 10.574 5.9252 2.4252, 11.1115 5.9252 2.4606, 11.122 5.9252 2.4213, 10.8858 5.9252 2.0188, 11.122 5.9252 2.1656, 11.0472 5.9252 1.9519, 11.8504 5.9252 2.6969, 11.867 5.9252 2.7717, 11.8898 5.9252 2.5984, 11.3189 5.9252 2.1656, 11.3937 5.9252 1.9519, 11.2205 5.9252 1.9291, 11.6937 5.9252 2.1252, 11.3583 5.9252 2.4895, 11.3976 5.9252 2.5, 10.6408 5.9252 2.2638, 11.0433 5.9252 2.5, 10.7472 5.9252 2.1252, 11.0827 5.9252 2.4895, 11.3294 5.9252 2.4606, 11.3189 5.9252 2.4213, 11.5551 5.9252 2.0188, 11.3937 5.9252 3.2449, 11.5551 5.9252 3.1781, 11.3189 5.9252 2.7756, 11.3294 5.9252 2.7362, 11.8504 5.9252 2.5, 11.867 5.9252 2.4252, 11.8001 5.9252 2.2638, 11.8001 5.9252 2.9331, 11.3976 5.9252 2.6969, 11.6937 5.9252 3.0717, 11.3583 5.9252 2.7074, 10.689 5.1378 1.6779, 10.689 5.5315 1.6779, 10.9453 5.5315 1.5717, 11.2205 5.1378 1.5354, 10.2999 5.1378 2.0669, 10.2999 5.5315 2.0669, 10.4688 5.5315 1.8468, 10.4688 5.5315 3.3501, 10.2999 5.5315 3.1299, 10.2999 5.1378 3.1299, 10.1937 5.5315 2.8736, 10.1575 5.1378 2.5984, 10.1575 5.5315 2.5984, 10.1937 5.5315 2.3233, 10.689 5.5315 3.519, 10.689 5.1378 3.519, 10.9453 5.5315 3.6252, 11.2205 5.1378 3.6614, 11.2205 5.5315 3.6614, 11.4956 5.5315 3.6252, 11.752 5.1378 3.519, 11.752 5.5315 3.519, 12.1411 5.1378 3.1299, 12.1411 5.5315 3.1299, 11.9721 5.5315 3.3501, 12.1411 5.1378 2.0669, 12.2472 5.5315 2.3233, 12.2835 5.1378 2.5984, 12.2835 5.5315 2.5984, 12.2472 5.5315 2.8736, 11.752 5.1378 1.6779, 11.9721 5.5315 1.8468, 12.1411 5.5315 2.0669, 11.2205 5.5315 1.5354, 11.4956 5.5315 1.5717, 11.752 5.5315 1.6779, 11.3976 5.1378 2.6969, 11.8504 5.1378 2.6969, 11.8504 5.1378 2.5, 11.3976 5.1378 2.5, 11.3189 5.1378 2.4213, 11.3294 5.1378 2.4606, 11.3583 5.1378 2.4895, 11.3189 5.1378 2.1656, 11.122 5.1378 2.1656, 11.122 5.1378 2.4213, 11.0433 5.1378 2.5, 11.0827 5.1378 2.4895, 11.1115 5.1378 2.4606, 10.5906 5.1378 2.5, 10.5906 5.1378 2.6969, 11.0433 5.1378 2.6969, 11.122 5.1378 2.7756, 11.1115 5.1378 2.7362, 11.0827 5.1378 2.7074, 11.122 5.1378 3.0313, 11.3189 5.1378 3.0313, 11.3189 5.1378 2.7756, 11.3583 5.1378 2.7074, 11.3294 5.1378 2.7362, 11.4446 5.8725 3.4351, 11.6535 5.8725 3.3485, 11.8329 5.8725 3.2109, 11.9706 5.8725 3.0315, 12.0571 5.8725 2.8226, 12.0866 5.8725 2.5984, 12.0571 5.8725 2.3743, 11.9706 5.8725 2.1654, 11.8329 5.8725 1.986, 11.6535 5.8725 1.8483, 11.4446 5.8725 1.7618, 11.2205 5.8725 1.7323, 10.9963 5.8725 1.7618, 10.7874 5.8725 1.8483, 10.608 5.8725 1.986, 10.4704 5.8725 2.1654, 10.3838 5.8725 2.3743, 10.3543 5.8725 2.5984, 10.3838 5.8725 2.8226, 10.4704 5.8725 3.0315, 10.608 5.8725 3.2109, 10.7874 5.8725 3.3485, 10.9963 5.8725 3.4351, 11.2205 5.8725 3.4646, 11.4819 5.7283 3.5743, 11.7256 5.7283 3.4733, 11.9348 5.7283 3.3128, 12.0954 5.7283 3.1036, 12.1963 5.7283 2.8599, 12.2307 5.7283 2.5984, 12.1963 5.7283 2.337, 12.0954 5.7283 2.0933, 11.9348 5.7283 1.8841, 11.7256 5.7283 1.7235, 11.4819 5.7283 1.6226, 11.2205 5.7283 1.5882, 10.959 5.7283 1.6226, 10.7153 5.7283 1.7235, 10.5061 5.7283 1.8841, 10.3456 5.7283 2.0933, 10.2446 5.7283 2.337, 10.2102 5.7283 2.5984, 10.2446 5.7283 2.8599, 10.3456 5.7283 3.1036, 10.5061 5.7283 3.3128, 10.7153 5.7283 3.4733, 10.959 5.7283 3.5743, 11.2205 5.7283 3.6087, 8.0709 0.0591 2.7362, 8.0709 1.5945 2.7362, 6.8898 0.0591 2.7362, 6.8898 1.5945 2.7362, 6.8898 0.0081 2.7295, 8.0709 0.0081 2.7295, 6.8898 -0.0394 2.7099, 8.0709 -0.0394 2.7099, 6.8898 -0.0801 2.6786, 8.0709 -0.0801 2.6786, 6.8898 -0.1114 2.6378, 8.0709 -0.1114 2.6378, 6.8898 -0.1311 2.5903, 8.0709 -0.1311 2.5903, 6.8898 -0.1378 2.5394, 8.0709 -0.1378 2.5394, 7.815 -0.1378 0.5906, 8.0709 -0.1378 0.5906, 6.8898 -0.1378 0.5906, 7.1457 -0.1378 0.5906, 7.1457 -0.1378 -1.7716, 7.815 -0.1378 -1.7716, 7.815 0.1378 -1.7716, 7.1457 0.1378 -1.7716, 8.0709 0.1378 2.2638, 8.0709 0.1378 0.5906, 6.8898 0.1378 2.2638, 7.815 0.1378 0.5906, 6.8898 0.1378 0.5906, 7.1457 0.1378 0.5906, 8.0709 0.1445 2.3147, 6.8898 0.1445 2.3147, 8.0709 0.1642 2.3622, 6.8898 0.1642 2.3622, 8.0709 0.1955 2.403, 6.8898 0.1955 2.403, 8.0709 0.2362 2.4343, 6.8898 0.2362 2.4343, 8.0709 0.2837 2.4539, 6.8898 0.2837 2.4539, 8.0709 0.3346 2.4606, 6.8898 0.3346 2.4606, 8.0709 1.5945 2.4606, 6.8898 1.5945 2.4606, 4.3307 0.0591 2.7362, 4.3307 1.5945 2.7362, 3.1496 0.0591 2.7362, 3.1496 1.5945 2.7362, 3.1496 0.0081 2.7295, 4.3307 0.0081 2.7295, 3.1496 -0.0394 2.7099, 4.3307 -0.0394 2.7099, 3.1496 -0.0801 2.6786, 4.3307 -0.0801 2.6786, 3.1496 -0.1114 2.6378, 4.3307 -0.1114 2.6378, 3.1496 -0.1311 2.5903, 4.3307 -0.1311 2.5903, 3.1496 -0.1378 2.5394, 4.3307 -0.1378 2.5394, 3.1496 -0.1378 0.5906, 3.4055 -0.1378 0.5906, 4.3307 -0.1378 0.5906, 4.0748 -0.1378 0.5906, 4.0748 -0.1378 -1.7716, 3.4055 -0.1378 -1.7716, 3.4055 0.1378 -1.7716, 4.0748 0.1378 -1.7716, 3.4055 0.1378 0.5906, 3.1496 0.1378 0.5906, 3.1496 0.1378 2.2638, 4.3307 0.1378 2.2638, 4.3307 0.1378 0.5906, 4.0748 0.1378 0.5906, 4.3307 0.1445 2.3147, 3.1496 0.1445 2.3147, 4.3307 0.1642 2.3622, 3.1496 0.1642 2.3622, 4.3307 0.1955 2.403, 3.1496 0.1955 2.403, 4.3307 0.2362 2.4343, 3.1496 0.2362 2.4343, 4.3307 0.2837 2.4539, 3.1496 0.2837 2.4539, 4.3307 0.3346 2.4606, 3.1496 0.3346 2.4606, 4.3307 1.5945 2.4606, 3.1496 1.5945 2.4606, 0.5906 0.0591 2.7362, 0.5906 1.5945 2.7362, -0.5906 0.0591 2.7362, -0.5906 1.5945 2.7362, -0.5906 0.0081 2.7295, 0.5906 0.0081 2.7295, -0.5906 -0.0394 2.7099, 0.5906 -0.0394 2.7099, -0.5906 -0.0801 2.6786, 0.5906 -0.0801 2.6786, -0.5906 -0.1114 2.6378, 0.5906 -0.1114 2.6378, -0.5906 -0.1311 2.5903, 0.5906 -0.1311 2.5903, -0.5906 -0.1378 2.5394, 0.5906 -0.1378 2.5394, 0.3346 -0.1378 0.5906, 0.5906 -0.1378 0.5906, -0.5906 -0.1378 0.5906, -0.3346 -0.1378 0.5906, -0.3346 -0.1378 -1.7716, 0.3346 -0.1378 -1.7716, 0.3346 0.1378 -1.7716, -0.3346 0.1378 -1.7716, 0.5906 0.1378 2.2638, 0.5906 0.1378 0.5906, -0.5906 0.1378 2.2638, 0.3346 0.1378 0.5906, -0.5906 0.1378 0.5906, -0.3346 0.1378 0.5906, 0.5906 0.1445 2.3147, -0.5906 0.1445 2.3147, 0.5906 0.1642 2.3622, -0.5906 0.1642 2.3622, 0.5906 0.1955 2.403, -0.5906 0.1955 2.403, 0.5906 0.2362 2.4343, -0.5906 0.2362 2.4343, 0.5906 0.2837 2.4539, -0.5906 0.2837 2.4539, 0.5906 0.3346 2.4606, -0.5906 0.3346 2.4606, 0.5906 1.5945 2.4606, -0.5906 1.5945 2.4606, -3.1496 0.0591 2.7362, -3.1496 1.5945 2.7362, -4.3307 0.0591 2.7362, -4.3307 1.5945 2.7362, -4.3307 0.0081 2.7295, -3.1496 0.0081 2.7295, -4.3307 -0.0394 2.7099, -3.1496 -0.0394 2.7099, -4.3307 -0.0801 2.6786, -3.1496 -0.0801 2.6786, -4.3307 -0.1114 2.6378, -3.1496 -0.1114 2.6378, -4.3307 -0.1311 2.5903, -3.1496 -0.1311 2.5903, -4.3307 -0.1378 2.5394, -3.1496 -0.1378 2.5394, -4.3307 -0.1378 0.5906, -4.0748 -0.1378 0.5906, -3.1496 -0.1378 0.5906, -3.4055 -0.1378 0.5906, -3.4055 -0.1378 -1.7716, -4.0748 -0.1378 -1.7716, -4.0748 0.1378 -1.7716, -3.4055 0.1378 -1.7716, -4.0748 0.1378 0.5906, -4.3307 0.1378 0.5906, -4.3307 0.1378 2.2638, -3.1496 0.1378 2.2638, -3.1496 0.1378 0.5906, -3.4055 0.1378 0.5906, -3.1496 0.1445 2.3147, -4.3307 0.1445 2.3147, -3.1496 0.1642 2.3622, -4.3307 0.1642 2.3622, -3.1496 0.1955 2.403, -4.3307 0.1955 2.403, -3.1496 0.2362 2.4343, -4.3307 0.2362 2.4343, -3.1496 0.2837 2.4539, -4.3307 0.2837 2.4539, -3.1496 0.3346 2.4606, -4.3307 0.3346 2.4606, -3.1496 1.5945 2.4606, -4.3307 1.5945 2.4606, -6.8898 0.0591 2.7362, -6.8898 1.5945 2.7362, -8.0709 0.0591 2.7362, -8.0709 1.5945 2.7362, -8.0709 0.0081 2.7295, -6.8898 0.0081 2.7295, -8.0709 -0.0394 2.7099, -6.8898 -0.0394 2.7099, -8.0709 -0.0801 2.6786, -6.8898 -0.0801 2.6786, -8.0709 -0.1114 2.6378, -6.8898 -0.1114 2.6378, -8.0709 -0.1311 2.5903, -6.8898 -0.1311 2.5903, -8.0709 -0.1378 2.5394, -6.8898 -0.1378 2.5394, -8.0709 -0.1378 0.5906, -7.815 -0.1378 0.5906, -6.8898 -0.1378 0.5906, -7.1457 -0.1378 0.5906, -7.1457 -0.1378 -1.7716, -7.815 -0.1378 -1.7716, -7.815 0.1378 -1.7716, -7.1457 0.1378 -1.7716, -7.815 0.1378 0.5906, -8.0709 0.1378 0.5906, -8.0709 0.1378 2.2638, -6.8898 0.1378 2.2638, -6.8898 0.1378 0.5906, -7.1457 0.1378 0.5906, -6.8898 0.1445 2.3147, -8.0709 0.1445 2.3147, -6.8898 0.1642 2.3622, -8.0709 0.1642 2.3622, -6.8898 0.1955 2.403, -8.0709 0.1955 2.403, -6.8898 0.2362 2.4343, -8.0709 0.2362 2.4343, -6.8898 0.2837 2.4539, -8.0709 0.2837 2.4539, -6.8898 0.3346 2.4606, -8.0709 0.3346 2.4606, -6.8898 1.5945 2.4606, -8.0709 1.5945 2.4606, -10.6299 0.0591 2.7362, -10.6299 1.5945 2.7362, -11.811 0.0591 2.7362, -11.811 1.5945 2.7362, -11.811 0.0081 2.7295, -10.6299 0.0081 2.7295, -11.811 -0.0394 2.7099, -10.6299 -0.0394 2.7099, -11.811 -0.0801 2.6786, -10.6299 -0.0801 2.6786, -11.811 -0.1114 2.6378, -10.6299 -0.1114 2.6378, -11.811 -0.1311 2.5903, -10.6299 -0.1311 2.5903, -11.811 -0.1378 2.5394, -10.6299 -0.1378 2.5394, -10.8858 -0.1378 0.5906, -10.6299 -0.1378 0.5906, -11.811 -0.1378 0.5906, -11.5551 -0.1378 0.5906, -11.5551 -0.1378 -1.7716, -10.8858 -0.1378 -1.7716, -10.8858 0.1378 -1.7716, -11.5551 0.1378 -1.7716, -10.6299 0.1378 2.2638, -10.6299 0.1378 0.5906, -11.811 0.1378 2.2638, -10.8858 0.1378 0.5906, -11.811 0.1378 0.5906, -11.5551 0.1378 0.5906, -10.6299 0.1445 2.3147, -11.811 0.1445 2.3147, -10.6299 0.1642 2.3622, -11.811 0.1642 2.3622, -10.6299 0.1955 2.403, -11.811 0.1955 2.403, -10.6299 0.2362 2.4343, -11.811 0.2362 2.4343, -10.6299 0.2837 2.4539, -11.811 0.2837 2.4539, -10.6299 0.3346 2.4606, -11.811 0.3346 2.4606, -10.6299 1.5945 2.4606, -11.811 1.5945 2.4606, 8.6614 5.1324 1.2634, 8.6614 4.7441 1.2634, 8.3661 5.1324 1.2634, 8.3661 4.7441 1.2634, 8.3661 4.7441 0.9349, 8.3661 4.846 0.9484, 8.3661 4.9409 0.9877, 8.3661 5.0225 1.0503, 8.3661 5.0851 1.1318, 8.3661 5.1244 1.2267, 6.5945 4.7441 1.2634, 6.5945 5.1324 1.2634, 6.5945 5.1244 1.2267, 6.5945 4.7441 0.9349, 6.5945 4.846 0.9484, 6.5945 4.9409 0.9877, 6.5945 5.0851 1.1318, 6.5945 5.0225 1.0503, 6.2992 5.1324 1.2634, 6.2992 4.7441 1.2634, 6.2735 5.1326 1.2651, 6.2483 4.7441 1.2701, 6.2483 5.1334 1.2701, 6.224 5.1346 1.2784, 6.2008 4.7441 1.2898, 6.2008 5.1359 1.2898, 6.1794 5.137 1.3041, 6.16 4.7441 1.3211, 6.16 5.1377 1.3211, 6.1528 5.1378 1.3286, 6.1287 4.7441 1.3618, 6.1287 5.1378 1.3618, 6.1091 4.7441 1.4093, 6.1091 5.1378 1.4093, 6.1024 4.7441 1.4603, 6.1024 5.1378 1.4603, 6.1024 5.1378 3.7366, 6.1024 4.7441 3.7366, 6.16 4.7441 3.8758, 6.1605 5.1376 3.8753, 6.1528 5.1378 3.8682, 6.1287 4.7441 3.835, 6.1795 5.137 3.8928, 6.2008 4.7441 3.9071, 6.2008 5.1359 3.9071, 6.2483 4.7441 3.9267, 6.2992 4.7441 3.9334, 6.2992 5.1324 3.9334, 6.2735 5.1326 3.9318, 6.2483 5.1334 3.9267, 6.2238 5.1346 3.9184, 6.1287 5.1378 3.835, 6.1091 5.1378 3.7875, 6.1091 4.7441 3.7875, 6.5945 5.1324 3.9334, 6.5945 4.7441 3.9334, 6.5945 5.1244 3.9701, 6.5945 4.9409 4.2092, 6.5945 4.846 4.2485, 6.5945 4.7441 4.2619, 6.5945 5.0225 4.1466, 6.5945 5.0851 4.0651, 8.3661 4.846 4.2485, 8.3661 4.7441 4.2619, 8.3661 4.7441 3.9334, 8.3661 5.1324 3.9334, 8.3661 5.1244 3.9701, 8.3661 5.0851 4.0651, 8.3661 5.0225 4.1466, 8.3661 4.9409 4.2092, 8.6614 5.1324 3.9334, 8.6614 4.7441 3.9334, 8.6871 5.1326 3.9318, 8.7124 4.7441 3.9267, 8.7124 5.1334 3.9267, 8.7367 5.1346 3.9185, 8.7598 4.7441 3.9071, 8.7598 5.1359 3.9071, 8.7813 5.137 3.8928, 8.8006 4.7441 3.8758, 8.8006 5.1377 3.8758, 8.8078 5.1378 3.8682, 8.8319 4.7441 3.835, 8.8319 5.1378 3.835, 8.8516 4.7441 3.7875, 8.8516 5.1378 3.7875, 8.8583 4.7441 3.7366, 8.8583 5.1378 3.7366, 8.8583 5.1378 1.4603, 8.8583 4.7441 1.4603, 8.8006 4.7441 1.3211, 8.8001 5.1376 1.3216, 8.8078 5.1378 1.3286, 8.8319 4.7441 1.3618, 8.7812 5.137 1.304, 8.7598 4.7441 1.2898, 8.7598 5.1359 1.2898, 8.7124 4.7441 1.2701, 8.6872 5.1326 1.2651, 8.7124 5.1334 1.2701, 8.7368 5.1346 1.2784, 8.8319 5.1378 1.3618, 8.8516 5.1378 1.4093, 8.8516 4.7441 1.4093, 4.9213 5.1324 1.2634, 4.9213 4.7441 1.2634, 4.626 5.1324 1.2634, 4.626 4.7441 1.2634, 4.626 4.7441 0.9349, 4.626 4.846 0.9484, 4.626 4.9409 0.9877, 4.626 5.0225 1.0503, 4.626 5.0851 1.1318, 4.626 5.1244 1.2267, 2.8543 4.7441 1.2634, 2.8543 5.1324 1.2634, 2.8543 5.1244 1.2267, 2.8543 4.7441 0.9349, 2.8543 4.846 0.9484, 2.8543 4.9409 0.9877, 2.8543 5.0851 1.1318, 2.8543 5.0225 1.0503, 2.5591 5.1324 1.2634, 2.5591 4.7441 1.2634, 2.5333 5.1326 1.2651, 2.5081 4.7441 1.2701, 2.5081 5.1334 1.2701, 2.4838 5.1346 1.2784, 2.4606 4.7441 1.2898, 2.4606 5.1359 1.2898, 2.4392 5.137 1.3041, 2.4199 4.7441 1.3211, 2.4199 5.1377 1.3211, 2.4127 5.1378 1.3286, 2.3886 4.7441 1.3618, 2.3886 5.1378 1.3618, 2.3689 4.7441 1.4093, 2.3689 5.1378 1.4093, 2.3622 4.7441 1.4603, 2.3622 5.1378 1.4603, 2.3622 5.1378 3.7366, 2.3622 4.7441 3.7366, 2.4199 4.7441 3.8758, 2.4203 5.1376 3.8753, 2.4127 5.1378 3.8682, 2.3886 4.7441 3.835, 2.4393 5.137 3.8928, 2.4606 4.7441 3.9071, 2.4606 5.1359 3.9071, 2.5081 4.7441 3.9267, 2.5591 4.7441 3.9334, 2.5591 5.1324 3.9334, 2.5333 5.1326 3.9318, 2.5081 5.1334 3.9267, 2.4836 5.1346 3.9184, 2.3886 5.1378 3.835, 2.3689 5.1378 3.7875, 2.3689 4.7441 3.7875, 2.8543 5.1324 3.9334, 2.8543 4.7441 3.9334, 2.8543 5.1244 3.9701, 2.8543 4.9409 4.2092, 2.8543 4.846 4.2485, 2.8543 4.7441 4.2619, 2.8543 5.0225 4.1466, 2.8543 5.0851 4.0651, 4.626 4.846 4.2485, 4.626 4.7441 4.2619, 4.626 4.7441 3.9334, 4.626 5.1324 3.9334, 4.626 5.1244 3.9701, 4.626 5.0851 4.0651, 4.626 5.0225 4.1466, 4.626 4.9409 4.2092, 4.9213 5.1324 3.9334, 4.9213 4.7441 3.9334, 4.947 5.1326 3.9318, 4.9722 4.7441 3.9267, 4.9722 5.1334 3.9267, 4.9965 5.1346 3.9185, 5.0197 4.7441 3.9071, 5.0197 5.1359 3.9071, 5.0411 5.137 3.8928, 5.0605 4.7441 3.8758, 5.0605 5.1377 3.8758, 5.0676 5.1378 3.8682, 5.0917 4.7441 3.835, 5.0917 5.1378 3.835, 5.1114 4.7441 3.7875, 5.1114 5.1378 3.7875, 5.1181 4.7441 3.7366, 5.1181 5.1378 3.7366, 5.1181 5.1378 1.4603, 5.1181 4.7441 1.4603, 5.0605 4.7441 1.3211, 5.06 5.1376 1.3216, 5.0676 5.1378 1.3286, 5.0917 4.7441 1.3618, 5.041 5.137 1.304, 5.0197 4.7441 1.2898, 5.0197 5.1359 1.2898, 4.9722 4.7441 1.2701, 4.947 5.1326 1.2651, 4.9722 5.1334 1.2701, 4.9967 5.1346 1.2784, 5.0917 5.1378 1.3618, 5.1114 5.1378 1.4093, 5.1114 4.7441 1.4093, 1.1811 5.1324 1.2634, 1.1811 4.7441 1.2634, 0.8858 5.1324 1.2634, 0.8858 4.7441 1.2634, 0.8858 4.7441 0.9349, 0.8858 4.846 0.9484, 0.8858 4.9409 0.9877, 0.8858 5.0225 1.0503, 0.8858 5.0851 1.1318, 0.8858 5.1244 1.2267, -0.8858 4.7441 1.2634, -0.8858 5.1324 1.2634, -0.8858 5.1244 1.2267, -0.8858 4.7441 0.9349, -0.8858 4.846 0.9484, -0.8858 4.9409 0.9877, -0.8858 5.0851 1.1318, -0.8858 5.0225 1.0503, -1.1811 5.1324 1.2634, -1.1811 4.7441 1.2634, -1.2068 5.1326 1.2651, -1.2321 4.7441 1.2701, -1.2321 5.1334 1.2701, -1.2564 5.1346 1.2784, -1.2795 4.7441 1.2898, -1.2795 5.1359 1.2898, -1.301 5.137 1.3041, -1.3203 4.7441 1.3211, -1.3203 5.1377 1.3211, -1.3275 5.1378 1.3286, -1.3516 4.7441 1.3618, -1.3516 5.1378 1.3618, -1.3712 4.7441 1.4093, -1.3712 5.1378 1.4093, -1.378 4.7441 1.4603, -1.378 5.1378 1.4603, -1.378 5.1378 3.7366, -1.378 4.7441 3.7366, -1.1811 4.7441 3.9334, -1.1811 5.1324 3.9334, -1.2249 5.1332 3.9285, -1.335 4.7441 3.8593, -1.3585 5.1378 3.822, -1.3585 4.7441 3.822, -1.373 5.1378 3.7804, -1.373 4.7441 3.7804, -1.2249 4.7441 3.9285, -1.2665 5.1351 3.914, -1.2665 4.7441 3.914, -1.3038 5.1372 3.8905, -1.3038 4.7441 3.8905, -1.3275 5.1378 3.8682, -1.335 5.1378 3.8593, -0.8858 5.1324 3.9334, -0.8858 4.7441 3.9334, -0.8858 5.1244 3.9701, -0.8858 4.9409 4.2092, -0.8858 4.846 4.2485, -0.8858 4.7441 4.2619, -0.8858 5.0225 4.1466, -0.8858 5.0851 4.0651, 0.8858 4.846 4.2485, 0.8858 4.7441 4.2619, 0.8858 4.7441 3.9334, 0.8858 5.1324 3.9334, 0.8858 5.1244 3.9701, 0.8858 5.0851 4.0651, 0.8858 5.0225 4.1466, 0.8858 4.9409 4.2092, 1.1811 5.1324 3.9334, 1.1811 4.7441 3.9334, 1.2068 5.1326 3.9318, 1.2321 4.7441 3.9267, 1.2321 5.1334 3.9267, 1.2564 5.1346 3.9185, 1.2795 4.7441 3.9071, 1.2795 5.1359 3.9071, 1.301 5.137 3.8928, 1.3203 4.7441 3.8758, 1.3203 5.1377 3.8758, 1.3275 5.1378 3.8682, 1.3516 4.7441 3.835, 1.3516 5.1378 3.835, 1.3712 4.7441 3.7875, 1.3712 5.1378 3.7875, 1.378 4.7441 3.7366, 1.378 5.1378 3.7366, 1.378 5.1378 1.4603, 1.378 4.7441 1.4603, 1.3203 4.7441 1.3211, 1.3198 5.1376 1.3216, 1.3275 5.1378 1.3286, 1.3516 4.7441 1.3618, 1.3009 5.137 1.304, 1.2795 4.7441 1.2898, 1.2795 5.1359 1.2898, 1.2321 4.7441 1.2701, 1.2069 5.1326 1.2651, 1.2321 5.1334 1.2701, 1.2565 5.1346 1.2784, 1.3516 5.1378 1.3618, 1.3712 5.1378 1.4093, 1.3712 4.7441 1.4093, -2.5591 5.1324 1.2634, -2.5591 4.7441 1.2634, -2.8543 5.1324 1.2634, -2.8543 4.7441 1.2634, -2.8543 4.7441 0.9349, -2.8543 4.846 0.9484, -2.8543 4.9409 0.9877, -2.8543 5.0225 1.0503, -2.8543 5.0851 1.1318, -2.8543 5.1244 1.2267, -4.626 4.7441 1.2634, -4.626 5.1324 1.2634, -4.626 5.1244 1.2267, -4.626 4.7441 0.9349, -4.626 4.846 0.9484, -4.626 4.9409 0.9877, -4.626 5.0851 1.1318, -4.626 5.0225 1.0503, -4.9213 5.1324 1.2634, -4.9213 4.7441 1.2634, -4.947 5.1326 1.2651, -4.9722 4.7441 1.2701, -4.9722 5.1334 1.2701, -4.9965 5.1346 1.2784, -5.0197 4.7441 1.2898, -5.0197 5.1359 1.2898, -5.0411 5.137 1.3041, -5.0605 4.7441 1.3211, -5.0605 5.1377 1.3211, -5.0676 5.1378 1.3286, -5.0917 4.7441 1.3618, -5.0917 5.1378 1.3618, -5.1114 4.7441 1.4093, -5.1114 5.1378 1.4093, -5.1181 4.7441 1.4603, -5.1181 5.1378 1.4603, -5.1181 5.1378 3.7366, -5.1181 4.7441 3.7366, -4.9213 4.7441 3.9334, -4.9213 5.1324 3.9334, -4.9651 5.1332 3.9285, -5.0752 4.7441 3.8593, -5.0986 5.1378 3.822, -5.0986 4.7441 3.822, -5.1132 5.1378 3.7804, -5.1132 4.7441 3.7804, -4.9651 4.7441 3.9285, -5.0067 5.1351 3.914, -5.0067 4.7441 3.914, -5.044 5.1372 3.8905, -5.044 4.7441 3.8905, -5.0676 5.1378 3.8682, -5.0752 5.1378 3.8593, -4.626 5.1324 3.9334, -4.626 4.7441 3.9334, -4.626 5.1244 3.9701, -4.626 5.0851 4.0651, -4.626 4.7441 4.2619, -4.626 4.846 4.2485, -4.626 4.9409 4.2092, -4.626 5.0225 4.1466, -2.8543 5.1324 3.9334, -2.8543 5.1244 3.9701, -2.8543 4.7441 3.9334, -2.8543 5.0851 4.0651, -2.8543 5.0225 4.1466, -2.8543 4.9409 4.2092, -2.8543 4.846 4.2485, -2.8543 4.7441 4.2619, -2.5591 5.1324 3.9334, -2.5591 4.7441 3.9334, -2.5333 5.1326 3.9318, -2.5081 4.7441 3.9267, -2.5081 5.1334 3.9267, -2.4838 5.1346 3.9185, -2.4606 4.7441 3.9071, -2.4606 5.1359 3.9071, -2.4392 5.137 3.8928, -2.4199 4.7441 3.8758, -2.4199 5.1377 3.8758, -2.4127 5.1378 3.8682, -2.3886 4.7441 3.835, -2.3886 5.1378 3.835, -2.3689 4.7441 3.7875, -2.3689 5.1378 3.7875, -2.3622 4.7441 3.7366, -2.3622 5.1378 3.7366, -2.3622 5.1378 1.4603, -2.3622 4.7441 1.4603, -2.4199 4.7441 1.3211, -2.4203 5.1376 1.3216, -2.4127 5.1378 1.3286, -2.3886 4.7441 1.3618, -2.4393 5.137 1.304, -2.4606 4.7441 1.2898, -2.4606 5.1359 1.2898, -2.5081 4.7441 1.2701, -2.5333 5.1326 1.2651, -2.5081 5.1334 1.2701, -2.4836 5.1346 1.2784, -2.3886 5.1378 1.3618, -2.3689 5.1378 1.4093, -2.3689 4.7441 1.4093, -6.2992 5.1324 1.2634, -6.2992 4.7441 1.2634, -6.5945 5.1324 1.2634, -6.5945 4.7441 1.2634, -6.5945 4.7441 0.9349, -6.5945 4.846 0.9484, -6.5945 4.9409 0.9877, -6.5945 5.0225 1.0503, -6.5945 5.0851 1.1318, -6.5945 5.1244 1.2267, -8.3661 4.7441 1.2634, -8.3661 5.1324 1.2634, -8.3661 5.1244 1.2267, -8.3661 4.7441 0.9349, -8.3661 4.846 0.9484, -8.3661 4.9409 0.9877, -8.3661 5.0851 1.1318, -8.3661 5.0225 1.0503, -8.6614 5.1324 1.2634, -8.6614 4.7441 1.2634, -8.6871 5.1326 1.2651, -8.7124 4.7441 1.2701, -8.7124 5.1334 1.2701, -8.7367 5.1346 1.2784, -8.7598 4.7441 1.2898, -8.7598 5.1359 1.2898, -8.7813 5.137 1.3041, -8.8006 4.7441 1.3211, -8.8006 5.1377 1.3211, -8.8078 5.1378 1.3286, -8.8319 4.7441 1.3618, -8.8319 5.1378 1.3618, -8.8516 4.7441 1.4093, -8.8516 5.1378 1.4093, -8.8583 4.7441 1.4603, -8.8583 5.1378 1.4603, -8.8583 5.1378 3.7366, -8.8583 4.7441 3.7366, -8.8006 4.7441 3.8758, -8.8001 5.1376 3.8753, -8.8078 5.1378 3.8682, -8.8319 4.7441 3.835, -8.7812 5.137 3.8928, -8.7598 4.7441 3.9071, -8.7598 5.1359 3.9071, -8.7124 4.7441 3.9267, -8.6614 4.7441 3.9334, -8.6614 5.1324 3.9334, -8.6872 5.1326 3.9318, -8.7124 5.1334 3.9267, -8.7368 5.1346 3.9184, -8.8319 5.1378 3.835, -8.8516 5.1378 3.7875, -8.8516 4.7441 3.7875, -8.3661 5.1324 3.9334, -8.3661 4.7441 3.9334, -8.3661 5.1244 3.9701, -8.3661 4.9409 4.2092, -8.3661 4.846 4.2485, -8.3661 4.7441 4.2619, -8.3661 5.0225 4.1466, -8.3661 5.0851 4.0651, -6.5945 4.846 4.2485, -6.5945 4.7441 4.2619, -6.5945 4.7441 3.9334, -6.5945 5.1324 3.9334, -6.5945 5.1244 3.9701, -6.5945 5.0851 4.0651, -6.5945 5.0225 4.1466, -6.5945 4.9409 4.2092, -6.2992 5.1324 3.9334, -6.2992 4.7441 3.9334, -6.2735 5.1326 3.9318, -6.2483 4.7441 3.9267, -6.2483 5.1334 3.9267, -6.224 5.1346 3.9185, -6.2008 4.7441 3.9071, -6.2008 5.1359 3.9071, -6.1794 5.137 3.8928, -6.16 4.7441 3.8758, -6.16 5.1377 3.8758, -6.1528 5.1378 3.8682, -6.1287 4.7441 3.835, -6.1287 5.1378 3.835, -6.1091 4.7441 3.7875, -6.1091 5.1378 3.7875, -6.1024 4.7441 3.7366, -6.1024 5.1378 3.7366, -6.1024 5.1378 1.4603, -6.1024 4.7441 1.4603, -6.16 4.7441 1.3211, -6.1605 5.1376 1.3216, -6.1528 5.1378 1.3286, -6.1287 4.7441 1.3618, -6.1795 5.137 1.304, -6.2008 4.7441 1.2898, -6.2008 5.1359 1.2898, -6.2483 4.7441 1.2701, -6.2735 5.1326 1.2651, -6.2483 5.1334 1.2701, -6.2238 5.1346 1.2784, -6.1287 5.1378 1.3618, -6.1091 5.1378 1.4093, -6.1091 4.7441 1.4093, -10.0394 5.1324 1.2634, -10.0394 4.7441 1.2634, -10.3346 5.1324 1.2634, -10.3346 4.7441 1.2634, -10.3346 4.7441 0.9349, -10.3346 4.846 0.9484, -10.3346 4.9409 0.9877, -10.3346 5.0225 1.0503, -10.3346 5.0851 1.1318, -10.3346 5.1244 1.2267, -12.1063 4.7441 1.2634, -12.1063 5.1324 1.2634, -12.1063 5.1244 1.2267, -12.1063 4.7441 0.9349, -12.1063 4.846 0.9484, -12.1063 4.9409 0.9877, -12.1063 5.0851 1.1318, -12.1063 5.0225 1.0503, -12.4016 5.1324 1.2634, -12.4016 4.7441 1.2634, -12.4273 5.1326 1.2651, -12.4525 4.7441 1.2701, -12.4525 5.1334 1.2701, -12.4768 5.1346 1.2784, -12.5 4.7441 1.2898, -12.5 5.1359 1.2898, -12.5214 5.137 1.3041, -12.5408 4.7441 1.3211, -12.5408 5.1377 1.3211, -12.548 5.1378 1.3286, -12.5721 4.7441 1.3618, -12.5721 5.1378 1.3618, -12.5917 4.7441 1.4093, -12.5917 5.1378 1.4093, -12.5984 4.7441 1.4603, -12.5984 5.1378 1.4603, -12.5984 5.1378 3.7366, -12.5984 4.7441 3.7366, -12.5408 4.7441 3.8758, -12.5403 5.1376 3.8753, -12.548 5.1378 3.8682, -12.5721 4.7441 3.835, -12.5213 5.137 3.8928, -12.5 4.7441 3.9071, -12.5 5.1359 3.9071, -12.4525 4.7441 3.9267, -12.4016 4.7441 3.9334, -12.4016 5.1324 3.9334, -12.4273 5.1326 3.9318, -12.4525 5.1334 3.9267, -12.477 5.1346 3.9184, -12.5721 5.1378 3.835, -12.5917 5.1378 3.7875, -12.5917 4.7441 3.7875, -12.1063 5.1324 3.9334, -12.1063 4.7441 3.9334, -12.1063 5.1244 3.9701, -12.1063 5.0851 4.0651, -12.1063 4.7441 4.2619, -12.1063 4.846 4.2485, -12.1063 4.9409 4.2092, -12.1063 5.0225 4.1466, -10.3346 5.1324 3.9334, -10.3346 5.1244 3.9701, -10.3346 4.7441 3.9334, -10.3346 5.0851 4.0651, -10.3346 5.0225 4.1466, -10.3346 4.9409 4.2092, -10.3346 4.846 4.2485, -10.3346 4.7441 4.2619, -10.0394 5.1324 3.9334, -10.0394 4.7441 3.9334, -10.0136 5.1326 3.9318, -9.9884 4.7441 3.9267, -9.9884 5.1334 3.9267, -9.9641 5.1346 3.9185, -9.9409 4.7441 3.9071, -9.9409 5.1359 3.9071, -9.9195 5.137 3.8928, -9.9002 4.7441 3.8758, -9.9002 5.1377 3.8758, -9.893 5.1378 3.8682, -9.8689 4.7441 3.835, -9.8689 5.1378 3.835, -9.8492 4.7441 3.7875, -9.8492 5.1378 3.7875, -9.8425 4.7441 3.7366, -9.8425 5.1378 3.7366, -9.8425 5.1378 1.4603, -9.8425 4.7441 1.4603, -9.9002 4.7441 1.3211, -9.9006 5.1376 1.3216, -9.893 5.1378 1.3286, -9.8689 4.7441 1.3618, -9.9196 5.137 1.304, -9.9409 4.7441 1.2898, -9.9409 5.1359 1.2898, -9.9884 4.7441 1.2701, -10.0136 5.1326 1.2651, -9.9884 5.1334 1.2701, -9.9639 5.1346 1.2784, -9.8689 5.1378 1.3618, -9.8492 5.1378 1.4093, -9.8492 4.7441 1.4093, 7.3792 5.9252 2.7552, 7.3713 5.9252 2.7362, 7.3031 5.9252 2.6969, 7.3792 5.9252 2.4416, 7.3819 5.9252 2.4213, 7.3031 5.9252 2.5, 6.8338 5.9252 2.7717, 6.9007 5.9252 2.9331, 7.3819 5.9252 2.7756, 7.0071 5.9252 3.0717, 7.3819 5.9252 3.0313, 7.1457 5.9252 3.1781, 7.3071 5.9252 3.2449, 7.3588 5.9252 2.7199, 7.3425 5.9252 2.7074, 7.3235 5.9252 2.6995, 6.8504 5.9252 2.5, 7.3425 5.9252 2.4895, 7.3588 5.9252 2.4769, 7.3713 5.9252 2.4606, 7.0071 5.9252 2.1252, 7.1457 5.9252 2.0188, 7.3819 5.9252 2.1656, 7.3071 5.9252 1.9519, 6.9007 5.9252 2.2638, 6.8338 5.9252 2.4252, 6.811 5.9252 2.5984, 6.8504 5.9252 2.6969, 7.5787 5.9252 2.1656, 7.6535 5.9252 1.9519, 7.4803 5.9252 1.9291, 7.5814 5.9252 2.7552, 7.5787 5.9252 2.7756, 7.6575 5.9252 2.6969, 8.1268 5.9252 2.4252, 8.0599 5.9252 2.2638, 7.5787 5.9252 2.4213, 7.9536 5.9252 2.1252, 7.815 5.9252 2.0188, 7.5814 5.9252 2.4416, 7.5893 5.9252 2.4606, 7.6575 5.9252 2.5, 7.3235 5.9252 2.4973, 8.1102 5.9252 2.6969, 7.6181 5.9252 2.7074, 7.6018 5.9252 2.7199, 7.5893 5.9252 2.7362, 7.4803 5.9252 3.2677, 7.6535 5.9252 3.2449, 7.5787 5.9252 3.0313, 7.815 5.9252 3.1781, 7.9536 5.9252 3.0717, 8.0599 5.9252 2.9331, 8.1268 5.9252 2.7717, 8.1496 5.9252 2.5984, 8.1102 5.9252 2.5, 7.6018 5.9252 2.4769, 7.6181 5.9252 2.4895, 7.6371 5.9252 2.4973, 7.6371 5.9252 2.6995, 7.4803 5.1378 1.5354, 7.7554 5.5315 1.5717, 7.7554 5.1378 1.5717, 8.0118 5.5315 1.6779, 8.0118 5.1378 1.6779, 8.232 5.5315 1.8468, 8.232 5.1378 1.8468, 8.4009 5.5315 2.0669, 8.4009 5.1378 2.0669, 8.5071 5.5315 2.3233, 8.5071 5.1378 2.3233, 8.5433 5.5315 2.5984, 8.5433 5.1378 2.5984, 8.5071 5.5315 2.8736, 8.5071 5.1378 2.8736, 8.4009 5.5315 3.1299, 8.4009 5.1378 3.1299, 8.232 5.5315 3.3501, 8.232 5.1378 3.3501, 8.0118 5.5315 3.519, 8.0118 5.1378 3.519, 7.7554 5.5315 3.6252, 7.7554 5.1378 3.6252, 7.4803 5.5315 3.6614, 7.4803 5.1378 3.6614, 7.2052 5.5315 3.6252, 7.2052 5.1378 3.6252, 6.9488 5.5315 3.519, 6.9488 5.1378 3.519, 6.7287 5.5315 3.3501, 6.7287 5.1378 3.3501, 6.5597 5.5315 3.1299, 6.5597 5.1378 3.1299, 6.4535 5.5315 2.8736, 6.4535 5.1378 2.8736, 6.4173 5.5315 2.5984, 6.4173 5.1378 2.5984, 6.4535 5.5315 2.3233, 6.4535 5.1378 2.3233, 6.5597 5.5315 2.0669, 6.5597 5.1378 2.0669, 6.7287 5.5315 1.8468, 6.7287 5.1378 1.8468, 6.9488 5.5315 1.6779, 6.9488 5.1378 1.6779, 7.2052 5.5315 1.5717, 7.2052 5.1378 1.5717, 7.4803 5.5315 1.5354, 7.6575 5.1378 2.6969, 8.1102 5.1378 2.6969, 8.1102 5.1378 2.5, 7.6575 5.1378 2.5, 7.5787 5.1378 2.4213, 7.5814 5.1378 2.4416, 7.5893 5.1378 2.4606, 7.6018 5.1378 2.4769, 7.6181 5.1378 2.4895, 7.6371 5.1378 2.4973, 7.5787 5.1378 2.1656, 7.3819 5.1378 2.1656, 7.3819 5.1378 2.4213, 7.3031 5.1378 2.5, 7.3235 5.1378 2.4973, 7.3425 5.1378 2.4895, 7.3588 5.1378 2.4769, 7.3713 5.1378 2.4606, 7.3792 5.1378 2.4416, 6.8504 5.1378 2.5, 6.8504 5.1378 2.6969, 7.3031 5.1378 2.6969, 7.3819 5.1378 2.7756, 7.3792 5.1378 2.7552, 7.3713 5.1378 2.7362, 7.3588 5.1378 2.7199, 7.3425 5.1378 2.7074, 7.3235 5.1378 2.6995, 7.3819 5.1378 3.0313, 7.5787 5.1378 3.0313, 7.5787 5.1378 2.7756, 7.6371 5.1378 2.6995, 7.6181 5.1378 2.7074, 7.6018 5.1378 2.7199, 7.5893 5.1378 2.7362, 7.5814 5.1378 2.7552, 3.0937 5.9252 2.7717, 3.1605 5.9252 2.9331, 3.6417 5.9252 2.7756, 3.2669 5.9252 3.0717, 3.6417 5.9252 3.0313, 3.4055 5.9252 3.1781, 3.5669 5.9252 3.2449, 3.639 5.9252 2.7552, 3.6312 5.9252 2.7362, 3.563 5.9252 2.6969, 3.639 5.9252 2.4416, 3.6417 5.9252 2.4213, 3.563 5.9252 2.5, 3.6187 5.9252 2.7199, 3.6024 5.9252 2.7074, 3.5834 5.9252 2.6995, 3.1102 5.9252 2.5, 3.6024 5.9252 2.4895, 3.6187 5.9252 2.4769, 3.6312 5.9252 2.4606, 3.2669 5.9252 2.1252, 3.4055 5.9252 2.0188, 3.6417 5.9252 2.1656, 3.5669 5.9252 1.9519, 3.1605 5.9252 2.2638, 3.0937 5.9252 2.4252, 3.0709 5.9252 2.5984, 3.1102 5.9252 2.6969, 3.8386 5.9252 2.1656, 3.9134 5.9252 1.9519, 3.7402 5.9252 1.9291, 3.8413 5.9252 2.7552, 3.8386 5.9252 2.7756, 3.9173 5.9252 2.6969, 4.3866 5.9252 2.4252, 4.3198 5.9252 2.2638, 3.8386 5.9252 2.4213, 4.2134 5.9252 2.1252, 4.0748 5.9252 2.0188, 3.8413 5.9252 2.4416, 3.8491 5.9252 2.4606, 3.9173 5.9252 2.5, 3.5834 5.9252 2.4973, 4.3701 5.9252 2.6969, 3.878 5.9252 2.7074, 3.8616 5.9252 2.7199, 3.8491 5.9252 2.7362, 3.7402 5.9252 3.2677, 3.9134 5.9252 3.2449, 3.8386 5.9252 3.0313, 4.0748 5.9252 3.1781, 4.2134 5.9252 3.0717, 4.3198 5.9252 2.9331, 4.3866 5.9252 2.7717, 4.4094 5.9252 2.5984, 4.3701 5.9252 2.5, 3.8616 5.9252 2.4769, 3.878 5.9252 2.4895, 3.8969 5.9252 2.4973, 3.8969 5.9252 2.6995, 3.7402 5.1378 1.5354, 4.0153 5.5315 1.5717, 4.0153 5.1378 1.5717, 4.2717 5.5315 1.6779, 4.2717 5.1378 1.6779, 4.4918 5.5315 1.8468, 4.4918 5.1378 1.8468, 4.6607 5.5315 2.0669, 4.6607 5.1378 2.0669, 4.7669 5.5315 2.3233, 4.7669 5.1378 2.3233, 4.8031 5.5315 2.5984, 4.8031 5.1378 2.5984, 4.7669 5.5315 2.8736, 4.7669 5.1378 2.8736, 4.6607 5.5315 3.1299, 4.6607 5.1378 3.1299, 4.4918 5.5315 3.3501, 4.4918 5.1378 3.3501, 4.2717 5.5315 3.519, 4.2717 5.1378 3.519, 4.0153 5.5315 3.6252, 4.0153 5.1378 3.6252, 3.7402 5.5315 3.6614, 3.7402 5.1378 3.6614, 3.465 5.5315 3.6252, 3.465 5.1378 3.6252, 3.2087 5.5315 3.519, 3.2087 5.1378 3.519, 2.9885 5.5315 3.3501, 2.9885 5.1378 3.3501, 2.8196 5.5315 3.1299, 2.8196 5.1378 3.1299, 2.7134 5.5315 2.8736, 2.7134 5.1378 2.8736, 2.6772 5.5315 2.5984, 2.6772 5.1378 2.5984, 2.7134 5.5315 2.3233, 2.7134 5.1378 2.3233, 2.8196 5.5315 2.0669, 2.8196 5.1378 2.0669, 2.9885 5.5315 1.8468, 2.9885 5.1378 1.8468, 3.2087 5.5315 1.6779, 3.2087 5.1378 1.6779, 3.465 5.5315 1.5717, 3.465 5.1378 1.5717, 3.7402 5.5315 1.5354, 3.9173 5.1378 2.6969, 4.3701 5.1378 2.6969, 4.3701 5.1378 2.5, 3.9173 5.1378 2.5, 3.8386 5.1378 2.4213, 3.8413 5.1378 2.4416, 3.8491 5.1378 2.4606, 3.8616 5.1378 2.4769, 3.878 5.1378 2.4895, 3.8969 5.1378 2.4973, 3.8386 5.1378 2.1656, 3.6417 5.1378 2.1656, 3.6417 5.1378 2.4213, 3.563 5.1378 2.5, 3.5834 5.1378 2.4973, 3.6024 5.1378 2.4895, 3.6187 5.1378 2.4769, 3.6312 5.1378 2.4606, 3.639 5.1378 2.4416, 3.1102 5.1378 2.5, 3.1102 5.1378 2.6969, 3.563 5.1378 2.6969, 3.6417 5.1378 2.7756, 3.639 5.1378 2.7552, 3.6312 5.1378 2.7362, 3.6187 5.1378 2.7199, 3.6024 5.1378 2.7074, 3.5834 5.1378 2.6995, 3.6417 5.1378 3.0313, 3.8386 5.1378 3.0313, 3.8386 5.1378 2.7756, 3.8969 5.1378 2.6995, 3.878 5.1378 2.7074, 3.8616 5.1378 2.7199, 3.8491 5.1378 2.7362, 3.8413 5.1378 2.7552, 0.6299 5.9252 2.6969, 0.6693 5.9252 2.5984, 0.6299 5.9252 2.5, 0.6465 5.9252 2.4252, 0.1772 5.9252 2.5, 0.0984 5.9252 2.4213, -0.6465 5.9252 2.7717, -0.5796 5.9252 2.9331, -0.0984 5.9252 2.7756, -0.4733 5.9252 3.0717, -0.0984 5.9252 3.0313, -0.3346 5.9252 3.1781, -0.1732 5.9252 3.2449, -0.6299 5.9252 2.5, -0.6693 5.9252 2.5984, -0.6299 5.9252 2.6969, -0.1772 5.9252 2.6969, 0.0 5.9252 1.9291, -0.0984 5.9252 2.1656, 0.1732 5.9252 1.9519, 0.0984 5.9252 2.1656, 0.5796 5.9252 2.2638, 0.4733 5.9252 2.1252, 0.3346 5.9252 2.0188, 0.3346 5.9252 3.1781, 0.4733 5.9252 3.0717, 0.1772 5.9252 2.6969, 0.5796 5.9252 2.9331, 0.6465 5.9252 2.7717, 0.1568 5.9252 2.6995, 0.1378 5.9252 2.7074, 0.1215 5.9252 2.7199, 0.0 5.9252 3.2677, 0.1732 5.9252 3.2449, 0.0984 5.9252 3.0313, 0.0984 5.9252 2.7756, 0.1011 5.9252 2.7552, -0.1215 5.9252 2.7199, -0.109 5.9252 2.7362, -0.1011 5.9252 2.7552, -0.1378 5.9252 2.7074, -0.1568 5.9252 2.6995, 0.1215 5.9252 2.4769, 0.109 5.9252 2.4606, 0.1011 5.9252 2.4416, 0.1378 5.9252 2.4895, 0.1568 5.9252 2.4973, -0.3346 5.9252 2.0188, -0.4733 5.9252 2.1252, -0.1772 5.9252 2.5, -0.5796 5.9252 2.2638, -0.6465 5.9252 2.4252, -0.109 5.9252 2.4606, -0.1215 5.9252 2.4769, -0.1568 5.9252 2.4973, -0.1378 5.9252 2.4895, 0.109 5.9252 2.7362, -0.1732 5.9252 1.9519, -0.0984 5.9252 2.4213, -0.1011 5.9252 2.4416, 0.0 5.1378 1.5354, 0.2751 5.5315 1.5717, 0.2751 5.1378 1.5717, 0.5315 5.5315 1.6779, 0.5315 5.1378 1.6779, 0.7516 5.5315 1.8468, 0.7516 5.1378 1.8468, 0.9206 5.5315 2.0669, 0.9206 5.1378 2.0669, 1.0268 5.5315 2.3233, 1.0268 5.1378 2.3233, 1.063 5.5315 2.5984, 1.063 5.1378 2.5984, 1.0268 5.5315 2.8736, 1.0268 5.1378 2.8736, 0.9206 5.5315 3.1299, 0.9206 5.1378 3.1299, 0.7516 5.5315 3.3501, 0.7516 5.1378 3.3501, 0.5315 5.5315 3.519, 0.5315 5.1378 3.519, 0.2751 5.5315 3.6252, 0.2751 5.1378 3.6252, 0.0 5.5315 3.6614, 0.0 5.1378 3.6614, -0.2751 5.5315 3.6252, -0.2751 5.1378 3.6252, -0.5315 5.5315 3.519, -0.5315 5.1378 3.519, -0.7516 5.5315 3.3501, -0.7516 5.1378 3.3501, -0.9206 5.5315 3.1299, -0.9206 5.1378 3.1299, -1.0268 5.5315 2.8736, -1.0268 5.1378 2.8736, -1.063 5.5315 2.5984, -1.063 5.1378 2.5984, -1.0268 5.5315 2.3233, -1.0268 5.1378 2.3233, -0.9206 5.5315 2.0669, -0.9206 5.1378 2.0669, -0.7516 5.5315 1.8468, -0.7516 5.1378 1.8468, -0.5315 5.5315 1.6779, -0.5315 5.1378 1.6779, -0.2751 5.5315 1.5717, -0.2751 5.1378 1.5717, 0.0 5.5315 1.5354, 0.1772 5.1378 2.6969, 0.6299 5.1378 2.6969, 0.6299 5.1378 2.5, 0.1772 5.1378 2.5, 0.0984 5.1378 2.4213, 0.1011 5.1378 2.4416, 0.109 5.1378 2.4606, 0.1215 5.1378 2.4769, 0.1378 5.1378 2.4895, 0.1568 5.1378 2.4973, 0.0984 5.1378 2.1656, -0.0984 5.1378 2.1656, -0.0984 5.1378 2.4213, -0.1772 5.1378 2.5, -0.1568 5.1378 2.4973, -0.1378 5.1378 2.4895, -0.1215 5.1378 2.4769, -0.109 5.1378 2.4606, -0.1011 5.1378 2.4416, -0.6299 5.1378 2.5, -0.6299 5.1378 2.6969, -0.1772 5.1378 2.6969, -0.0984 5.1378 2.7756, -0.1011 5.1378 2.7552, -0.109 5.1378 2.7362, -0.1215 5.1378 2.7199, -0.1378 5.1378 2.7074, -0.1568 5.1378 2.6995, -0.0984 5.1378 3.0313, 0.0984 5.1378 3.0313, 0.0984 5.1378 2.7756, 0.1568 5.1378 2.6995, 0.1378 5.1378 2.7074, 0.1215 5.1378 2.7199, 0.109 5.1378 2.7362, 0.1011 5.1378 2.7552, -4.3866 5.9252 2.7717, -4.3198 5.9252 2.9331, -3.8386 5.9252 2.7756, -4.2134 5.9252 3.0717, -3.8386 5.9252 3.0313, -4.0748 5.9252 3.1781, -3.9134 5.9252 3.2449, -3.8413 5.9252 2.7552, -3.8491 5.9252 2.7362, -3.9173 5.9252 2.6969, -3.8413 5.9252 2.4416, -3.8386 5.9252 2.4213, -3.9173 5.9252 2.5, -3.8616 5.9252 2.7199, -3.878 5.9252 2.7074, -3.8969 5.9252 2.6995, -4.3701 5.9252 2.5, -3.878 5.9252 2.4895, -3.8616 5.9252 2.4769, -3.8491 5.9252 2.4606, -4.2134 5.9252 2.1252, -4.0748 5.9252 2.0188, -3.8386 5.9252 2.1656, -3.9134 5.9252 1.9519, -4.3198 5.9252 2.2638, -4.3866 5.9252 2.4252, -4.4094 5.9252 2.5984, -4.3701 5.9252 2.6969, -3.6417 5.9252 2.1656, -3.5669 5.9252 1.9519, -3.7402 5.9252 1.9291, -3.639 5.9252 2.7552, -3.6417 5.9252 2.7756, -3.563 5.9252 2.6969, -3.0937 5.9252 2.4252, -3.1605 5.9252 2.2638, -3.6417 5.9252 2.4213, -3.2669 5.9252 2.1252, -3.4055 5.9252 2.0188, -3.639 5.9252 2.4416, -3.6312 5.9252 2.4606, -3.563 5.9252 2.5, -3.8969 5.9252 2.4973, -3.1102 5.9252 2.6969, -3.6024 5.9252 2.7074, -3.6187 5.9252 2.7199, -3.6312 5.9252 2.7362, -3.7402 5.9252 3.2677, -3.5669 5.9252 3.2449, -3.6417 5.9252 3.0313, -3.4055 5.9252 3.1781, -3.2669 5.9252 3.0717, -3.1605 5.9252 2.9331, -3.0937 5.9252 2.7717, -3.0709 5.9252 2.5984, -3.1102 5.9252 2.5, -3.6187 5.9252 2.4769, -3.6024 5.9252 2.4895, -3.5834 5.9252 2.4973, -3.5834 5.9252 2.6995, -3.7402 5.1378 1.5354, -3.465 5.5315 1.5717, -3.465 5.1378 1.5717, -3.2087 5.5315 1.6779, -3.2087 5.1378 1.6779, -2.9885 5.5315 1.8468, -2.9885 5.1378 1.8468, -2.8196 5.5315 2.0669, -2.8196 5.1378 2.0669, -2.7134 5.5315 2.3233, -2.7134 5.1378 2.3233, -2.6772 5.5315 2.5984, -2.6772 5.1378 2.5984, -2.7134 5.5315 2.8736, -2.7134 5.1378 2.8736, -2.8196 5.5315 3.1299, -2.8196 5.1378 3.1299, -2.9885 5.5315 3.3501, -2.9885 5.1378 3.3501, -3.2087 5.5315 3.519, -3.2087 5.1378 3.519, -3.465 5.5315 3.6252, -3.465 5.1378 3.6252, -3.7402 5.5315 3.6614, -3.7402 5.1378 3.6614, -4.0153 5.5315 3.6252, -4.0153 5.1378 3.6252, -4.2717 5.5315 3.519, -4.2717 5.1378 3.519, -4.4918 5.5315 3.3501, -4.4918 5.1378 3.3501, -4.6607 5.5315 3.1299, -4.6607 5.1378 3.1299, -4.7669 5.5315 2.8736, -4.7669 5.1378 2.8736, -4.8031 5.5315 2.5984, -4.8031 5.1378 2.5984, -4.7669 5.5315 2.3233, -4.7669 5.1378 2.3233, -4.6607 5.5315 2.0669, -4.6607 5.1378 2.0669, -4.4918 5.5315 1.8468, -4.4918 5.1378 1.8468, -4.2717 5.5315 1.6779, -4.2717 5.1378 1.6779, -4.0153 5.5315 1.5717, -4.0153 5.1378 1.5717, -3.7402 5.5315 1.5354, -3.563 5.1378 2.6969, -3.1102 5.1378 2.6969, -3.1102 5.1378 2.5, -3.563 5.1378 2.5, -3.6417 5.1378 2.4213, -3.639 5.1378 2.4416, -3.6312 5.1378 2.4606, -3.6187 5.1378 2.4769, -3.6024 5.1378 2.4895, -3.5834 5.1378 2.4973, -3.6417 5.1378 2.1656, -3.8386 5.1378 2.1656, -3.8386 5.1378 2.4213, -3.9173 5.1378 2.5, -3.8969 5.1378 2.4973, -3.878 5.1378 2.4895, -3.8616 5.1378 2.4769, -3.8491 5.1378 2.4606, -3.8413 5.1378 2.4416, -4.3701 5.1378 2.5, -4.3701 5.1378 2.6969, -3.9173 5.1378 2.6969, -3.8386 5.1378 2.7756, -3.8413 5.1378 2.7552, -3.8491 5.1378 2.7362, -3.8616 5.1378 2.7199, -3.878 5.1378 2.7074, -3.8969 5.1378 2.6995, -3.8386 5.1378 3.0313, -3.6417 5.1378 3.0313, -3.6417 5.1378 2.7756, -3.5834 5.1378 2.6995, -3.6024 5.1378 2.7074, -3.6187 5.1378 2.7199, -3.6312 5.1378 2.7362, -3.639 5.1378 2.7552, -7.5814 5.9252 2.7552, -7.5893 5.9252 2.7362, -7.6575 5.9252 2.6969, -7.5814 5.9252 2.4416, -7.5787 5.9252 2.4213, -7.6575 5.9252 2.5, -8.1268 5.9252 2.7717, -8.0599 5.9252 2.9331, -7.5787 5.9252 2.7756, -7.9536 5.9252 3.0717, -7.5787 5.9252 3.0313, -7.815 5.9252 3.1781, -7.6535 5.9252 3.2449, -7.6018 5.9252 2.7199, -7.6181 5.9252 2.7074, -7.6371 5.9252 2.6995, -8.1102 5.9252 2.5, -7.6181 5.9252 2.4895, -7.6018 5.9252 2.4769, -7.5893 5.9252 2.4606, -7.9536 5.9252 2.1252, -7.815 5.9252 2.0188, -7.5787 5.9252 2.1656, -7.6535 5.9252 1.9519, -8.0599 5.9252 2.2638, -8.1268 5.9252 2.4252, -8.1496 5.9252 2.5984, -8.1102 5.9252 2.6969, -7.3819 5.9252 2.1656, -7.3071 5.9252 1.9519, -7.4803 5.9252 1.9291, -7.3792 5.9252 2.7552, -7.3819 5.9252 2.7756, -7.3031 5.9252 2.6969, -6.8338 5.9252 2.4252, -6.9007 5.9252 2.2638, -7.3819 5.9252 2.4213, -7.0071 5.9252 2.1252, -7.1457 5.9252 2.0188, -7.3792 5.9252 2.4416, -7.3713 5.9252 2.4606, -7.3031 5.9252 2.5, -7.6371 5.9252 2.4973, -6.8504 5.9252 2.6969, -7.3425 5.9252 2.7074, -7.3588 5.9252 2.7199, -7.3713 5.9252 2.7362, -7.4803 5.9252 3.2677, -7.3071 5.9252 3.2449, -7.3819 5.9252 3.0313, -7.1457 5.9252 3.1781, -7.0071 5.9252 3.0717, -6.9007 5.9252 2.9331, -6.8338 5.9252 2.7717, -6.811 5.9252 2.5984, -6.8504 5.9252 2.5, -7.3588 5.9252 2.4769, -7.3425 5.9252 2.4895, -7.3235 5.9252 2.4973, -7.3235 5.9252 2.6995, -7.4803 5.1378 1.5354, -7.2052 5.5315 1.5717, -7.2052 5.1378 1.5717, -6.9488 5.5315 1.6779, -6.9488 5.1378 1.6779, -6.7287 5.5315 1.8468, -6.7287 5.1378 1.8468, -6.5597 5.5315 2.0669, -6.5597 5.1378 2.0669, -6.4535 5.5315 2.3233, -6.4535 5.1378 2.3233, -6.4173 5.5315 2.5984, -6.4173 5.1378 2.5984, -6.4535 5.5315 2.8736, -6.4535 5.1378 2.8736, -6.5597 5.5315 3.1299, -6.5597 5.1378 3.1299, -6.7287 5.5315 3.3501, -6.7287 5.1378 3.3501, -6.9488 5.5315 3.519, -6.9488 5.1378 3.519, -7.2052 5.5315 3.6252, -7.2052 5.1378 3.6252, -7.4803 5.5315 3.6614, -7.4803 5.1378 3.6614, -7.7554 5.5315 3.6252, -7.7554 5.1378 3.6252, -8.0118 5.5315 3.519, -8.0118 5.1378 3.519, -8.232 5.5315 3.3501, -8.232 5.1378 3.3501, -8.4009 5.5315 3.1299, -8.4009 5.1378 3.1299, -8.5071 5.5315 2.8736, -8.5071 5.1378 2.8736, -8.5433 5.5315 2.5984, -8.5433 5.1378 2.5984, -8.5071 5.5315 2.3233, -8.5071 5.1378 2.3233, -8.4009 5.5315 2.0669, -8.4009 5.1378 2.0669, -8.232 5.5315 1.8468, -8.232 5.1378 1.8468, -8.0118 5.5315 1.6779, -8.0118 5.1378 1.6779, -7.7554 5.5315 1.5717, -7.7554 5.1378 1.5717, -7.4803 5.5315 1.5354, -7.3031 5.1378 2.6969, -6.8504 5.1378 2.6969, -6.8504 5.1378 2.5, -7.3031 5.1378 2.5, -7.3819 5.1378 2.4213, -7.3792 5.1378 2.4416, -7.3713 5.1378 2.4606, -7.3588 5.1378 2.4769, -7.3425 5.1378 2.4895, -7.3235 5.1378 2.4973, -7.3819 5.1378 2.1656, -7.5787 5.1378 2.1656, -7.5787 5.1378 2.4213, -7.6575 5.1378 2.5, -7.6371 5.1378 2.4973, -7.6181 5.1378 2.4895, -7.6018 5.1378 2.4769, -7.5893 5.1378 2.4606, -7.5814 5.1378 2.4416, -8.1102 5.1378 2.5, -8.1102 5.1378 2.6969, -7.6575 5.1378 2.6969, -7.5787 5.1378 2.7756, -7.5814 5.1378 2.7552, -7.5893 5.1378 2.7362, -7.6018 5.1378 2.7199, -7.6181 5.1378 2.7074, -7.6371 5.1378 2.6995, -7.5787 5.1378 3.0313, -7.3819 5.1378 3.0313, -7.3819 5.1378 2.7756, -7.3235 5.1378 2.6995, -7.3425 5.1378 2.7074, -7.3588 5.1378 2.7199, -7.3713 5.1378 2.7362, -7.3792 5.1378 2.7552, -11.3216 5.9252 2.7552, -11.3294 5.9252 2.7362, -11.3976 5.9252 2.6969, -11.3216 5.9252 2.4416, -11.3189 5.9252 2.4213, -11.3976 5.9252 2.5, -11.867 5.9252 2.7717, -11.8001 5.9252 2.9331, -11.3189 5.9252 2.7756, -11.6937 5.9252 3.0717, -11.3189 5.9252 3.0313, -11.5551 5.9252 3.1781, -11.3937 5.9252 3.2449, -11.342 5.9252 2.7199, -11.3583 5.9252 2.7074, -11.3773 5.9252 2.6995, -11.8504 5.9252 2.5, -11.3583 5.9252 2.4895, -11.342 5.9252 2.4769, -11.3294 5.9252 2.4606, -11.6937 5.9252 2.1252, -11.5551 5.9252 2.0188, -11.3189 5.9252 2.1656, -11.3937 5.9252 1.9519, -11.8001 5.9252 2.2638, -11.867 5.9252 2.4252, -11.8898 5.9252 2.5984, -11.8504 5.9252 2.6969, -11.122 5.9252 2.1656, -11.0472 5.9252 1.9519, -11.2205 5.9252 1.9291, -11.1194 5.9252 2.7552, -11.122 5.9252 2.7756, -11.0433 5.9252 2.6969, -10.574 5.9252 2.4252, -10.6408 5.9252 2.2638, -11.122 5.9252 2.4213, -10.7472 5.9252 2.1252, -10.8858 5.9252 2.0188, -11.1194 5.9252 2.4416, -11.1115 5.9252 2.4606, -11.0433 5.9252 2.5, -11.3773 5.9252 2.4973, -10.5906 5.9252 2.6969, -11.0827 5.9252 2.7074, -11.099 5.9252 2.7199, -11.1115 5.9252 2.7362, -11.2205 5.9252 3.2677, -11.0472 5.9252 3.2449, -11.122 5.9252 3.0313, -10.8858 5.9252 3.1781, -10.7472 5.9252 3.0717, -10.6408 5.9252 2.9331, -10.574 5.9252 2.7717, -10.5512 5.9252 2.5984, -10.5906 5.9252 2.5, -11.099 5.9252 2.4769, -11.0827 5.9252 2.4895, -11.0637 5.9252 2.4973, -11.0637 5.9252 2.6995, -11.2205 5.1378 1.5354, -10.9453 5.5315 1.5717, -10.9453 5.1378 1.5717, -10.689 5.5315 1.6779, -10.689 5.1378 1.6779, -10.4688 5.5315 1.8468, -10.4688 5.1378 1.8468, -10.2999 5.5315 2.0669, -10.2999 5.1378 2.0669, -10.1937 5.5315 2.3233, -10.1937 5.1378 2.3233, -10.1575 5.5315 2.5984, -10.1575 5.1378 2.5984, -10.1937 5.5315 2.8736, -10.1937 5.1378 2.8736, -10.2999 5.5315 3.1299, -10.2999 5.1378 3.1299, -10.4688 5.5315 3.3501, -10.4688 5.1378 3.3501, -10.689 5.5315 3.519, -10.689 5.1378 3.519, -10.9453 5.5315 3.6252, -10.9453 5.1378 3.6252, -11.2205 5.5315 3.6614, -11.2205 5.1378 3.6614, -11.4956 5.5315 3.6252, -11.4956 5.1378 3.6252, -11.752 5.5315 3.519, -11.752 5.1378 3.519, -11.9721 5.5315 3.3501, -11.9721 5.1378 3.3501, -12.1411 5.5315 3.1299, -12.1411 5.1378 3.1299, -12.2472 5.5315 2.8736, -12.2472 5.1378 2.8736, -12.2835 5.5315 2.5984, -12.2835 5.1378 2.5984, -12.2472 5.5315 2.3233, -12.2472 5.1378 2.3233, -12.1411 5.5315 2.0669, -12.1411 5.1378 2.0669, -11.9721 5.5315 1.8468, -11.9721 5.1378 1.8468, -11.752 5.5315 1.6779, -11.752 5.1378 1.6779, -11.4956 5.5315 1.5717, -11.4956 5.1378 1.5717, -11.2205 5.5315 1.5354, -11.0433 5.1378 2.6969, -10.5906 5.1378 2.6969, -10.5906 5.1378 2.5, -11.0433 5.1378 2.5, -11.122 5.1378 2.4213, -11.1194 5.1378 2.4416, -11.1115 5.1378 2.4606, -11.099 5.1378 2.4769, -11.0827 5.1378 2.4895, -11.0637 5.1378 2.4973, -11.122 5.1378 2.1656, -11.3189 5.1378 2.1656, -11.3189 5.1378 2.4213, -11.3976 5.1378 2.5, -11.3773 5.1378 2.4973, -11.3583 5.1378 2.4895, -11.342 5.1378 2.4769, -11.3294 5.1378 2.4606, -11.3216 5.1378 2.4416, -11.8504 5.1378 2.5, -11.8504 5.1378 2.6969, -11.3976 5.1378 2.6969, -11.3189 5.1378 2.7756, -11.3216 5.1378 2.7552, -11.3294 5.1378 2.7362, -11.342 5.1378 2.7199, -11.3583 5.1378 2.7074, -11.3773 5.1378 2.6995, -11.3189 5.1378 3.0313, -11.122 5.1378 3.0313, -11.122 5.1378 2.7756, -11.0637 5.1378 2.6995, -11.0827 5.1378 2.7074, -11.099 5.1378 2.7199, -11.1115 5.1378 2.7362, -11.1194 5.1378 2.7552, 7.6799 5.9118 3.3433, 7.8659 5.9118 3.2663, 8.0256 5.9118 3.1437, 8.1482 5.9118 2.984, 8.2252 5.9118 2.798, 8.2515 5.9118 2.5984, 8.2252 5.9118 2.3988, 8.1482 5.9118 2.2128, 8.0256 5.9118 2.0531, 7.8659 5.9118 1.9306, 7.6799 5.9118 1.8535, 7.4803 5.9118 1.8272, 7.2807 5.9118 1.8535, 7.0947 5.9118 1.9306, 6.935 5.9118 2.0531, 6.8124 5.9118 2.2128, 6.7354 5.9118 2.3988, 6.7091 5.9118 2.5984, 6.7354 5.9118 2.798, 6.8124 5.9118 2.984, 6.935 5.9118 3.1437, 7.0947 5.9118 3.2663, 7.2807 5.9118 3.3433, 7.4803 5.9118 3.3696, 7.7045 5.8725 3.4351, 7.9134 5.8725 3.3485, 8.0928 5.8725 3.2109, 8.2304 5.8725 3.0315, 8.3169 5.8725 2.8226, 8.3465 5.8725 2.5984, 8.3169 5.8725 2.3743, 8.2304 5.8725 2.1654, 8.0928 5.8725 1.986, 7.9134 5.8725 1.8483, 7.7045 5.8725 1.7618, 7.4803 5.8725 1.7323, 7.2561 5.8725 1.7618, 7.0472 5.8725 1.8483, 6.8679 5.8725 1.986, 6.7302 5.8725 2.1654, 6.6437 5.8725 2.3743, 6.6142 5.8725 2.5984, 6.6437 5.8725 2.8226, 6.7302 5.8725 3.0315, 6.8679 5.8725 3.2109, 7.0472 5.8725 3.3485, 7.2561 5.8725 3.4351, 7.4803 5.8725 3.4646, 7.7256 5.8099 3.5138, 7.9542 5.8099 3.4191, 8.1504 5.8099 3.2685, 8.301 5.8099 3.0723, 8.3957 5.8099 2.8437, 8.428 5.8099 2.5984, 8.3957 5.8099 2.3532, 8.301 5.8099 2.1246, 8.1504 5.8099 1.9283, 7.9542 5.8099 1.7777, 7.7256 5.8099 1.683, 7.4803 5.8099 1.6507, 7.235 5.8099 1.683, 7.0065 5.8099 1.7777, 6.8102 5.8099 1.9283, 6.6596 5.8099 2.1246, 6.5649 5.8099 2.3532, 6.5326 5.8099 2.5984, 6.5649 5.8099 2.8437, 6.6596 5.8099 3.0723, 6.8102 5.8099 3.2685, 7.0065 5.8099 3.4191, 7.235 5.8099 3.5138, 7.4803 5.8099 3.5461, 7.7418 5.7283 3.5743, 7.9854 5.7283 3.4733, 8.1947 5.7283 3.3128, 8.3552 5.7283 3.1036, 8.4561 5.7283 2.8599, 8.4906 5.7283 2.5984, 8.4561 5.7283 2.337, 8.3552 5.7283 2.0933, 8.1947 5.7283 1.8841, 7.9854 5.7283 1.7235, 7.7418 5.7283 1.6226, 7.4803 5.7283 1.5882, 7.2188 5.7283 1.6226, 6.9752 5.7283 1.7235, 6.766 5.7283 1.8841, 6.6054 5.7283 2.0933, 6.5045 5.7283 2.337, 6.4701 5.7283 2.5984, 6.5045 5.7283 2.8599, 6.6054 5.7283 3.1036, 6.766 5.7283 3.3128, 6.9752 5.7283 3.4733, 7.2188 5.7283 3.5743, 7.4803 5.7283 3.6087, 7.752 5.6334 3.6122, 8.0051 5.6334 3.5074, 8.2225 5.6334 3.3406, 8.3893 5.6334 3.1232, 8.4941 5.6334 2.8701, 8.5299 5.6334 2.5984, 8.4941 5.6334 2.3268, 8.3893 5.6334 2.0736, 8.2225 5.6334 1.8563, 8.0051 5.6334 1.6895, 7.752 5.6334 1.5846, 7.4803 5.6334 1.5489, 7.2087 5.6334 1.5846, 6.9555 5.6334 1.6895, 6.7382 5.6334 1.8563, 6.5714 5.6334 2.0736, 6.4665 5.6334 2.3268, 6.4307 5.6334 2.5984, 6.4665 5.6334 2.8701, 6.5714 5.6334 3.1232, 6.7382 5.6334 3.3406, 6.9555 5.6334 3.5074, 7.2087 5.6334 3.6122, 7.4803 5.6334 3.648, 8.78 5.1371 1.3057, 6.226 5.1364 1.2959, 6.1806 5.1371 3.8912, 8.7346 5.1364 3.9009, 3.9398 5.9118 3.3433, 4.1258 5.9118 3.2663, 4.2855 5.9118 3.1437, 4.408 5.9118 2.984, 4.4851 5.9118 2.798, 4.5113 5.9118 2.5984, 4.4851 5.9118 2.3988, 4.408 5.9118 2.2128, 4.2855 5.9118 2.0531, 4.1258 5.9118 1.9306, 3.9398 5.9118 1.8535, 3.7402 5.9118 1.8272, 3.5406 5.9118 1.8535, 3.3546 5.9118 1.9306, 3.1948 5.9118 2.0531, 3.0723 5.9118 2.2128, 2.9952 5.9118 2.3988, 2.969 5.9118 2.5984, 2.9952 5.9118 2.798, 3.0723 5.9118 2.984, 3.1948 5.9118 3.1437, 3.3546 5.9118 3.2663, 3.5406 5.9118 3.3433, 3.7402 5.9118 3.3696, 3.9643 5.8725 3.4351, 4.1732 5.8725 3.3485, 4.3526 5.8725 3.2109, 4.4903 5.8725 3.0315, 4.5768 5.8725 2.8226, 4.6063 5.8725 2.5984, 4.5768 5.8725 2.3743, 4.4903 5.8725 2.1654, 4.3526 5.8725 1.986, 4.1732 5.8725 1.8483, 3.9643 5.8725 1.7618, 3.7402 5.8725 1.7323, 3.516 5.8725 1.7618, 3.3071 5.8725 1.8483, 3.1277 5.8725 1.986, 2.9901 5.8725 2.1654, 2.9035 5.8725 2.3743, 2.874 5.8725 2.5984, 2.9035 5.8725 2.8226, 2.9901 5.8725 3.0315, 3.1277 5.8725 3.2109, 3.3071 5.8725 3.3485, 3.516 5.8725 3.4351, 3.7402 5.8725 3.4646, 3.9854 5.8099 3.5138, 4.214 5.8099 3.4191, 4.4103 5.8099 3.2685, 4.5609 5.8099 3.0723, 4.6555 5.8099 2.8437, 4.6878 5.8099 2.5984, 4.6555 5.8099 2.3532, 4.5609 5.8099 2.1246, 4.4103 5.8099 1.9283, 4.214 5.8099 1.7777, 3.9854 5.8099 1.683, 3.7402 5.8099 1.6507, 3.4949 5.8099 1.683, 3.2663 5.8099 1.7777, 3.07 5.8099 1.9283, 2.9194 5.8099 2.1246, 2.8248 5.8099 2.3532, 2.7925 5.8099 2.5984, 2.8248 5.8099 2.8437, 2.9194 5.8099 3.0723, 3.07 5.8099 3.2685, 3.2663 5.8099 3.4191, 3.4949 5.8099 3.5138, 3.7402 5.8099 3.5461, 4.0016 5.7283 3.5743, 4.2453 5.7283 3.4733, 4.4545 5.7283 3.3128, 4.6151 5.7283 3.1036, 4.716 5.7283 2.8599, 4.7504 5.7283 2.5984, 4.716 5.7283 2.337, 4.6151 5.7283 2.0933, 4.4545 5.7283 1.8841, 4.2453 5.7283 1.7235, 4.0016 5.7283 1.6226, 3.7402 5.7283 1.5882, 3.4787 5.7283 1.6226, 3.235 5.7283 1.7235, 3.0258 5.7283 1.8841, 2.8653 5.7283 2.0933, 2.7643 5.7283 2.337, 2.7299 5.7283 2.5984, 2.7643 5.7283 2.8599, 2.8653 5.7283 3.1036, 3.0258 5.7283 3.3128, 3.235 5.7283 3.4733, 3.4787 5.7283 3.5743, 3.7402 5.7283 3.6087, 4.0118 5.6334 3.6122, 4.2649 5.6334 3.5074, 4.4823 5.6334 3.3406, 4.6491 5.6334 3.1232, 4.754 5.6334 2.8701, 4.7897 5.6334 2.5984, 4.754 5.6334 2.3268, 4.6491 5.6334 2.0736, 4.4823 5.6334 1.8563, 4.2649 5.6334 1.6895, 4.0118 5.6334 1.5846, 3.7402 5.6334 1.5489, 3.4685 5.6334 1.5846, 3.2154 5.6334 1.6895, 2.998 5.6334 1.8563, 2.8312 5.6334 2.0736, 2.7263 5.6334 2.3268, 2.6906 5.6334 2.5984, 2.7263 5.6334 2.8701, 2.8312 5.6334 3.1232, 2.998 5.6334 3.3406, 3.2154 5.6334 3.5074, 3.4685 5.6334 3.6122, 3.7402 5.6334 3.648, 5.0398 5.1371 1.3057, 2.4859 5.1364 1.2959, 2.4405 5.1371 3.8912, 4.9944 5.1364 3.9009, 0.1996 5.9118 3.3433, 0.3856 5.9118 3.2663, 0.5453 5.9118 3.1437, 0.6679 5.9118 2.984, 0.7449 5.9118 2.798, 0.7712 5.9118 2.5984, 0.7449 5.9118 2.3988, 0.6679 5.9118 2.2128, 0.5453 5.9118 2.0531, 0.3856 5.9118 1.9306, 0.1996 5.9118 1.8535, 0.0 5.9118 1.8272, -0.1996 5.9118 1.8535, -0.3856 5.9118 1.9306, -0.5453 5.9118 2.0531, -0.6679 5.9118 2.2128, -0.7449 5.9118 2.3988, -0.7712 5.9118 2.5984, -0.7449 5.9118 2.798, -0.6679 5.9118 2.984, -0.5453 5.9118 3.1437, -0.3856 5.9118 3.2663, -0.1996 5.9118 3.3433, 0.0 5.9118 3.3696, 0.2242 5.8725 3.4351, 0.4331 5.8725 3.3485, 0.6125 5.8725 3.2109, 0.7501 5.8725 3.0315, 0.8366 5.8725 2.8226, 0.8661 5.8725 2.5984, 0.8366 5.8725 2.3743, 0.7501 5.8725 2.1654, 0.6125 5.8725 1.986, 0.4331 5.8725 1.8483, 0.2242 5.8725 1.7618, 0.0 5.8725 1.7323, -0.2242 5.8725 1.7618, -0.4331 5.8725 1.8483, -0.6125 5.8725 1.986, -0.7501 5.8725 2.1654, -0.8366 5.8725 2.3743, -0.8661 5.8725 2.5984, -0.8366 5.8725 2.8226, -0.7501 5.8725 3.0315, -0.6125 5.8725 3.2109, -0.4331 5.8725 3.3485, -0.2242 5.8725 3.4351, 0.0 5.8725 3.4646, 0.2453 5.8099 3.5138, 0.4738 5.8099 3.4191, 0.6701 5.8099 3.2685, 0.8207 5.8099 3.0723, 0.9154 5.8099 2.8437, 0.9477 5.8099 2.5984, 0.9154 5.8099 2.3532, 0.8207 5.8099 2.1246, 0.6701 5.8099 1.9283, 0.4738 5.8099 1.7777, 0.2453 5.8099 1.683, 0.0 5.8099 1.6507, -0.2453 5.8099 1.683, -0.4738 5.8099 1.7777, -0.6701 5.8099 1.9283, -0.8207 5.8099 2.1246, -0.9154 5.8099 2.3532, -0.9477 5.8099 2.5984, -0.9154 5.8099 2.8437, -0.8207 5.8099 3.0723, -0.6701 5.8099 3.2685, -0.4738 5.8099 3.4191, -0.2453 5.8099 3.5138, 0.0 5.8099 3.5461, 0.2615 5.7283 3.5743, 0.5051 5.7283 3.4733, 0.7144 5.7283 3.3128, 0.8749 5.7283 3.1036, 0.9758 5.7283 2.8599, 1.0102 5.7283 2.5984, 0.9758 5.7283 2.337, 0.8749 5.7283 2.0933, 0.7144 5.7283 1.8841, 0.5051 5.7283 1.7235, 0.2615 5.7283 1.6226, 0.0 5.7283 1.5882, -0.2615 5.7283 1.6226, -0.5051 5.7283 1.7235, -0.7144 5.7283 1.8841, -0.8749 5.7283 2.0933, -0.9758 5.7283 2.337, -1.0102 5.7283 2.5984, -0.9758 5.7283 2.8599, -0.8749 5.7283 3.1036, -0.7144 5.7283 3.3128, -0.5051 5.7283 3.4733, -0.2615 5.7283 3.5743, 0.0 5.7283 3.6087, 0.2717 5.6334 3.6122, 0.5248 5.6334 3.5074, 0.7422 5.6334 3.3406, 0.909 5.6334 3.1232, 1.0138 5.6334 2.8701, 1.0496 5.6334 2.5984, 1.0138 5.6334 2.3268, 0.909 5.6334 2.0736, 0.7422 5.6334 1.8563, 0.5248 5.6334 1.6895, 0.2717 5.6334 1.5846, 0.0 5.6334 1.5489, -0.2717 5.6334 1.5846, -0.5248 5.6334 1.6895, -0.7422 5.6334 1.8563, -0.909 5.6334 2.0736, -1.0138 5.6334 2.3268, -1.0496 5.6334 2.5984, -1.0138 5.6334 2.8701, -0.909 5.6334 3.1232, -0.7422 5.6334 3.3406, -0.5248 5.6334 3.5074, -0.2717 5.6334 3.6122, 0.0 5.6334 3.648, 1.2997 5.1371 1.3057, -1.2543 5.1364 1.2959, -1.2543 5.1364 3.9009, 1.2543 5.1364 3.9009, -3.5406 5.9118 3.3433, -3.3546 5.9118 3.2663, -3.1948 5.9118 3.1437, -3.0723 5.9118 2.984, -2.9952 5.9118 2.798, -2.969 5.9118 2.5984, -2.9952 5.9118 2.3988, -3.0723 5.9118 2.2128, -3.1948 5.9118 2.0531, -3.3546 5.9118 1.9306, -3.5406 5.9118 1.8535, -3.7402 5.9118 1.8272, -3.9398 5.9118 1.8535, -4.1258 5.9118 1.9306, -4.2855 5.9118 2.0531, -4.408 5.9118 2.2128, -4.4851 5.9118 2.3988, -4.5113 5.9118 2.5984, -4.4851 5.9118 2.798, -4.408 5.9118 2.984, -4.2855 5.9118 3.1437, -4.1258 5.9118 3.2663, -3.9398 5.9118 3.3433, -3.7402 5.9118 3.3696, -3.516 5.8725 3.4351, -3.3071 5.8725 3.3485, -3.1277 5.8725 3.2109, -2.9901 5.8725 3.0315, -2.9035 5.8725 2.8226, -2.874 5.8725 2.5984, -2.9035 5.8725 2.3743, -2.9901 5.8725 2.1654, -3.1277 5.8725 1.986, -3.3071 5.8725 1.8483, -3.516 5.8725 1.7618, -3.7402 5.8725 1.7323, -3.9643 5.8725 1.7618, -4.1732 5.8725 1.8483, -4.3526 5.8725 1.986, -4.4903 5.8725 2.1654, -4.5768 5.8725 2.3743, -4.6063 5.8725 2.5984, -4.5768 5.8725 2.8226, -4.4903 5.8725 3.0315, -4.3526 5.8725 3.2109, -4.1732 5.8725 3.3485, -3.9643 5.8725 3.4351, -3.7402 5.8725 3.4646, -3.4949 5.8099 3.5138, -3.2663 5.8099 3.4191, -3.07 5.8099 3.2685, -2.9194 5.8099 3.0723, -2.8248 5.8099 2.8437, -2.7925 5.8099 2.5984, -2.8248 5.8099 2.3532, -2.9194 5.8099 2.1246, -3.07 5.8099 1.9283, -3.2663 5.8099 1.7777, -3.4949 5.8099 1.683, -3.7402 5.8099 1.6507, -3.9854 5.8099 1.683, -4.214 5.8099 1.7777, -4.4103 5.8099 1.9283, -4.5609 5.8099 2.1246, -4.6555 5.8099 2.3532, -4.6878 5.8099 2.5984, -4.6555 5.8099 2.8437, -4.5609 5.8099 3.0723, -4.4103 5.8099 3.2685, -4.214 5.8099 3.4191, -3.9854 5.8099 3.5138, -3.7402 5.8099 3.5461, -3.4787 5.7283 3.5743, -3.235 5.7283 3.4733, -3.0258 5.7283 3.3128, -2.8653 5.7283 3.1036, -2.7643 5.7283 2.8599, -2.7299 5.7283 2.5984, -2.7643 5.7283 2.337, -2.8653 5.7283 2.0933, -3.0258 5.7283 1.8841, -3.235 5.7283 1.7235, -3.4787 5.7283 1.6226, -3.7402 5.7283 1.5882, -4.0016 5.7283 1.6226, -4.2453 5.7283 1.7235, -4.4545 5.7283 1.8841, -4.6151 5.7283 2.0933, -4.716 5.7283 2.337, -4.7504 5.7283 2.5984, -4.716 5.7283 2.8599, -4.6151 5.7283 3.1036, -4.4545 5.7283 3.3128, -4.2453 5.7283 3.4733, -4.0016 5.7283 3.5743, -3.7402 5.7283 3.6087, -3.4685 5.6334 3.6122, -3.2154 5.6334 3.5074, -2.998 5.6334 3.3406, -2.8312 5.6334 3.1232, -2.7263 5.6334 2.8701, -2.6906 5.6334 2.5984, -2.7263 5.6334 2.3268, -2.8312 5.6334 2.0736, -2.998 5.6334 1.8563, -3.2154 5.6334 1.6895, -3.4685 5.6334 1.5846, -3.7402 5.6334 1.5489, -4.0118 5.6334 1.5846, -4.2649 5.6334 1.6895, -4.4823 5.6334 1.8563, -4.6491 5.6334 2.0736, -4.754 5.6334 2.3268, -4.7897 5.6334 2.5984, -4.754 5.6334 2.8701, -4.6491 5.6334 3.1232, -4.4823 5.6334 3.3406, -4.2649 5.6334 3.5074, -4.0118 5.6334 3.6122, -3.7402 5.6334 3.648, -2.4405 5.1371 1.3057, -4.9944 5.1364 1.2959, -4.9944 5.1364 3.9009, -2.4859 5.1364 3.9009, -7.2807 5.9118 3.3433, -7.0947 5.9118 3.2663, -6.935 5.9118 3.1437, -6.8124 5.9118 2.984, -6.7354 5.9118 2.798, -6.7091 5.9118 2.5984, -6.7354 5.9118 2.3988, -6.8124 5.9118 2.2128, -6.935 5.9118 2.0531, -7.0947 5.9118 1.9306, -7.2807 5.9118 1.8535, -7.4803 5.9118 1.8272, -7.6799 5.9118 1.8535, -7.8659 5.9118 1.9306, -8.0256 5.9118 2.0531, -8.1482 5.9118 2.2128, -8.2252 5.9118 2.3988, -8.2515 5.9118 2.5984, -8.2252 5.9118 2.798, -8.1482 5.9118 2.984, -8.0256 5.9118 3.1437, -7.8659 5.9118 3.2663, -7.6799 5.9118 3.3433, -7.4803 5.9118 3.3696, -7.2561 5.8725 3.4351, -7.0472 5.8725 3.3485, -6.8679 5.8725 3.2109, -6.7302 5.8725 3.0315, -6.6437 5.8725 2.8226, -6.6142 5.8725 2.5984, -6.6437 5.8725 2.3743, -6.7302 5.8725 2.1654, -6.8679 5.8725 1.986, -7.0472 5.8725 1.8483, -7.2561 5.8725 1.7618, -7.4803 5.8725 1.7323, -7.7045 5.8725 1.7618, -7.9134 5.8725 1.8483, -8.0928 5.8725 1.986, -8.2304 5.8725 2.1654, -8.3169 5.8725 2.3743, -8.3465 5.8725 2.5984, -8.3169 5.8725 2.8226, -8.2304 5.8725 3.0315, -8.0928 5.8725 3.2109, -7.9134 5.8725 3.3485, -7.7045 5.8725 3.4351, -7.4803 5.8725 3.4646, -7.235 5.8099 3.5138, -7.0065 5.8099 3.4191, -6.8102 5.8099 3.2685, -6.6596 5.8099 3.0723, -6.5649 5.8099 2.8437, -6.5326 5.8099 2.5984, -6.5649 5.8099 2.3532, -6.6596 5.8099 2.1246, -6.8102 5.8099 1.9283, -7.0065 5.8099 1.7777, -7.235 5.8099 1.683, -7.4803 5.8099 1.6507, -7.7256 5.8099 1.683, -7.9542 5.8099 1.7777, -8.1504 5.8099 1.9283, -8.301 5.8099 2.1246, -8.3957 5.8099 2.3532, -8.428 5.8099 2.5984, -8.3957 5.8099 2.8437, -8.301 5.8099 3.0723, -8.1504 5.8099 3.2685, -7.9542 5.8099 3.4191, -7.7256 5.8099 3.5138, -7.4803 5.8099 3.5461, -7.2188 5.7283 3.5743, -6.9752 5.7283 3.4733, -6.766 5.7283 3.3128, -6.6054 5.7283 3.1036, -6.5045 5.7283 2.8599, -6.4701 5.7283 2.5984, -6.5045 5.7283 2.337, -6.6054 5.7283 2.0933, -6.766 5.7283 1.8841, -6.9752 5.7283 1.7235, -7.2188 5.7283 1.6226, -7.4803 5.7283 1.5882, -7.7418 5.7283 1.6226, -7.9854 5.7283 1.7235, -8.1947 5.7283 1.8841, -8.3552 5.7283 2.0933, -8.4561 5.7283 2.337, -8.4906 5.7283 2.5984, -8.4561 5.7283 2.8599, -8.3552 5.7283 3.1036, -8.1947 5.7283 3.3128, -7.9854 5.7283 3.4733, -7.7418 5.7283 3.5743, -7.4803 5.7283 3.6087, -7.2087 5.6334 3.6122, -6.9555 5.6334 3.5074, -6.7382 5.6334 3.3406, -6.5714 5.6334 3.1232, -6.4665 5.6334 2.8701, -6.4307 5.6334 2.5984, -6.4665 5.6334 2.3268, -6.5714 5.6334 2.0736, -6.7382 5.6334 1.8563, -6.9555 5.6334 1.6895, -7.2087 5.6334 1.5846, -7.4803 5.6334 1.5489, -7.752 5.6334 1.5846, -8.0051 5.6334 1.6895, -8.2225 5.6334 1.8563, -8.3893 5.6334 2.0736, -8.4941 5.6334 2.3268, -8.5299 5.6334 2.5984, -8.4941 5.6334 2.8701, -8.3893 5.6334 3.1232, -8.2225 5.6334 3.3406, -8.0051 5.6334 3.5074, -7.752 5.6334 3.6122, -7.4803 5.6334 3.648, -6.1806 5.1371 1.3057, -8.7346 5.1364 1.2959, -8.78 5.1371 3.8912, -6.226 5.1364 3.9009, -11.0209 5.9118 3.3433, -10.8349 5.9118 3.2663, -10.6752 5.9118 3.1437, -10.5526 5.9118 2.984, -10.4756 5.9118 2.798, -10.4493 5.9118 2.5984, -10.4756 5.9118 2.3988, -10.5526 5.9118 2.2128, -10.6752 5.9118 2.0531, -10.8349 5.9118 1.9306, -11.0209 5.9118 1.8535, -11.2205 5.9118 1.8272, -11.4201 5.9118 1.8535, -11.6061 5.9118 1.9306, -11.7658 5.9118 2.0531, -11.8883 5.9118 2.2128, -11.9654 5.9118 2.3988, -11.9917 5.9118 2.5984, -11.9654 5.9118 2.798, -11.8883 5.9118 2.984, -11.7658 5.9118 3.1437, -11.6061 5.9118 3.2663, -11.4201 5.9118 3.3433, -11.2205 5.9118 3.3696, -10.9963 5.8725 3.4351, -10.7874 5.8725 3.3485, -10.608 5.8725 3.2109, -10.4704 5.8725 3.0315, -10.3838 5.8725 2.8226, -10.3543 5.8725 2.5984, -10.3838 5.8725 2.3743, -10.4704 5.8725 2.1654, -10.608 5.8725 1.986, -10.7874 5.8725 1.8483, -10.9963 5.8725 1.7618, -11.2205 5.8725 1.7323, -11.4446 5.8725 1.7618, -11.6535 5.8725 1.8483, -11.8329 5.8725 1.986, -11.9706 5.8725 2.1654, -12.0571 5.8725 2.3743, -12.0866 5.8725 2.5984, -12.0571 5.8725 2.8226, -11.9706 5.8725 3.0315, -11.8329 5.8725 3.2109, -11.6535 5.8725 3.3485, -11.4446 5.8725 3.4351, -11.2205 5.8725 3.4646, -10.9752 5.8099 3.5138, -10.7466 5.8099 3.4191, -10.5504 5.8099 3.2685, -10.3998 5.8099 3.0723, -10.3051 5.8099 2.8437, -10.2728 5.8099 2.5984, -10.3051 5.8099 2.3532, -10.3998 5.8099 2.1246, -10.5504 5.8099 1.9283, -10.7466 5.8099 1.7777, -10.9752 5.8099 1.683, -11.2205 5.8099 1.6507, -11.4657 5.8099 1.683, -11.6943 5.8099 1.7777, -11.8906 5.8099 1.9283, -12.0412 5.8099 2.1246, -12.1359 5.8099 2.3532, -12.1682 5.8099 2.5984, -12.1359 5.8099 2.8437, -12.0412 5.8099 3.0723, -11.8906 5.8099 3.2685, -11.6943 5.8099 3.4191, -11.4657 5.8099 3.5138, -11.2205 5.8099 3.5461, -10.959 5.7283 3.5743, -10.7153 5.7283 3.4733, -10.5061 5.7283 3.3128, -10.3456 5.7283 3.1036, -10.2446 5.7283 2.8599, -10.2102 5.7283 2.5984, -10.2446 5.7283 2.337, -10.3456 5.7283 2.0933, -10.5061 5.7283 1.8841, -10.7153 5.7283 1.7235, -10.959 5.7283 1.6226, -11.2205 5.7283 1.5882, -11.4819 5.7283 1.6226, -11.7256 5.7283 1.7235, -11.9348 5.7283 1.8841, -12.0954 5.7283 2.0933, -12.1963 5.7283 2.337, -12.2307 5.7283 2.5984, -12.1963 5.7283 2.8599, -12.0954 5.7283 3.1036, -11.9348 5.7283 3.3128, -11.7256 5.7283 3.4733, -11.4819 5.7283 3.5743, -11.2205 5.7283 3.6087, -10.9488 5.6334 3.6122, -10.6957 5.6334 3.5074, -10.4783 5.6334 3.3406, -10.3115 5.6334 3.1232, -10.2067 5.6334 2.8701, -10.1709 5.6334 2.5984, -10.2067 5.6334 2.3268, -10.3115 5.6334 2.0736, -10.4783 5.6334 1.8563, -10.6957 5.6334 1.6895, -10.9488 5.6334 1.5846, -11.2205 5.6334 1.5489, -11.4921 5.6334 1.5846, -11.7453 5.6334 1.6895, -11.9626 5.6334 1.8563, -12.1294 5.6334 2.0736, -12.2343 5.6334 2.3268, -12.27 5.6334 2.5984, -12.2343 5.6334 2.8701, -12.1294 5.6334 3.1232, -11.9626 5.6334 3.3406, -11.7453 5.6334 3.5074, -11.4921 5.6334 3.6122, -11.2205 5.6334 3.648, -9.9208 5.1371 1.3057, -12.4748 5.1364 1.2959, -12.5202 5.1371 3.8912, -9.9662 5.1364 3.9009
            ]
        }
        coordIndex [
            0,1,2,-1,2,1,3,-1,0,2,4,-1,0,4,5,-1,5,4,6,-1,5,6,7,-1,7,6,8,-1,7,8,9,-1,8,10,9,-1,9,10,11,-1,12,9,13,-1,13,9,11,-1,13,11,14,-1,14,11,15,-1,16,17,15,-1,15,17,14,-1,18,19,20,-1,21,22,23,-1,17,16,23,-1,23,16,18,-1,23,18,21,-1,21,18,20,-1,21,20,24,-1,24,20,25,-1,24,25,26,-1,26,25,27,-1,26,27,28,-1,28,27,29,-1,30,28,31,-1,31,28,29,-1,9,12,22,-1,30,1,28,-1,28,1,0,-1,28,0,26,-1,22,21,9,-1,9,21,24,-1,9,24,7,-1,7,24,26,-1,7,26,5,-1,5,26,0,-1,2,3,31,-1,6,4,2,-1,8,6,27,-1,27,6,2,-1,27,2,29,-1,29,2,31,-1,19,10,20,-1,20,10,8,-1,20,8,25,-1,25,8,27,-1,32,33,34,-1,34,33,35,-1,36,37,35,-1,35,37,38,-1,35,38,34,-1,39,40,41,-1,41,40,42,-1,41,42,43,-1,43,42,44,-1,44,42,45,-1,44,45,46,-1,46,45,47,-1,46,47,48,-1,48,47,49,-1,49,47,50,-1,49,50,51,-1,51,50,52,-1,51,52,53,-1,54,53,55,-1,55,53,52,-1,54,55,56,-1,57,58,59,-1,59,58,60,-1,60,61,59,-1,59,61,62,-1,59,62,56,-1,56,62,63,-1,56,63,54,-1,58,57,64,-1,64,57,65,-1,66,67,65,-1,65,67,68,-1,65,68,64,-1,69,70,71,-1,71,70,72,-1,71,72,73,-1,73,72,74,-1,74,72,75,-1,74,75,76,-1,76,75,77,-1,76,77,78,-1,78,77,79,-1,79,77,80,-1,79,80,81,-1,81,80,82,-1,81,82,83,-1,84,83,85,-1,85,83,82,-1,84,85,86,-1,33,32,87,-1,87,32,88,-1,88,89,87,-1,87,89,90,-1,87,90,86,-1,86,90,91,-1,86,91,84,-1,92,93,94,-1,94,93,95,-1,96,97,98,-1,98,97,99,-1,100,99,101,-1,101,99,97,-1,101,97,95,-1,95,97,102,-1,95,102,94,-1,96,98,103,-1,103,98,104,-1,103,104,105,-1,105,104,106,-1,105,106,107,-1,108,109,110,-1,110,109,111,-1,110,111,112,-1,113,114,115,-1,116,117,111,-1,111,117,118,-1,111,118,112,-1,119,120,121,-1,107,106,122,-1,122,106,123,-1,122,123,124,-1,124,123,110,-1,110,123,125,-1,110,125,108,-1,126,120,127,-1,127,120,119,-1,127,119,116,-1,116,119,128,-1,116,128,117,-1,92,129,93,-1,93,129,130,-1,93,130,131,-1,131,130,132,-1,113,115,133,-1,133,115,134,-1,133,134,121,-1,121,134,135,-1,121,135,119,-1,114,113,136,-1,136,113,137,-1,136,137,138,-1,138,137,130,-1,130,137,139,-1,130,139,132,-1,140,141,142,-1,140,142,143,-1,144,145,140,-1,140,145,146,-1,140,146,141,-1,147,148,149,-1,149,148,150,-1,149,150,151,-1,151,150,152,-1,151,152,144,-1,144,152,153,-1,144,153,145,-1,147,149,154,-1,154,149,155,-1,154,155,156,-1,156,155,157,-1,156,157,158,-1,158,157,159,-1,159,157,160,-1,159,160,161,-1,162,163,160,-1,160,163,164,-1,160,164,161,-1,165,166,167,-1,167,166,168,-1,167,168,162,-1,162,168,169,-1,162,169,163,-1,170,171,165,-1,165,171,172,-1,165,172,166,-1,142,173,143,-1,143,173,174,-1,143,174,170,-1,170,174,175,-1,170,175,171,-1,137,113,176,-1,176,113,177,-1,113,133,177,-1,177,133,178,-1,133,121,178,-1,178,121,179,-1,127,180,181,-1,127,181,126,-1,126,181,182,-1,126,182,120,-1,120,182,179,-1,120,179,121,-1,127,116,180,-1,180,116,183,-1,116,111,183,-1,183,111,184,-1,111,109,184,-1,184,109,185,-1,123,186,187,-1,123,187,125,-1,125,187,188,-1,125,188,108,-1,108,188,185,-1,108,185,109,-1,123,106,186,-1,186,106,189,-1,106,104,189,-1,189,104,190,-1,104,98,190,-1,190,98,191,-1,101,192,193,-1,101,193,100,-1,100,193,194,-1,100,194,99,-1,99,194,191,-1,99,191,98,-1,101,95,192,-1,192,95,195,-1,95,93,195,-1,195,93,196,-1,93,131,196,-1,196,131,197,-1,137,176,198,-1,137,198,139,-1,139,198,199,-1,139,199,132,-1,132,199,197,-1,132,197,131,-1,176,177,178,-1,196,197,187,-1,187,197,199,-1,187,199,188,-1,188,199,198,-1,188,198,185,-1,185,198,184,-1,186,189,190,-1,178,179,176,-1,176,179,182,-1,176,182,198,-1,198,182,181,-1,198,181,184,-1,184,181,180,-1,184,180,183,-1,190,191,186,-1,186,191,194,-1,186,194,187,-1,187,194,193,-1,187,193,196,-1,196,193,192,-1,196,192,195,-1,92,200,129,-1,129,200,201,-1,129,201,130,-1,130,201,202,-1,130,202,138,-1,138,202,203,-1,138,203,136,-1,136,203,204,-1,136,204,114,-1,114,204,205,-1,114,205,115,-1,115,205,206,-1,115,206,134,-1,134,206,207,-1,134,207,135,-1,135,207,208,-1,135,208,119,-1,119,208,209,-1,119,209,128,-1,128,209,210,-1,128,210,117,-1,117,210,211,-1,117,211,118,-1,118,211,212,-1,118,212,112,-1,112,212,213,-1,112,213,110,-1,110,213,214,-1,110,214,124,-1,124,214,215,-1,124,215,122,-1,122,215,216,-1,122,216,107,-1,107,216,217,-1,107,217,105,-1,105,217,218,-1,105,218,103,-1,103,218,219,-1,103,219,96,-1,96,219,220,-1,96,220,97,-1,97,220,221,-1,97,221,102,-1,102,221,222,-1,102,222,94,-1,94,222,223,-1,94,223,92,-1,92,223,200,-1,223,224,200,-1,200,224,225,-1,200,225,201,-1,201,225,226,-1,201,226,202,-1,202,226,227,-1,202,227,203,-1,203,227,228,-1,203,228,204,-1,204,228,229,-1,204,229,205,-1,205,229,230,-1,205,230,206,-1,206,230,231,-1,206,231,207,-1,207,231,232,-1,207,232,208,-1,208,232,233,-1,208,233,209,-1,209,233,234,-1,209,234,210,-1,210,234,235,-1,210,235,211,-1,211,235,236,-1,211,236,212,-1,212,236,237,-1,212,237,213,-1,213,237,238,-1,213,238,214,-1,214,238,239,-1,214,239,215,-1,215,239,240,-1,215,240,216,-1,216,240,241,-1,216,241,217,-1,217,241,242,-1,217,242,218,-1,218,242,243,-1,218,243,219,-1,219,243,244,-1,219,244,220,-1,220,244,245,-1,220,245,221,-1,221,245,246,-1,221,246,222,-1,222,246,247,-1,222,247,223,-1,223,247,224,-1,247,159,224,-1,224,159,161,-1,224,161,225,-1,225,161,164,-1,225,164,226,-1,226,164,163,-1,226,163,227,-1,227,163,169,-1,227,169,228,-1,228,169,168,-1,228,168,229,-1,229,168,166,-1,229,166,230,-1,230,166,172,-1,230,172,231,-1,231,172,171,-1,231,171,232,-1,232,171,175,-1,232,175,233,-1,233,175,174,-1,233,174,234,-1,234,174,173,-1,234,173,235,-1,235,173,142,-1,235,142,236,-1,236,142,141,-1,236,141,237,-1,237,141,146,-1,237,146,238,-1,238,146,145,-1,238,145,239,-1,239,145,153,-1,239,153,240,-1,240,153,152,-1,240,152,241,-1,241,152,150,-1,241,150,242,-1,242,150,148,-1,242,148,243,-1,243,148,147,-1,243,147,244,-1,244,147,154,-1,244,154,245,-1,245,154,156,-1,245,156,246,-1,246,156,158,-1,246,158,247,-1,247,158,159,-1,46,48,49,-1,32,90,88,-1,88,90,89,-1,41,43,34,-1,32,34,90,-1,90,34,43,-1,90,43,49,-1,49,43,44,-1,49,44,46,-1,34,38,41,-1,41,38,37,-1,41,37,39,-1,39,37,36,-1,39,36,40,-1,76,78,79,-1,58,62,60,-1,60,62,61,-1,71,73,64,-1,58,64,62,-1,62,64,73,-1,62,73,79,-1,79,73,74,-1,79,74,76,-1,64,68,71,-1,71,68,67,-1,71,67,69,-1,69,67,66,-1,69,66,70,-1,11,18,15,-1,15,18,16,-1,10,19,11,-1,11,19,18,-1,14,17,13,-1,13,17,23,-1,13,23,12,-1,12,23,22,-1,248,249,250,-1,250,249,251,-1,248,250,252,-1,248,252,253,-1,253,252,254,-1,253,254,255,-1,255,254,256,-1,255,256,257,-1,257,256,258,-1,257,258,259,-1,259,258,260,-1,259,260,261,-1,261,260,262,-1,261,262,263,-1,264,265,263,-1,262,266,267,-1,268,269,267,-1,267,269,264,-1,267,264,262,-1,262,264,263,-1,269,268,270,-1,270,268,271,-1,272,273,274,-1,274,273,275,-1,276,274,277,-1,277,274,275,-1,277,275,271,-1,271,275,270,-1,272,274,278,-1,278,274,279,-1,278,279,280,-1,280,279,281,-1,280,281,282,-1,282,281,283,-1,282,283,284,-1,284,283,285,-1,284,285,286,-1,286,285,287,-1,286,287,288,-1,288,287,289,-1,290,288,291,-1,291,288,289,-1,255,257,282,-1,290,249,288,-1,288,249,248,-1,288,248,286,-1,286,248,284,-1,265,273,263,-1,263,273,272,-1,284,248,282,-1,282,248,253,-1,282,253,255,-1,272,278,263,-1,263,278,280,-1,263,280,261,-1,261,280,282,-1,261,282,259,-1,259,282,257,-1,251,291,250,-1,250,291,289,-1,258,256,283,-1,289,287,250,-1,250,287,285,-1,250,285,252,-1,252,285,283,-1,252,283,254,-1,254,283,256,-1,276,266,274,-1,274,266,262,-1,274,262,279,-1,279,262,281,-1,281,262,283,-1,283,262,260,-1,283,260,258,-1,292,293,294,-1,294,293,295,-1,292,294,296,-1,292,296,297,-1,297,296,298,-1,297,298,299,-1,299,298,300,-1,299,300,301,-1,301,300,302,-1,301,302,303,-1,303,302,304,-1,303,304,305,-1,305,304,306,-1,305,306,307,-1,306,308,307,-1,307,308,309,-1,310,307,311,-1,311,307,309,-1,311,309,312,-1,312,309,313,-1,314,315,313,-1,313,315,312,-1,316,317,318,-1,319,320,321,-1,315,314,321,-1,321,314,316,-1,321,316,319,-1,319,316,318,-1,319,318,322,-1,322,318,323,-1,322,323,324,-1,324,323,325,-1,324,325,326,-1,326,325,327,-1,326,327,328,-1,328,327,329,-1,328,329,330,-1,330,329,331,-1,330,331,332,-1,332,331,333,-1,334,332,335,-1,335,332,333,-1,299,301,326,-1,334,293,332,-1,332,293,292,-1,332,292,330,-1,330,292,328,-1,310,320,307,-1,307,320,319,-1,328,292,326,-1,326,292,297,-1,326,297,299,-1,319,322,307,-1,307,322,324,-1,307,324,305,-1,305,324,326,-1,305,326,303,-1,303,326,301,-1,295,335,294,-1,294,335,333,-1,302,300,327,-1,333,331,294,-1,294,331,329,-1,294,329,296,-1,296,329,327,-1,296,327,298,-1,298,327,300,-1,317,308,318,-1,318,308,306,-1,318,306,323,-1,323,306,325,-1,325,306,327,-1,327,306,304,-1,327,304,302,-1,336,337,338,-1,338,337,339,-1,336,338,340,-1,336,340,341,-1,341,340,342,-1,341,342,343,-1,343,342,344,-1,343,344,345,-1,345,344,346,-1,345,346,347,-1,347,346,348,-1,347,348,349,-1,349,348,350,-1,349,350,351,-1,352,353,351,-1,350,354,355,-1,356,357,355,-1,355,357,352,-1,355,352,350,-1,350,352,351,-1,357,356,358,-1,358,356,359,-1,360,361,362,-1,362,361,363,-1,364,362,365,-1,365,362,363,-1,365,363,359,-1,359,363,358,-1,360,362,366,-1,366,362,367,-1,366,367,368,-1,368,367,369,-1,368,369,370,-1,370,369,371,-1,370,371,372,-1,372,371,373,-1,372,373,374,-1,374,373,375,-1,374,375,376,-1,376,375,377,-1,378,376,379,-1,379,376,377,-1,343,345,370,-1,378,337,376,-1,376,337,336,-1,376,336,374,-1,374,336,372,-1,353,361,351,-1,351,361,360,-1,372,336,370,-1,370,336,341,-1,370,341,343,-1,360,366,351,-1,351,366,368,-1,351,368,349,-1,349,368,370,-1,349,370,347,-1,347,370,345,-1,339,379,338,-1,338,379,377,-1,346,344,371,-1,377,375,338,-1,338,375,373,-1,338,373,340,-1,340,373,371,-1,340,371,342,-1,342,371,344,-1,364,354,362,-1,362,354,350,-1,362,350,367,-1,367,350,369,-1,369,350,371,-1,371,350,348,-1,371,348,346,-1,380,381,382,-1,382,381,383,-1,380,382,384,-1,380,384,385,-1,385,384,386,-1,385,386,387,-1,387,386,388,-1,387,388,389,-1,389,388,390,-1,389,390,391,-1,391,390,392,-1,391,392,393,-1,393,392,394,-1,393,394,395,-1,394,396,395,-1,395,396,397,-1,398,395,399,-1,399,395,397,-1,399,397,400,-1,400,397,401,-1,402,403,401,-1,401,403,400,-1,404,405,406,-1,407,408,409,-1,403,402,409,-1,409,402,404,-1,409,404,407,-1,407,404,406,-1,407,406,410,-1,410,406,411,-1,410,411,412,-1,412,411,413,-1,412,413,414,-1,414,413,415,-1,414,415,416,-1,416,415,417,-1,416,417,418,-1,418,417,419,-1,418,419,420,-1,420,419,421,-1,422,420,423,-1,423,420,421,-1,387,389,414,-1,422,381,420,-1,420,381,380,-1,420,380,418,-1,418,380,416,-1,398,408,395,-1,395,408,407,-1,416,380,414,-1,414,380,385,-1,414,385,387,-1,407,410,395,-1,395,410,412,-1,395,412,393,-1,393,412,414,-1,393,414,391,-1,391,414,389,-1,383,423,382,-1,382,423,421,-1,390,388,415,-1,421,419,382,-1,382,419,417,-1,382,417,384,-1,384,417,415,-1,384,415,386,-1,386,415,388,-1,405,396,406,-1,406,396,394,-1,406,394,411,-1,411,394,413,-1,413,394,415,-1,415,394,392,-1,415,392,390,-1,424,425,426,-1,426,425,427,-1,424,426,428,-1,424,428,429,-1,429,428,430,-1,429,430,431,-1,431,430,432,-1,431,432,433,-1,433,432,434,-1,433,434,435,-1,435,434,436,-1,435,436,437,-1,437,436,438,-1,437,438,439,-1,438,440,439,-1,439,440,441,-1,442,439,443,-1,443,439,441,-1,443,441,444,-1,444,441,445,-1,446,447,445,-1,445,447,444,-1,448,449,450,-1,451,452,453,-1,447,446,453,-1,453,446,448,-1,453,448,451,-1,451,448,450,-1,451,450,454,-1,454,450,455,-1,454,455,456,-1,456,455,457,-1,456,457,458,-1,458,457,459,-1,458,459,460,-1,460,459,461,-1,460,461,462,-1,462,461,463,-1,462,463,464,-1,464,463,465,-1,466,464,467,-1,467,464,465,-1,431,433,458,-1,466,425,464,-1,464,425,424,-1,464,424,462,-1,462,424,460,-1,442,452,439,-1,439,452,451,-1,460,424,458,-1,458,424,429,-1,458,429,431,-1,451,454,439,-1,439,454,456,-1,439,456,437,-1,437,456,458,-1,437,458,435,-1,435,458,433,-1,427,467,426,-1,426,467,465,-1,434,432,459,-1,465,463,426,-1,426,463,461,-1,426,461,428,-1,428,461,459,-1,428,459,430,-1,430,459,432,-1,449,440,450,-1,450,440,438,-1,450,438,455,-1,455,438,457,-1,457,438,459,-1,459,438,436,-1,459,436,434,-1,468,469,470,-1,470,469,471,-1,468,470,472,-1,468,472,473,-1,473,472,474,-1,473,474,475,-1,475,474,476,-1,475,476,477,-1,477,476,478,-1,477,478,479,-1,479,478,480,-1,479,480,481,-1,481,480,482,-1,481,482,483,-1,484,485,483,-1,482,486,487,-1,488,489,487,-1,487,489,484,-1,487,484,482,-1,482,484,483,-1,489,488,490,-1,490,488,491,-1,492,493,494,-1,494,493,495,-1,496,494,497,-1,497,494,495,-1,497,495,491,-1,491,495,490,-1,492,494,498,-1,498,494,499,-1,498,499,500,-1,500,499,501,-1,500,501,502,-1,502,501,503,-1,502,503,504,-1,504,503,505,-1,504,505,506,-1,506,505,507,-1,506,507,508,-1,508,507,509,-1,510,508,511,-1,511,508,509,-1,475,477,502,-1,510,469,508,-1,508,469,468,-1,508,468,506,-1,506,468,504,-1,485,493,483,-1,483,493,492,-1,504,468,502,-1,502,468,473,-1,502,473,475,-1,492,498,483,-1,483,498,500,-1,483,500,481,-1,481,500,502,-1,481,502,479,-1,479,502,477,-1,471,511,470,-1,470,511,509,-1,478,476,503,-1,509,507,470,-1,470,507,505,-1,470,505,472,-1,472,505,503,-1,472,503,474,-1,474,503,476,-1,496,486,494,-1,494,486,482,-1,494,482,499,-1,499,482,501,-1,501,482,503,-1,503,482,480,-1,503,480,478,-1,512,513,514,-1,514,513,515,-1,516,517,515,-1,515,517,518,-1,515,518,519,-1,519,520,515,-1,515,520,521,-1,515,521,514,-1,522,523,524,-1,525,522,526,-1,526,522,527,-1,524,528,522,-1,522,528,529,-1,522,529,527,-1,523,522,530,-1,530,522,531,-1,530,531,532,-1,532,531,533,-1,532,533,534,-1,534,533,535,-1,535,533,536,-1,535,536,537,-1,537,536,538,-1,538,536,539,-1,538,539,540,-1,540,539,541,-1,541,539,542,-1,541,542,543,-1,543,542,544,-1,543,544,545,-1,545,544,546,-1,545,546,547,-1,548,547,549,-1,549,547,546,-1,550,551,552,-1,550,552,553,-1,551,550,554,-1,554,550,555,-1,554,555,556,-1,557,558,559,-1,559,560,557,-1,557,560,561,-1,557,561,555,-1,555,561,562,-1,555,562,556,-1,552,563,553,-1,553,563,564,-1,553,564,565,-1,565,564,548,-1,565,548,549,-1,559,558,566,-1,566,558,567,-1,568,566,567,-1,569,567,570,-1,570,567,571,-1,569,572,567,-1,567,572,573,-1,567,573,568,-1,574,575,576,-1,577,578,576,-1,576,578,579,-1,579,580,576,-1,576,580,581,-1,576,581,574,-1,577,576,582,-1,582,576,583,-1,582,583,584,-1,584,583,585,-1,584,585,586,-1,586,585,587,-1,587,585,588,-1,587,588,589,-1,589,588,590,-1,590,588,591,-1,590,591,592,-1,592,591,593,-1,593,591,594,-1,593,594,595,-1,595,594,596,-1,595,596,597,-1,597,596,598,-1,597,598,599,-1,600,599,601,-1,601,599,598,-1,602,603,604,-1,602,604,605,-1,603,602,606,-1,606,602,607,-1,606,607,608,-1,609,513,512,-1,512,610,609,-1,609,610,611,-1,609,611,607,-1,607,611,612,-1,607,612,608,-1,604,613,605,-1,605,613,614,-1,605,614,615,-1,615,614,600,-1,615,600,601,-1,616,617,618,-1,618,617,619,-1,620,621,619,-1,619,621,622,-1,619,622,623,-1,623,624,619,-1,619,624,625,-1,619,625,618,-1,626,627,628,-1,629,626,630,-1,630,626,631,-1,628,632,626,-1,626,632,633,-1,626,633,631,-1,627,626,634,-1,634,626,635,-1,634,635,636,-1,636,635,637,-1,636,637,638,-1,638,637,639,-1,639,637,640,-1,639,640,641,-1,641,640,642,-1,642,640,643,-1,642,643,644,-1,644,643,645,-1,645,643,646,-1,645,646,647,-1,647,646,648,-1,647,648,649,-1,649,648,650,-1,649,650,651,-1,652,651,653,-1,653,651,650,-1,654,655,656,-1,654,656,657,-1,655,654,658,-1,658,654,659,-1,658,659,660,-1,661,662,663,-1,663,664,661,-1,661,664,665,-1,661,665,659,-1,659,665,666,-1,659,666,660,-1,656,667,657,-1,657,667,668,-1,657,668,669,-1,669,668,652,-1,669,652,653,-1,663,662,670,-1,670,662,671,-1,672,670,671,-1,673,671,674,-1,674,671,675,-1,673,676,671,-1,671,676,677,-1,671,677,672,-1,678,679,680,-1,681,682,680,-1,680,682,683,-1,683,684,680,-1,680,684,685,-1,680,685,678,-1,681,680,686,-1,686,680,687,-1,686,687,688,-1,688,687,689,-1,688,689,690,-1,690,689,691,-1,691,689,692,-1,691,692,693,-1,693,692,694,-1,694,692,695,-1,694,695,696,-1,696,695,697,-1,697,695,698,-1,697,698,699,-1,699,698,700,-1,699,700,701,-1,701,700,702,-1,701,702,703,-1,704,703,705,-1,705,703,702,-1,706,707,708,-1,706,708,709,-1,707,706,710,-1,710,706,711,-1,710,711,712,-1,713,617,616,-1,616,714,713,-1,713,714,715,-1,713,715,711,-1,711,715,716,-1,711,716,712,-1,708,717,709,-1,709,717,718,-1,709,718,719,-1,719,718,704,-1,719,704,705,-1,720,721,722,-1,722,721,723,-1,724,725,723,-1,723,725,726,-1,723,726,727,-1,727,728,723,-1,723,728,729,-1,723,729,722,-1,730,731,732,-1,733,730,734,-1,734,730,735,-1,732,736,730,-1,730,736,737,-1,730,737,735,-1,731,730,738,-1,738,730,739,-1,738,739,740,-1,740,739,741,-1,740,741,742,-1,742,741,743,-1,743,741,744,-1,743,744,745,-1,745,744,746,-1,746,744,747,-1,746,747,748,-1,748,747,749,-1,749,747,750,-1,749,750,751,-1,751,750,752,-1,751,752,753,-1,753,752,754,-1,753,754,755,-1,756,755,757,-1,757,755,754,-1,758,759,760,-1,761,762,763,-1,763,762,764,-1,763,764,765,-1,765,764,756,-1,765,756,757,-1,758,760,766,-1,766,760,767,-1,766,767,768,-1,768,767,769,-1,768,769,770,-1,770,769,771,-1,770,771,761,-1,761,771,772,-1,761,772,762,-1,759,758,773,-1,773,758,774,-1,775,773,774,-1,776,774,777,-1,777,774,778,-1,776,779,774,-1,774,779,780,-1,774,780,775,-1,781,782,783,-1,784,785,783,-1,783,785,786,-1,786,787,783,-1,783,787,788,-1,783,788,781,-1,784,783,789,-1,789,783,790,-1,789,790,791,-1,791,790,792,-1,791,792,793,-1,793,792,794,-1,794,792,795,-1,794,795,796,-1,796,795,797,-1,797,795,798,-1,797,798,799,-1,799,798,800,-1,800,798,801,-1,800,801,802,-1,802,801,803,-1,802,803,804,-1,804,803,805,-1,804,805,806,-1,807,806,808,-1,808,806,805,-1,809,810,811,-1,809,811,812,-1,810,809,813,-1,813,809,814,-1,813,814,815,-1,816,721,720,-1,720,817,816,-1,816,817,818,-1,816,818,814,-1,814,818,819,-1,814,819,815,-1,811,820,812,-1,812,820,821,-1,812,821,822,-1,822,821,807,-1,822,807,808,-1,823,824,825,-1,825,824,826,-1,827,828,826,-1,826,828,829,-1,826,829,830,-1,830,831,826,-1,826,831,832,-1,826,832,825,-1,833,834,835,-1,836,833,837,-1,837,833,838,-1,835,839,833,-1,833,839,840,-1,833,840,838,-1,834,833,841,-1,841,833,842,-1,841,842,843,-1,843,842,844,-1,843,844,845,-1,845,844,846,-1,846,844,847,-1,846,847,848,-1,848,847,849,-1,849,847,850,-1,849,850,851,-1,851,850,852,-1,852,850,853,-1,852,853,854,-1,854,853,855,-1,854,855,856,-1,856,855,857,-1,856,857,858,-1,859,858,860,-1,860,858,857,-1,861,862,863,-1,864,865,866,-1,866,865,867,-1,866,867,868,-1,868,867,859,-1,868,859,860,-1,861,863,869,-1,869,863,870,-1,869,870,871,-1,871,870,872,-1,871,872,873,-1,873,872,874,-1,873,874,864,-1,864,874,875,-1,864,875,865,-1,862,861,876,-1,876,861,877,-1,878,876,877,-1,878,877,879,-1,877,880,881,-1,881,882,877,-1,877,882,883,-1,877,883,879,-1,884,885,886,-1,886,885,887,-1,886,887,888,-1,888,889,886,-1,886,889,890,-1,886,890,891,-1,884,886,892,-1,892,886,893,-1,892,893,894,-1,894,893,895,-1,894,895,896,-1,896,895,897,-1,897,895,898,-1,897,898,899,-1,899,898,900,-1,900,898,901,-1,900,901,902,-1,902,901,903,-1,903,901,904,-1,903,904,905,-1,905,904,906,-1,905,906,907,-1,907,906,908,-1,907,908,909,-1,910,909,911,-1,911,909,908,-1,912,913,914,-1,912,914,915,-1,913,912,916,-1,916,912,917,-1,916,917,918,-1,919,824,823,-1,823,920,919,-1,919,920,921,-1,919,921,917,-1,917,921,922,-1,917,922,918,-1,914,923,915,-1,915,923,924,-1,915,924,925,-1,925,924,910,-1,925,910,911,-1,926,927,928,-1,928,927,929,-1,930,931,929,-1,929,931,932,-1,929,932,933,-1,933,934,929,-1,929,934,935,-1,929,935,928,-1,936,937,938,-1,939,936,940,-1,940,936,941,-1,938,942,936,-1,936,942,943,-1,936,943,941,-1,937,936,944,-1,944,936,945,-1,944,945,946,-1,946,945,947,-1,946,947,948,-1,948,947,949,-1,949,947,950,-1,949,950,951,-1,951,950,952,-1,952,950,953,-1,952,953,954,-1,954,953,955,-1,955,953,956,-1,955,956,957,-1,957,956,958,-1,957,958,959,-1,959,958,960,-1,959,960,961,-1,962,961,963,-1,963,961,960,-1,964,965,966,-1,964,966,967,-1,965,964,968,-1,968,964,969,-1,968,969,970,-1,971,972,973,-1,973,974,971,-1,971,974,975,-1,971,975,969,-1,969,975,976,-1,969,976,970,-1,966,977,967,-1,967,977,978,-1,967,978,979,-1,979,978,962,-1,979,962,963,-1,973,972,980,-1,980,972,981,-1,982,980,981,-1,983,981,984,-1,984,981,985,-1,983,986,981,-1,981,986,987,-1,981,987,982,-1,988,989,990,-1,991,992,990,-1,990,992,993,-1,993,994,990,-1,990,994,995,-1,990,995,988,-1,991,990,996,-1,996,990,997,-1,996,997,998,-1,998,997,999,-1,998,999,1000,-1,1000,999,1001,-1,1001,999,1002,-1,1001,1002,1003,-1,1003,1002,1004,-1,1004,1002,1005,-1,1004,1005,1006,-1,1006,1005,1007,-1,1007,1005,1008,-1,1007,1008,1009,-1,1009,1008,1010,-1,1009,1010,1011,-1,1011,1010,1012,-1,1011,1012,1013,-1,1014,1013,1015,-1,1015,1013,1012,-1,1016,1017,1018,-1,1016,1018,1019,-1,1017,1016,1020,-1,1020,1016,1021,-1,1020,1021,1022,-1,1023,927,926,-1,926,1024,1023,-1,1023,1024,1025,-1,1023,1025,1021,-1,1021,1025,1026,-1,1021,1026,1022,-1,1018,1027,1019,-1,1019,1027,1028,-1,1019,1028,1029,-1,1029,1028,1014,-1,1029,1014,1015,-1,1030,1031,1032,-1,1032,1031,1033,-1,1034,1035,1033,-1,1033,1035,1036,-1,1033,1036,1037,-1,1037,1038,1033,-1,1033,1038,1039,-1,1033,1039,1032,-1,1040,1041,1042,-1,1043,1040,1044,-1,1044,1040,1045,-1,1042,1046,1040,-1,1040,1046,1047,-1,1040,1047,1045,-1,1041,1040,1048,-1,1048,1040,1049,-1,1048,1049,1050,-1,1050,1049,1051,-1,1050,1051,1052,-1,1052,1051,1053,-1,1053,1051,1054,-1,1053,1054,1055,-1,1055,1054,1056,-1,1056,1054,1057,-1,1056,1057,1058,-1,1058,1057,1059,-1,1059,1057,1060,-1,1059,1060,1061,-1,1061,1060,1062,-1,1061,1062,1063,-1,1063,1062,1064,-1,1063,1064,1065,-1,1066,1065,1067,-1,1067,1065,1064,-1,1068,1069,1070,-1,1068,1070,1071,-1,1069,1068,1072,-1,1072,1068,1073,-1,1072,1073,1074,-1,1075,1076,1077,-1,1077,1078,1075,-1,1075,1078,1079,-1,1075,1079,1073,-1,1073,1079,1080,-1,1073,1080,1074,-1,1070,1081,1071,-1,1071,1081,1082,-1,1071,1082,1083,-1,1083,1082,1066,-1,1083,1066,1067,-1,1077,1076,1084,-1,1084,1076,1085,-1,1086,1084,1085,-1,1086,1085,1087,-1,1085,1088,1089,-1,1089,1090,1085,-1,1085,1090,1091,-1,1085,1091,1087,-1,1092,1093,1094,-1,1094,1093,1095,-1,1094,1095,1096,-1,1096,1097,1094,-1,1094,1097,1098,-1,1094,1098,1099,-1,1092,1094,1100,-1,1100,1094,1101,-1,1100,1101,1102,-1,1102,1101,1103,-1,1102,1103,1104,-1,1104,1103,1105,-1,1105,1103,1106,-1,1105,1106,1107,-1,1107,1106,1108,-1,1108,1106,1109,-1,1108,1109,1110,-1,1110,1109,1111,-1,1111,1109,1112,-1,1111,1112,1113,-1,1113,1112,1114,-1,1113,1114,1115,-1,1115,1114,1116,-1,1115,1116,1117,-1,1118,1117,1119,-1,1119,1117,1116,-1,1120,1121,1122,-1,1120,1122,1123,-1,1121,1120,1124,-1,1124,1120,1125,-1,1124,1125,1126,-1,1127,1031,1030,-1,1030,1128,1127,-1,1127,1128,1129,-1,1127,1129,1125,-1,1125,1129,1130,-1,1125,1130,1126,-1,1122,1131,1123,-1,1123,1131,1132,-1,1123,1132,1133,-1,1133,1132,1118,-1,1133,1118,1119,-1,1134,1135,1136,-1,1137,1138,1139,-1,1140,1141,1142,-1,1142,1141,1143,-1,1142,1143,1144,-1,1144,1143,1145,-1,1144,1145,1146,-1,1147,1148,1135,-1,1135,1148,1149,-1,1135,1149,1136,-1,1139,1138,1150,-1,1151,1152,1153,-1,1154,1138,1155,-1,1155,1138,1156,-1,1155,1156,1157,-1,1154,1158,1138,-1,1138,1158,1159,-1,1138,1159,1150,-1,1150,1159,1160,-1,1150,1160,1161,-1,1161,1160,1140,-1,1161,1140,1136,-1,1136,1140,1142,-1,1136,1142,1134,-1,1162,1163,1156,-1,1156,1163,1164,-1,1156,1164,1157,-1,1165,1166,1167,-1,1168,1169,1170,-1,1170,1169,1171,-1,1170,1171,1162,-1,1162,1171,1172,-1,1162,1172,1163,-1,1173,1174,1175,-1,1137,1139,1153,-1,1153,1139,1176,-1,1153,1176,1151,-1,1167,1166,1177,-1,1178,1179,1180,-1,1146,1181,1144,-1,1144,1181,1182,-1,1144,1182,1183,-1,1183,1182,1184,-1,1183,1184,1166,-1,1166,1184,1185,-1,1185,1186,1166,-1,1166,1186,1187,-1,1166,1187,1177,-1,1177,1187,1188,-1,1177,1188,1189,-1,1189,1188,1168,-1,1189,1168,1175,-1,1175,1168,1170,-1,1175,1170,1173,-1,1190,1191,1174,-1,1174,1191,1192,-1,1174,1192,1175,-1,1165,1167,1180,-1,1180,1167,1193,-1,1180,1193,1178,-1,1194,1195,1196,-1,1196,1195,1197,-1,1196,1197,1198,-1,1198,1197,1199,-1,1198,1199,1200,-1,1200,1199,1201,-1,1200,1201,1202,-1,1202,1201,1203,-1,1202,1203,1204,-1,1204,1203,1205,-1,1204,1205,1206,-1,1206,1205,1207,-1,1206,1207,1208,-1,1208,1207,1209,-1,1208,1209,1210,-1,1210,1209,1211,-1,1210,1211,1212,-1,1212,1211,1213,-1,1212,1213,1214,-1,1214,1213,1215,-1,1214,1215,1216,-1,1216,1215,1217,-1,1216,1217,1218,-1,1218,1217,1219,-1,1218,1219,1220,-1,1220,1219,1221,-1,1220,1221,1222,-1,1222,1221,1223,-1,1222,1223,1224,-1,1224,1223,1225,-1,1224,1225,1226,-1,1226,1225,1227,-1,1226,1227,1228,-1,1228,1227,1229,-1,1228,1229,1230,-1,1230,1229,1231,-1,1230,1231,1232,-1,1232,1231,1233,-1,1232,1233,1234,-1,1234,1233,1235,-1,1234,1235,1236,-1,1236,1235,1237,-1,1236,1237,1238,-1,1238,1237,1239,-1,1238,1239,1240,-1,1240,1239,1241,-1,1240,1241,1194,-1,1194,1241,1195,-1,1167,1177,1242,-1,1242,1177,1243,-1,1177,1189,1243,-1,1243,1189,1244,-1,1189,1175,1244,-1,1244,1175,1245,-1,1170,1246,1247,-1,1170,1247,1173,-1,1173,1247,1248,-1,1173,1248,1174,-1,1174,1248,1249,-1,1174,1249,1190,-1,1190,1249,1250,-1,1190,1250,1191,-1,1191,1250,1251,-1,1191,1251,1192,-1,1192,1251,1245,-1,1192,1245,1175,-1,1170,1162,1246,-1,1246,1162,1252,-1,1162,1156,1252,-1,1252,1156,1253,-1,1156,1138,1253,-1,1253,1138,1254,-1,1139,1255,1256,-1,1139,1256,1176,-1,1176,1256,1257,-1,1176,1257,1151,-1,1151,1257,1258,-1,1151,1258,1152,-1,1152,1258,1259,-1,1152,1259,1153,-1,1153,1259,1260,-1,1153,1260,1137,-1,1137,1260,1254,-1,1137,1254,1138,-1,1139,1150,1255,-1,1255,1150,1261,-1,1150,1161,1261,-1,1261,1161,1262,-1,1161,1136,1262,-1,1262,1136,1263,-1,1142,1264,1265,-1,1142,1265,1134,-1,1134,1265,1266,-1,1134,1266,1135,-1,1135,1266,1267,-1,1135,1267,1147,-1,1147,1267,1268,-1,1147,1268,1148,-1,1148,1268,1269,-1,1148,1269,1149,-1,1149,1269,1263,-1,1149,1263,1136,-1,1142,1144,1264,-1,1264,1144,1270,-1,1144,1183,1270,-1,1270,1183,1271,-1,1183,1166,1271,-1,1271,1166,1272,-1,1167,1242,1273,-1,1167,1273,1193,-1,1193,1273,1274,-1,1193,1274,1178,-1,1178,1274,1275,-1,1178,1275,1179,-1,1179,1275,1276,-1,1179,1276,1180,-1,1180,1276,1277,-1,1180,1277,1165,-1,1165,1277,1272,-1,1165,1272,1166,-1,1268,1267,1275,-1,1275,1267,1266,-1,1275,1266,1265,-1,1250,1249,1258,-1,1258,1249,1248,-1,1258,1248,1247,-1,1264,1270,1271,-1,1246,1252,1253,-1,1271,1272,1264,-1,1264,1272,1277,-1,1264,1277,1265,-1,1265,1277,1276,-1,1265,1276,1275,-1,1253,1254,1246,-1,1246,1254,1260,-1,1246,1260,1247,-1,1247,1260,1259,-1,1247,1259,1258,-1,1255,1261,1262,-1,1242,1243,1244,-1,1262,1263,1255,-1,1255,1263,1269,-1,1255,1269,1256,-1,1256,1269,1268,-1,1256,1268,1257,-1,1257,1268,1275,-1,1257,1275,1258,-1,1258,1275,1274,-1,1258,1274,1250,-1,1250,1274,1273,-1,1250,1273,1251,-1,1251,1273,1242,-1,1251,1242,1245,-1,1245,1242,1244,-1,1278,1279,1280,-1,1280,1279,1281,-1,1280,1281,1282,-1,1282,1281,1283,-1,1282,1283,1284,-1,1285,1286,1287,-1,1288,1289,1290,-1,1291,1292,1286,-1,1286,1292,1293,-1,1286,1293,1287,-1,1290,1289,1294,-1,1295,1296,1297,-1,1298,1289,1299,-1,1299,1289,1300,-1,1299,1300,1301,-1,1298,1302,1289,-1,1289,1302,1303,-1,1289,1303,1294,-1,1294,1303,1304,-1,1294,1304,1305,-1,1305,1304,1278,-1,1305,1278,1287,-1,1287,1278,1280,-1,1287,1280,1285,-1,1306,1307,1300,-1,1300,1307,1308,-1,1300,1308,1301,-1,1309,1310,1311,-1,1312,1313,1314,-1,1314,1313,1315,-1,1314,1315,1306,-1,1306,1315,1316,-1,1306,1316,1307,-1,1317,1318,1319,-1,1288,1290,1297,-1,1297,1290,1320,-1,1297,1320,1295,-1,1311,1310,1321,-1,1322,1323,1324,-1,1284,1325,1282,-1,1282,1325,1326,-1,1282,1326,1327,-1,1327,1326,1328,-1,1327,1328,1310,-1,1310,1328,1329,-1,1329,1330,1310,-1,1310,1330,1331,-1,1310,1331,1321,-1,1321,1331,1332,-1,1321,1332,1333,-1,1333,1332,1312,-1,1333,1312,1319,-1,1319,1312,1314,-1,1319,1314,1317,-1,1334,1335,1318,-1,1318,1335,1336,-1,1318,1336,1319,-1,1309,1311,1324,-1,1324,1311,1337,-1,1324,1337,1322,-1,1338,1339,1340,-1,1340,1339,1341,-1,1340,1341,1342,-1,1342,1341,1343,-1,1342,1343,1344,-1,1344,1343,1345,-1,1344,1345,1346,-1,1346,1345,1347,-1,1346,1347,1348,-1,1348,1347,1349,-1,1348,1349,1350,-1,1350,1349,1351,-1,1350,1351,1352,-1,1352,1351,1353,-1,1352,1353,1354,-1,1354,1353,1355,-1,1354,1355,1356,-1,1356,1355,1357,-1,1356,1357,1358,-1,1358,1357,1359,-1,1358,1359,1360,-1,1360,1359,1361,-1,1360,1361,1362,-1,1362,1361,1363,-1,1362,1363,1364,-1,1364,1363,1365,-1,1364,1365,1366,-1,1366,1365,1367,-1,1366,1367,1368,-1,1368,1367,1369,-1,1368,1369,1370,-1,1370,1369,1371,-1,1370,1371,1372,-1,1372,1371,1373,-1,1372,1373,1374,-1,1374,1373,1375,-1,1374,1375,1376,-1,1376,1375,1377,-1,1376,1377,1378,-1,1378,1377,1379,-1,1378,1379,1380,-1,1380,1379,1381,-1,1380,1381,1382,-1,1382,1381,1383,-1,1382,1383,1384,-1,1384,1383,1385,-1,1384,1385,1338,-1,1338,1385,1339,-1,1311,1321,1386,-1,1386,1321,1387,-1,1321,1333,1387,-1,1387,1333,1388,-1,1333,1319,1388,-1,1388,1319,1389,-1,1314,1390,1391,-1,1314,1391,1317,-1,1317,1391,1392,-1,1317,1392,1318,-1,1318,1392,1393,-1,1318,1393,1334,-1,1334,1393,1394,-1,1334,1394,1335,-1,1335,1394,1395,-1,1335,1395,1336,-1,1336,1395,1389,-1,1336,1389,1319,-1,1314,1306,1390,-1,1390,1306,1396,-1,1306,1300,1396,-1,1396,1300,1397,-1,1300,1289,1397,-1,1397,1289,1398,-1,1290,1399,1400,-1,1290,1400,1320,-1,1320,1400,1401,-1,1320,1401,1295,-1,1295,1401,1402,-1,1295,1402,1296,-1,1296,1402,1403,-1,1296,1403,1297,-1,1297,1403,1404,-1,1297,1404,1288,-1,1288,1404,1398,-1,1288,1398,1289,-1,1290,1294,1399,-1,1399,1294,1405,-1,1294,1305,1405,-1,1405,1305,1406,-1,1305,1287,1406,-1,1406,1287,1407,-1,1280,1408,1409,-1,1280,1409,1285,-1,1285,1409,1410,-1,1285,1410,1286,-1,1286,1410,1411,-1,1286,1411,1291,-1,1291,1411,1412,-1,1291,1412,1292,-1,1292,1412,1413,-1,1292,1413,1293,-1,1293,1413,1407,-1,1293,1407,1287,-1,1280,1282,1408,-1,1408,1282,1414,-1,1282,1327,1414,-1,1414,1327,1415,-1,1327,1310,1415,-1,1415,1310,1416,-1,1311,1386,1417,-1,1311,1417,1337,-1,1337,1417,1418,-1,1337,1418,1322,-1,1322,1418,1419,-1,1322,1419,1323,-1,1323,1419,1420,-1,1323,1420,1324,-1,1324,1420,1421,-1,1324,1421,1309,-1,1309,1421,1416,-1,1309,1416,1310,-1,1412,1411,1419,-1,1419,1411,1410,-1,1419,1410,1409,-1,1394,1393,1402,-1,1402,1393,1392,-1,1402,1392,1391,-1,1408,1414,1415,-1,1390,1396,1397,-1,1415,1416,1408,-1,1408,1416,1421,-1,1408,1421,1409,-1,1409,1421,1420,-1,1409,1420,1419,-1,1397,1398,1390,-1,1390,1398,1404,-1,1390,1404,1391,-1,1391,1404,1403,-1,1391,1403,1402,-1,1399,1405,1406,-1,1386,1387,1388,-1,1406,1407,1399,-1,1399,1407,1413,-1,1399,1413,1400,-1,1400,1413,1412,-1,1400,1412,1401,-1,1401,1412,1419,-1,1401,1419,1402,-1,1402,1419,1418,-1,1402,1418,1394,-1,1394,1418,1417,-1,1394,1417,1395,-1,1395,1417,1386,-1,1395,1386,1389,-1,1389,1386,1388,-1,1422,1423,1424,-1,1424,1423,1425,-1,1424,1425,1426,-1,1426,1425,1427,-1,1428,1429,1430,-1,1430,1429,1431,-1,1430,1431,1432,-1,1432,1431,1433,-1,1432,1433,1434,-1,1435,1436,1437,-1,1437,1436,1428,-1,1437,1428,1438,-1,1438,1428,1430,-1,1439,1440,1441,-1,1441,1440,1442,-1,1425,1443,1427,-1,1427,1443,1444,-1,1427,1444,1442,-1,1442,1444,1445,-1,1442,1445,1441,-1,1446,1447,1448,-1,1448,1447,1449,-1,1448,1449,1422,-1,1422,1449,1450,-1,1422,1450,1423,-1,1451,1452,1453,-1,1434,1454,1432,-1,1432,1454,1455,-1,1432,1455,1456,-1,1456,1455,1446,-1,1456,1446,1457,-1,1457,1446,1448,-1,1457,1448,1458,-1,1459,1430,1460,-1,1460,1430,1461,-1,1459,1462,1430,-1,1430,1462,1463,-1,1430,1463,1438,-1,1464,1427,1465,-1,1465,1427,1466,-1,1464,1467,1427,-1,1427,1467,1468,-1,1427,1468,1426,-1,1469,1470,1471,-1,1471,1470,1472,-1,1471,1472,1435,-1,1435,1472,1473,-1,1435,1473,1436,-1,1474,1471,1475,-1,1475,1471,1476,-1,1475,1476,1477,-1,1451,1453,1448,-1,1448,1453,1478,-1,1448,1478,1458,-1,1439,1479,1440,-1,1440,1479,1469,-1,1440,1469,1480,-1,1480,1469,1471,-1,1480,1471,1481,-1,1481,1471,1474,-1,1482,1483,1484,-1,1484,1483,1485,-1,1484,1485,1486,-1,1486,1485,1487,-1,1486,1487,1488,-1,1488,1487,1489,-1,1488,1489,1490,-1,1490,1489,1491,-1,1490,1491,1492,-1,1492,1491,1493,-1,1492,1493,1494,-1,1494,1493,1495,-1,1494,1495,1496,-1,1496,1495,1497,-1,1496,1497,1498,-1,1498,1497,1499,-1,1498,1499,1500,-1,1500,1499,1501,-1,1500,1501,1502,-1,1502,1501,1503,-1,1502,1503,1504,-1,1504,1503,1505,-1,1504,1505,1506,-1,1506,1505,1507,-1,1506,1507,1508,-1,1508,1507,1509,-1,1508,1509,1510,-1,1510,1509,1511,-1,1510,1511,1512,-1,1512,1511,1513,-1,1512,1513,1514,-1,1514,1513,1515,-1,1514,1515,1516,-1,1516,1515,1517,-1,1516,1517,1518,-1,1518,1517,1519,-1,1518,1519,1520,-1,1520,1519,1521,-1,1520,1521,1522,-1,1522,1521,1523,-1,1522,1523,1524,-1,1524,1523,1525,-1,1524,1525,1526,-1,1526,1525,1527,-1,1526,1527,1528,-1,1528,1527,1529,-1,1528,1529,1482,-1,1482,1529,1483,-1,1448,1422,1530,-1,1530,1422,1531,-1,1422,1424,1531,-1,1531,1424,1532,-1,1424,1426,1532,-1,1532,1426,1533,-1,1427,1534,1535,-1,1427,1535,1466,-1,1466,1535,1536,-1,1466,1536,1465,-1,1465,1536,1537,-1,1465,1537,1464,-1,1464,1537,1538,-1,1464,1538,1467,-1,1467,1538,1539,-1,1467,1539,1468,-1,1468,1539,1533,-1,1468,1533,1426,-1,1427,1442,1534,-1,1534,1442,1540,-1,1442,1440,1540,-1,1540,1440,1541,-1,1440,1480,1541,-1,1541,1480,1542,-1,1471,1543,1544,-1,1471,1544,1476,-1,1476,1544,1545,-1,1476,1545,1477,-1,1477,1545,1546,-1,1477,1546,1475,-1,1475,1546,1547,-1,1475,1547,1474,-1,1474,1547,1548,-1,1474,1548,1481,-1,1481,1548,1542,-1,1481,1542,1480,-1,1471,1435,1543,-1,1543,1435,1549,-1,1435,1437,1549,-1,1549,1437,1550,-1,1437,1438,1550,-1,1550,1438,1551,-1,1430,1552,1553,-1,1430,1553,1461,-1,1461,1553,1554,-1,1461,1554,1460,-1,1460,1554,1555,-1,1460,1555,1459,-1,1459,1555,1556,-1,1459,1556,1462,-1,1462,1556,1557,-1,1462,1557,1463,-1,1463,1557,1551,-1,1463,1551,1438,-1,1430,1432,1552,-1,1552,1432,1558,-1,1432,1456,1558,-1,1558,1456,1559,-1,1456,1457,1559,-1,1559,1457,1560,-1,1448,1530,1561,-1,1448,1561,1451,-1,1451,1561,1562,-1,1451,1562,1452,-1,1452,1562,1563,-1,1452,1563,1453,-1,1453,1563,1564,-1,1453,1564,1478,-1,1478,1564,1565,-1,1478,1565,1458,-1,1458,1565,1560,-1,1458,1560,1457,-1,1558,1559,1560,-1,1565,1564,1538,-1,1538,1564,1563,-1,1530,1531,1532,-1,1551,1557,1536,-1,1536,1557,1556,-1,1536,1556,1537,-1,1537,1556,1555,-1,1537,1555,1538,-1,1538,1555,1554,-1,1538,1554,1553,-1,1560,1565,1558,-1,1558,1565,1538,-1,1558,1538,1552,-1,1552,1538,1553,-1,1545,1551,1546,-1,1546,1551,1536,-1,1546,1536,1547,-1,1547,1536,1535,-1,1563,1562,1538,-1,1538,1562,1561,-1,1538,1561,1539,-1,1539,1561,1530,-1,1539,1530,1533,-1,1533,1530,1532,-1,1549,1550,1543,-1,1543,1550,1551,-1,1543,1551,1544,-1,1544,1551,1545,-1,1540,1541,1534,-1,1534,1541,1542,-1,1534,1542,1535,-1,1535,1542,1548,-1,1535,1548,1547,-1,1566,1567,1568,-1,1568,1567,1569,-1,1568,1569,1570,-1,1570,1569,1571,-1,1570,1571,1572,-1,1573,1574,1575,-1,1576,1577,1578,-1,1579,1580,1574,-1,1574,1580,1581,-1,1574,1581,1575,-1,1578,1577,1582,-1,1583,1584,1585,-1,1586,1577,1587,-1,1587,1577,1588,-1,1587,1588,1589,-1,1586,1590,1577,-1,1577,1590,1591,-1,1577,1591,1582,-1,1582,1591,1592,-1,1582,1592,1593,-1,1593,1592,1566,-1,1593,1566,1575,-1,1575,1566,1568,-1,1575,1568,1573,-1,1594,1595,1588,-1,1588,1595,1596,-1,1588,1596,1589,-1,1597,1598,1599,-1,1600,1601,1602,-1,1602,1601,1603,-1,1602,1603,1594,-1,1594,1603,1604,-1,1594,1604,1595,-1,1605,1606,1607,-1,1576,1578,1585,-1,1585,1578,1608,-1,1585,1608,1583,-1,1599,1598,1609,-1,1610,1611,1612,-1,1572,1613,1570,-1,1570,1613,1614,-1,1570,1614,1615,-1,1615,1614,1616,-1,1615,1616,1598,-1,1598,1616,1617,-1,1617,1618,1598,-1,1598,1618,1619,-1,1598,1619,1609,-1,1609,1619,1620,-1,1609,1620,1621,-1,1621,1620,1600,-1,1621,1600,1607,-1,1607,1600,1602,-1,1607,1602,1605,-1,1622,1623,1606,-1,1606,1623,1624,-1,1606,1624,1607,-1,1597,1599,1612,-1,1612,1599,1625,-1,1612,1625,1610,-1,1626,1627,1628,-1,1628,1627,1629,-1,1628,1629,1630,-1,1630,1629,1631,-1,1630,1631,1632,-1,1632,1631,1633,-1,1632,1633,1634,-1,1634,1633,1635,-1,1634,1635,1636,-1,1636,1635,1637,-1,1636,1637,1638,-1,1638,1637,1639,-1,1638,1639,1640,-1,1640,1639,1641,-1,1640,1641,1642,-1,1642,1641,1643,-1,1642,1643,1644,-1,1644,1643,1645,-1,1644,1645,1646,-1,1646,1645,1647,-1,1646,1647,1648,-1,1648,1647,1649,-1,1648,1649,1650,-1,1650,1649,1651,-1,1650,1651,1652,-1,1652,1651,1653,-1,1652,1653,1654,-1,1654,1653,1655,-1,1654,1655,1656,-1,1656,1655,1657,-1,1656,1657,1658,-1,1658,1657,1659,-1,1658,1659,1660,-1,1660,1659,1661,-1,1660,1661,1662,-1,1662,1661,1663,-1,1662,1663,1664,-1,1664,1663,1665,-1,1664,1665,1666,-1,1666,1665,1667,-1,1666,1667,1668,-1,1668,1667,1669,-1,1668,1669,1670,-1,1670,1669,1671,-1,1670,1671,1672,-1,1672,1671,1673,-1,1672,1673,1626,-1,1626,1673,1627,-1,1599,1609,1674,-1,1674,1609,1675,-1,1609,1621,1675,-1,1675,1621,1676,-1,1621,1607,1676,-1,1676,1607,1677,-1,1602,1678,1679,-1,1602,1679,1605,-1,1605,1679,1680,-1,1605,1680,1606,-1,1606,1680,1681,-1,1606,1681,1622,-1,1622,1681,1682,-1,1622,1682,1623,-1,1623,1682,1683,-1,1623,1683,1624,-1,1624,1683,1677,-1,1624,1677,1607,-1,1602,1594,1678,-1,1678,1594,1684,-1,1594,1588,1684,-1,1684,1588,1685,-1,1588,1577,1685,-1,1685,1577,1686,-1,1578,1687,1688,-1,1578,1688,1608,-1,1608,1688,1689,-1,1608,1689,1583,-1,1583,1689,1690,-1,1583,1690,1584,-1,1584,1690,1691,-1,1584,1691,1585,-1,1585,1691,1692,-1,1585,1692,1576,-1,1576,1692,1686,-1,1576,1686,1577,-1,1578,1582,1687,-1,1687,1582,1693,-1,1582,1593,1693,-1,1693,1593,1694,-1,1593,1575,1694,-1,1694,1575,1695,-1,1568,1696,1697,-1,1568,1697,1573,-1,1573,1697,1698,-1,1573,1698,1574,-1,1574,1698,1699,-1,1574,1699,1579,-1,1579,1699,1700,-1,1579,1700,1580,-1,1580,1700,1701,-1,1580,1701,1581,-1,1581,1701,1695,-1,1581,1695,1575,-1,1568,1570,1696,-1,1696,1570,1702,-1,1570,1615,1702,-1,1702,1615,1703,-1,1615,1598,1703,-1,1703,1598,1704,-1,1599,1674,1705,-1,1599,1705,1625,-1,1625,1705,1706,-1,1625,1706,1610,-1,1610,1706,1707,-1,1610,1707,1611,-1,1611,1707,1708,-1,1611,1708,1612,-1,1612,1708,1709,-1,1612,1709,1597,-1,1597,1709,1704,-1,1597,1704,1598,-1,1700,1699,1707,-1,1707,1699,1698,-1,1707,1698,1697,-1,1682,1681,1690,-1,1690,1681,1680,-1,1690,1680,1679,-1,1696,1702,1703,-1,1678,1684,1685,-1,1703,1704,1696,-1,1696,1704,1709,-1,1696,1709,1697,-1,1697,1709,1708,-1,1697,1708,1707,-1,1685,1686,1678,-1,1678,1686,1692,-1,1678,1692,1679,-1,1679,1692,1691,-1,1679,1691,1690,-1,1687,1693,1694,-1,1674,1675,1676,-1,1694,1695,1687,-1,1687,1695,1701,-1,1687,1701,1688,-1,1688,1701,1700,-1,1688,1700,1689,-1,1689,1700,1707,-1,1689,1707,1690,-1,1690,1707,1706,-1,1690,1706,1682,-1,1682,1706,1705,-1,1682,1705,1683,-1,1683,1705,1674,-1,1683,1674,1677,-1,1677,1674,1676,-1,1710,1711,1712,-1,1713,1714,1715,-1,1716,1717,1718,-1,1718,1717,1719,-1,1718,1719,1720,-1,1720,1719,1721,-1,1720,1721,1722,-1,1723,1724,1711,-1,1711,1724,1725,-1,1711,1725,1712,-1,1715,1714,1726,-1,1727,1728,1729,-1,1730,1714,1731,-1,1731,1714,1732,-1,1731,1732,1733,-1,1730,1734,1714,-1,1714,1734,1735,-1,1714,1735,1726,-1,1726,1735,1736,-1,1726,1736,1737,-1,1737,1736,1716,-1,1737,1716,1712,-1,1712,1716,1718,-1,1712,1718,1710,-1,1738,1739,1732,-1,1732,1739,1740,-1,1732,1740,1733,-1,1741,1742,1743,-1,1744,1745,1746,-1,1746,1745,1747,-1,1746,1747,1738,-1,1738,1747,1748,-1,1738,1748,1739,-1,1749,1750,1751,-1,1713,1715,1729,-1,1729,1715,1752,-1,1729,1752,1727,-1,1743,1742,1753,-1,1754,1755,1756,-1,1722,1757,1720,-1,1720,1757,1758,-1,1720,1758,1759,-1,1759,1758,1760,-1,1759,1760,1742,-1,1742,1760,1761,-1,1761,1762,1742,-1,1742,1762,1763,-1,1742,1763,1753,-1,1753,1763,1764,-1,1753,1764,1765,-1,1765,1764,1744,-1,1765,1744,1751,-1,1751,1744,1746,-1,1751,1746,1749,-1,1766,1767,1750,-1,1750,1767,1768,-1,1750,1768,1751,-1,1741,1743,1756,-1,1756,1743,1769,-1,1756,1769,1754,-1,1770,1771,1772,-1,1772,1771,1773,-1,1772,1773,1774,-1,1774,1773,1775,-1,1774,1775,1776,-1,1776,1775,1777,-1,1776,1777,1778,-1,1778,1777,1779,-1,1778,1779,1780,-1,1780,1779,1781,-1,1780,1781,1782,-1,1782,1781,1783,-1,1782,1783,1784,-1,1784,1783,1785,-1,1784,1785,1786,-1,1786,1785,1787,-1,1786,1787,1788,-1,1788,1787,1789,-1,1788,1789,1790,-1,1790,1789,1791,-1,1790,1791,1792,-1,1792,1791,1793,-1,1792,1793,1794,-1,1794,1793,1795,-1,1794,1795,1796,-1,1796,1795,1797,-1,1796,1797,1798,-1,1798,1797,1799,-1,1798,1799,1800,-1,1800,1799,1801,-1,1800,1801,1802,-1,1802,1801,1803,-1,1802,1803,1804,-1,1804,1803,1805,-1,1804,1805,1806,-1,1806,1805,1807,-1,1806,1807,1808,-1,1808,1807,1809,-1,1808,1809,1810,-1,1810,1809,1811,-1,1810,1811,1812,-1,1812,1811,1813,-1,1812,1813,1814,-1,1814,1813,1815,-1,1814,1815,1816,-1,1816,1815,1817,-1,1816,1817,1770,-1,1770,1817,1771,-1,1743,1753,1818,-1,1818,1753,1819,-1,1753,1765,1819,-1,1819,1765,1820,-1,1765,1751,1820,-1,1820,1751,1821,-1,1746,1822,1823,-1,1746,1823,1749,-1,1749,1823,1824,-1,1749,1824,1750,-1,1750,1824,1825,-1,1750,1825,1766,-1,1766,1825,1826,-1,1766,1826,1767,-1,1767,1826,1827,-1,1767,1827,1768,-1,1768,1827,1821,-1,1768,1821,1751,-1,1746,1738,1822,-1,1822,1738,1828,-1,1738,1732,1828,-1,1828,1732,1829,-1,1732,1714,1829,-1,1829,1714,1830,-1,1715,1831,1832,-1,1715,1832,1752,-1,1752,1832,1833,-1,1752,1833,1727,-1,1727,1833,1834,-1,1727,1834,1728,-1,1728,1834,1835,-1,1728,1835,1729,-1,1729,1835,1836,-1,1729,1836,1713,-1,1713,1836,1830,-1,1713,1830,1714,-1,1715,1726,1831,-1,1831,1726,1837,-1,1726,1737,1837,-1,1837,1737,1838,-1,1737,1712,1838,-1,1838,1712,1839,-1,1718,1840,1841,-1,1718,1841,1710,-1,1710,1841,1842,-1,1710,1842,1711,-1,1711,1842,1843,-1,1711,1843,1723,-1,1723,1843,1844,-1,1723,1844,1724,-1,1724,1844,1845,-1,1724,1845,1725,-1,1725,1845,1839,-1,1725,1839,1712,-1,1718,1720,1840,-1,1840,1720,1846,-1,1720,1759,1846,-1,1846,1759,1847,-1,1759,1742,1847,-1,1847,1742,1848,-1,1743,1818,1849,-1,1743,1849,1769,-1,1769,1849,1850,-1,1769,1850,1754,-1,1754,1850,1851,-1,1754,1851,1755,-1,1755,1851,1852,-1,1755,1852,1756,-1,1756,1852,1853,-1,1756,1853,1741,-1,1741,1853,1848,-1,1741,1848,1742,-1,1844,1843,1851,-1,1851,1843,1842,-1,1851,1842,1841,-1,1826,1825,1834,-1,1834,1825,1824,-1,1834,1824,1823,-1,1840,1846,1847,-1,1822,1828,1829,-1,1847,1848,1840,-1,1840,1848,1853,-1,1840,1853,1841,-1,1841,1853,1852,-1,1841,1852,1851,-1,1829,1830,1822,-1,1822,1830,1836,-1,1822,1836,1823,-1,1823,1836,1835,-1,1823,1835,1834,-1,1831,1837,1838,-1,1818,1819,1820,-1,1838,1839,1831,-1,1831,1839,1845,-1,1831,1845,1832,-1,1832,1845,1844,-1,1832,1844,1833,-1,1833,1844,1851,-1,1833,1851,1834,-1,1834,1851,1850,-1,1834,1850,1826,-1,1826,1850,1849,-1,1826,1849,1827,-1,1827,1849,1818,-1,1827,1818,1821,-1,1821,1818,1820,-1,1854,1855,1856,-1,1857,1858,1859,-1,1860,1861,1862,-1,1862,1861,1863,-1,1862,1863,1864,-1,1864,1863,1865,-1,1864,1865,1866,-1,1867,1868,1855,-1,1855,1868,1869,-1,1855,1869,1856,-1,1859,1858,1870,-1,1871,1872,1873,-1,1874,1858,1875,-1,1875,1858,1876,-1,1875,1876,1877,-1,1874,1878,1858,-1,1858,1878,1879,-1,1858,1879,1870,-1,1870,1879,1880,-1,1870,1880,1881,-1,1881,1880,1860,-1,1881,1860,1856,-1,1856,1860,1862,-1,1856,1862,1854,-1,1882,1883,1876,-1,1876,1883,1884,-1,1876,1884,1877,-1,1885,1886,1887,-1,1888,1889,1890,-1,1890,1889,1891,-1,1890,1891,1882,-1,1882,1891,1892,-1,1882,1892,1883,-1,1893,1894,1895,-1,1857,1859,1873,-1,1873,1859,1896,-1,1873,1896,1871,-1,1887,1886,1897,-1,1898,1899,1900,-1,1866,1901,1864,-1,1864,1901,1902,-1,1864,1902,1903,-1,1903,1902,1904,-1,1903,1904,1886,-1,1886,1904,1905,-1,1905,1906,1886,-1,1886,1906,1907,-1,1886,1907,1897,-1,1897,1907,1908,-1,1897,1908,1909,-1,1909,1908,1888,-1,1909,1888,1895,-1,1895,1888,1890,-1,1895,1890,1893,-1,1910,1911,1894,-1,1894,1911,1912,-1,1894,1912,1895,-1,1885,1887,1900,-1,1900,1887,1913,-1,1900,1913,1898,-1,1914,1915,1916,-1,1916,1915,1917,-1,1916,1917,1918,-1,1918,1917,1919,-1,1918,1919,1920,-1,1920,1919,1921,-1,1920,1921,1922,-1,1922,1921,1923,-1,1922,1923,1924,-1,1924,1923,1925,-1,1924,1925,1926,-1,1926,1925,1927,-1,1926,1927,1928,-1,1928,1927,1929,-1,1928,1929,1930,-1,1930,1929,1931,-1,1930,1931,1932,-1,1932,1931,1933,-1,1932,1933,1934,-1,1934,1933,1935,-1,1934,1935,1936,-1,1936,1935,1937,-1,1936,1937,1938,-1,1938,1937,1939,-1,1938,1939,1940,-1,1940,1939,1941,-1,1940,1941,1942,-1,1942,1941,1943,-1,1942,1943,1944,-1,1944,1943,1945,-1,1944,1945,1946,-1,1946,1945,1947,-1,1946,1947,1948,-1,1948,1947,1949,-1,1948,1949,1950,-1,1950,1949,1951,-1,1950,1951,1952,-1,1952,1951,1953,-1,1952,1953,1954,-1,1954,1953,1955,-1,1954,1955,1956,-1,1956,1955,1957,-1,1956,1957,1958,-1,1958,1957,1959,-1,1958,1959,1960,-1,1960,1959,1961,-1,1960,1961,1914,-1,1914,1961,1915,-1,1887,1897,1962,-1,1962,1897,1963,-1,1897,1909,1963,-1,1963,1909,1964,-1,1909,1895,1964,-1,1964,1895,1965,-1,1890,1966,1967,-1,1890,1967,1893,-1,1893,1967,1968,-1,1893,1968,1894,-1,1894,1968,1969,-1,1894,1969,1910,-1,1910,1969,1970,-1,1910,1970,1911,-1,1911,1970,1971,-1,1911,1971,1912,-1,1912,1971,1965,-1,1912,1965,1895,-1,1890,1882,1966,-1,1966,1882,1972,-1,1882,1876,1972,-1,1972,1876,1973,-1,1876,1858,1973,-1,1973,1858,1974,-1,1859,1975,1976,-1,1859,1976,1896,-1,1896,1976,1977,-1,1896,1977,1871,-1,1871,1977,1978,-1,1871,1978,1872,-1,1872,1978,1979,-1,1872,1979,1873,-1,1873,1979,1980,-1,1873,1980,1857,-1,1857,1980,1974,-1,1857,1974,1858,-1,1859,1870,1975,-1,1975,1870,1981,-1,1870,1881,1981,-1,1981,1881,1982,-1,1881,1856,1982,-1,1982,1856,1983,-1,1862,1984,1985,-1,1862,1985,1854,-1,1854,1985,1986,-1,1854,1986,1855,-1,1855,1986,1987,-1,1855,1987,1867,-1,1867,1987,1988,-1,1867,1988,1868,-1,1868,1988,1989,-1,1868,1989,1869,-1,1869,1989,1983,-1,1869,1983,1856,-1,1862,1864,1984,-1,1984,1864,1990,-1,1864,1903,1990,-1,1990,1903,1991,-1,1903,1886,1991,-1,1991,1886,1992,-1,1887,1962,1993,-1,1887,1993,1913,-1,1913,1993,1994,-1,1913,1994,1898,-1,1898,1994,1995,-1,1898,1995,1899,-1,1899,1995,1996,-1,1899,1996,1900,-1,1900,1996,1997,-1,1900,1997,1885,-1,1885,1997,1992,-1,1885,1992,1886,-1,1988,1987,1995,-1,1995,1987,1986,-1,1995,1986,1985,-1,1970,1969,1978,-1,1978,1969,1968,-1,1978,1968,1967,-1,1984,1990,1991,-1,1966,1972,1973,-1,1991,1992,1984,-1,1984,1992,1997,-1,1984,1997,1985,-1,1985,1997,1996,-1,1985,1996,1995,-1,1973,1974,1966,-1,1966,1974,1980,-1,1966,1980,1967,-1,1967,1980,1979,-1,1967,1979,1978,-1,1975,1981,1982,-1,1962,1963,1964,-1,1982,1983,1975,-1,1975,1983,1989,-1,1975,1989,1976,-1,1976,1989,1988,-1,1976,1988,1977,-1,1977,1988,1995,-1,1977,1995,1978,-1,1978,1995,1994,-1,1978,1994,1970,-1,1970,1994,1993,-1,1970,1993,1971,-1,1971,1993,1962,-1,1971,1962,1965,-1,1965,1962,1964,-1,1181,1998,1182,-1,1182,1998,1999,-1,1182,1999,1184,-1,1184,1999,2000,-1,1184,2000,1185,-1,1185,2000,2001,-1,1185,2001,1186,-1,1186,2001,2002,-1,1186,2002,1187,-1,1187,2002,2003,-1,1187,2003,1188,-1,1188,2003,2004,-1,1188,2004,1168,-1,1168,2004,2005,-1,1168,2005,1169,-1,1169,2005,2006,-1,1169,2006,1171,-1,1171,2006,2007,-1,1171,2007,1172,-1,1172,2007,2008,-1,1172,2008,1163,-1,1163,2008,2009,-1,1163,2009,1164,-1,1164,2009,2010,-1,1164,2010,1157,-1,1157,2010,2011,-1,1157,2011,1155,-1,1155,2011,2012,-1,1155,2012,1154,-1,1154,2012,2013,-1,1154,2013,1158,-1,1158,2013,2014,-1,1158,2014,1159,-1,1159,2014,2015,-1,1159,2015,1160,-1,1160,2015,2016,-1,1160,2016,1140,-1,1140,2016,2017,-1,1140,2017,1141,-1,1141,2017,2018,-1,1141,2018,1143,-1,1143,2018,2019,-1,1143,2019,1145,-1,1145,2019,2020,-1,1145,2020,1146,-1,1146,2020,2021,-1,1146,2021,1181,-1,1181,2021,1998,-1,2021,2022,1998,-1,1998,2022,2023,-1,1998,2023,1999,-1,1999,2023,2024,-1,1999,2024,2000,-1,2000,2024,2025,-1,2000,2025,2001,-1,2001,2025,2026,-1,2001,2026,2002,-1,2002,2026,2027,-1,2002,2027,2003,-1,2003,2027,2028,-1,2003,2028,2004,-1,2004,2028,2029,-1,2004,2029,2005,-1,2005,2029,2030,-1,2005,2030,2006,-1,2006,2030,2031,-1,2006,2031,2007,-1,2007,2031,2032,-1,2007,2032,2008,-1,2008,2032,2033,-1,2008,2033,2009,-1,2009,2033,2034,-1,2009,2034,2010,-1,2010,2034,2035,-1,2010,2035,2011,-1,2011,2035,2036,-1,2011,2036,2012,-1,2012,2036,2037,-1,2012,2037,2013,-1,2013,2037,2038,-1,2013,2038,2014,-1,2014,2038,2039,-1,2014,2039,2015,-1,2015,2039,2040,-1,2015,2040,2016,-1,2016,2040,2041,-1,2016,2041,2017,-1,2017,2041,2042,-1,2017,2042,2018,-1,2018,2042,2043,-1,2018,2043,2019,-1,2019,2043,2044,-1,2019,2044,2020,-1,2020,2044,2045,-1,2020,2045,2021,-1,2021,2045,2022,-1,2045,2046,2022,-1,2022,2046,2047,-1,2022,2047,2023,-1,2023,2047,2048,-1,2023,2048,2024,-1,2024,2048,2049,-1,2024,2049,2025,-1,2025,2049,2050,-1,2025,2050,2026,-1,2026,2050,2051,-1,2026,2051,2027,-1,2027,2051,2052,-1,2027,2052,2028,-1,2028,2052,2053,-1,2028,2053,2029,-1,2029,2053,2054,-1,2029,2054,2030,-1,2030,2054,2055,-1,2030,2055,2031,-1,2031,2055,2056,-1,2031,2056,2032,-1,2032,2056,2057,-1,2032,2057,2033,-1,2033,2057,2058,-1,2033,2058,2034,-1,2034,2058,2059,-1,2034,2059,2035,-1,2035,2059,2060,-1,2035,2060,2036,-1,2036,2060,2061,-1,2036,2061,2037,-1,2037,2061,2062,-1,2037,2062,2038,-1,2038,2062,2063,-1,2038,2063,2039,-1,2039,2063,2064,-1,2039,2064,2040,-1,2040,2064,2065,-1,2040,2065,2041,-1,2041,2065,2066,-1,2041,2066,2042,-1,2042,2066,2067,-1,2042,2067,2043,-1,2043,2067,2068,-1,2043,2068,2044,-1,2044,2068,2069,-1,2044,2069,2045,-1,2045,2069,2046,-1,2069,2070,2046,-1,2046,2070,2071,-1,2046,2071,2047,-1,2047,2071,2072,-1,2047,2072,2048,-1,2048,2072,2073,-1,2048,2073,2049,-1,2049,2073,2074,-1,2049,2074,2050,-1,2050,2074,2075,-1,2050,2075,2051,-1,2051,2075,2076,-1,2051,2076,2052,-1,2052,2076,2077,-1,2052,2077,2053,-1,2053,2077,2078,-1,2053,2078,2054,-1,2054,2078,2079,-1,2054,2079,2055,-1,2055,2079,2080,-1,2055,2080,2056,-1,2056,2080,2081,-1,2056,2081,2057,-1,2057,2081,2082,-1,2057,2082,2058,-1,2058,2082,2083,-1,2058,2083,2059,-1,2059,2083,2084,-1,2059,2084,2060,-1,2060,2084,2085,-1,2060,2085,2061,-1,2061,2085,2086,-1,2061,2086,2062,-1,2062,2086,2087,-1,2062,2087,2063,-1,2063,2087,2088,-1,2063,2088,2064,-1,2064,2088,2089,-1,2064,2089,2065,-1,2065,2089,2090,-1,2065,2090,2066,-1,2066,2090,2091,-1,2066,2091,2067,-1,2067,2091,2092,-1,2067,2092,2068,-1,2068,2092,2093,-1,2068,2093,2069,-1,2069,2093,2070,-1,2093,2094,2070,-1,2070,2094,2095,-1,2070,2095,2071,-1,2071,2095,2096,-1,2071,2096,2072,-1,2072,2096,2097,-1,2072,2097,2073,-1,2073,2097,2098,-1,2073,2098,2074,-1,2074,2098,2099,-1,2074,2099,2075,-1,2075,2099,2100,-1,2075,2100,2076,-1,2076,2100,2101,-1,2076,2101,2077,-1,2077,2101,2102,-1,2077,2102,2078,-1,2078,2102,2103,-1,2078,2103,2079,-1,2079,2103,2104,-1,2079,2104,2080,-1,2080,2104,2105,-1,2080,2105,2081,-1,2081,2105,2106,-1,2081,2106,2082,-1,2082,2106,2107,-1,2082,2107,2083,-1,2083,2107,2108,-1,2083,2108,2084,-1,2084,2108,2109,-1,2084,2109,2085,-1,2085,2109,2110,-1,2085,2110,2086,-1,2086,2110,2111,-1,2086,2111,2087,-1,2087,2111,2112,-1,2087,2112,2088,-1,2088,2112,2113,-1,2088,2113,2089,-1,2089,2113,2114,-1,2089,2114,2090,-1,2090,2114,2115,-1,2090,2115,2091,-1,2091,2115,2116,-1,2091,2116,2092,-1,2092,2116,2117,-1,2092,2117,2093,-1,2093,2117,2094,-1,2117,1215,2094,-1,2094,1215,1213,-1,2094,1213,2095,-1,2095,1213,1211,-1,2095,1211,2096,-1,2096,1211,1209,-1,2096,1209,2097,-1,2097,1209,1207,-1,2097,1207,2098,-1,2098,1207,1205,-1,2098,1205,2099,-1,2099,1205,1203,-1,2099,1203,2100,-1,2100,1203,1201,-1,2100,1201,2101,-1,2101,1201,1199,-1,2101,1199,2102,-1,2102,1199,1197,-1,2102,1197,2103,-1,2103,1197,1195,-1,2103,1195,2104,-1,2104,1195,1241,-1,2104,1241,2105,-1,2105,1241,1239,-1,2105,1239,2106,-1,2106,1239,1237,-1,2106,1237,2107,-1,2107,1237,1235,-1,2107,1235,2108,-1,2108,1235,1233,-1,2108,1233,2109,-1,2109,1233,1231,-1,2109,1231,2110,-1,2110,1231,1229,-1,2110,1229,2111,-1,2111,1229,1227,-1,2111,1227,2112,-1,2112,1227,1225,-1,2112,1225,2113,-1,2113,1225,1223,-1,2113,1223,2114,-1,2114,1223,1221,-1,2114,1221,2115,-1,2115,1221,1219,-1,2115,1219,2116,-1,2116,1219,1217,-1,2116,1217,2117,-1,2117,1217,1215,-1,541,604,603,-1,608,612,512,-1,512,612,611,-1,512,611,610,-1,541,603,2118,-1,2118,603,606,-1,2118,606,608,-1,524,523,514,-1,537,538,2119,-1,2119,538,540,-1,2119,540,541,-1,532,534,2119,-1,2119,534,535,-1,2119,535,537,-1,608,512,2118,-1,2118,512,514,-1,2118,514,541,-1,541,514,523,-1,541,523,2119,-1,2119,523,530,-1,2119,530,532,-1,514,521,524,-1,524,521,520,-1,524,520,528,-1,528,520,519,-1,528,519,529,-1,529,519,518,-1,529,518,527,-1,527,518,517,-1,527,517,526,-1,526,517,516,-1,526,516,525,-1,560,559,561,-1,561,559,562,-1,578,577,566,-1,566,577,2120,-1,566,2120,559,-1,559,2120,556,-1,559,556,562,-1,593,552,577,-1,577,552,551,-1,577,551,2120,-1,2120,551,554,-1,2120,554,556,-1,589,590,2121,-1,2121,590,592,-1,2121,592,593,-1,584,586,2121,-1,2121,586,587,-1,2121,587,589,-1,593,577,2121,-1,2121,577,582,-1,2121,582,584,-1,566,568,578,-1,578,568,573,-1,578,573,579,-1,579,573,572,-1,579,572,580,-1,580,572,569,-1,580,569,581,-1,581,569,570,-1,581,570,574,-1,574,570,571,-1,574,571,575,-1,1325,2122,1326,-1,1326,2122,2123,-1,1326,2123,1328,-1,1328,2123,2124,-1,1328,2124,1329,-1,1329,2124,2125,-1,1329,2125,1330,-1,1330,2125,2126,-1,1330,2126,1331,-1,1331,2126,2127,-1,1331,2127,1332,-1,1332,2127,2128,-1,1332,2128,1312,-1,1312,2128,2129,-1,1312,2129,1313,-1,1313,2129,2130,-1,1313,2130,1315,-1,1315,2130,2131,-1,1315,2131,1316,-1,1316,2131,2132,-1,1316,2132,1307,-1,1307,2132,2133,-1,1307,2133,1308,-1,1308,2133,2134,-1,1308,2134,1301,-1,1301,2134,2135,-1,1301,2135,1299,-1,1299,2135,2136,-1,1299,2136,1298,-1,1298,2136,2137,-1,1298,2137,1302,-1,1302,2137,2138,-1,1302,2138,1303,-1,1303,2138,2139,-1,1303,2139,1304,-1,1304,2139,2140,-1,1304,2140,1278,-1,1278,2140,2141,-1,1278,2141,1279,-1,1279,2141,2142,-1,1279,2142,1281,-1,1281,2142,2143,-1,1281,2143,1283,-1,1283,2143,2144,-1,1283,2144,1284,-1,1284,2144,2145,-1,1284,2145,1325,-1,1325,2145,2122,-1,2145,2146,2122,-1,2122,2146,2147,-1,2122,2147,2123,-1,2123,2147,2148,-1,2123,2148,2124,-1,2124,2148,2149,-1,2124,2149,2125,-1,2125,2149,2150,-1,2125,2150,2126,-1,2126,2150,2151,-1,2126,2151,2127,-1,2127,2151,2152,-1,2127,2152,2128,-1,2128,2152,2153,-1,2128,2153,2129,-1,2129,2153,2154,-1,2129,2154,2130,-1,2130,2154,2155,-1,2130,2155,2131,-1,2131,2155,2156,-1,2131,2156,2132,-1,2132,2156,2157,-1,2132,2157,2133,-1,2133,2157,2158,-1,2133,2158,2134,-1,2134,2158,2159,-1,2134,2159,2135,-1,2135,2159,2160,-1,2135,2160,2136,-1,2136,2160,2161,-1,2136,2161,2137,-1,2137,2161,2162,-1,2137,2162,2138,-1,2138,2162,2163,-1,2138,2163,2139,-1,2139,2163,2164,-1,2139,2164,2140,-1,2140,2164,2165,-1,2140,2165,2141,-1,2141,2165,2166,-1,2141,2166,2142,-1,2142,2166,2167,-1,2142,2167,2143,-1,2143,2167,2168,-1,2143,2168,2144,-1,2144,2168,2169,-1,2144,2169,2145,-1,2145,2169,2146,-1,2169,2170,2146,-1,2146,2170,2171,-1,2146,2171,2147,-1,2147,2171,2172,-1,2147,2172,2148,-1,2148,2172,2173,-1,2148,2173,2149,-1,2149,2173,2174,-1,2149,2174,2150,-1,2150,2174,2175,-1,2150,2175,2151,-1,2151,2175,2176,-1,2151,2176,2152,-1,2152,2176,2177,-1,2152,2177,2153,-1,2153,2177,2178,-1,2153,2178,2154,-1,2154,2178,2179,-1,2154,2179,2155,-1,2155,2179,2180,-1,2155,2180,2156,-1,2156,2180,2181,-1,2156,2181,2157,-1,2157,2181,2182,-1,2157,2182,2158,-1,2158,2182,2183,-1,2158,2183,2159,-1,2159,2183,2184,-1,2159,2184,2160,-1,2160,2184,2185,-1,2160,2185,2161,-1,2161,2185,2186,-1,2161,2186,2162,-1,2162,2186,2187,-1,2162,2187,2163,-1,2163,2187,2188,-1,2163,2188,2164,-1,2164,2188,2189,-1,2164,2189,2165,-1,2165,2189,2190,-1,2165,2190,2166,-1,2166,2190,2191,-1,2166,2191,2167,-1,2167,2191,2192,-1,2167,2192,2168,-1,2168,2192,2193,-1,2168,2193,2169,-1,2169,2193,2170,-1,2193,2194,2170,-1,2170,2194,2195,-1,2170,2195,2171,-1,2171,2195,2196,-1,2171,2196,2172,-1,2172,2196,2197,-1,2172,2197,2173,-1,2173,2197,2198,-1,2173,2198,2174,-1,2174,2198,2199,-1,2174,2199,2175,-1,2175,2199,2200,-1,2175,2200,2176,-1,2176,2200,2201,-1,2176,2201,2177,-1,2177,2201,2202,-1,2177,2202,2178,-1,2178,2202,2203,-1,2178,2203,2179,-1,2179,2203,2204,-1,2179,2204,2180,-1,2180,2204,2205,-1,2180,2205,2181,-1,2181,2205,2206,-1,2181,2206,2182,-1,2182,2206,2207,-1,2182,2207,2183,-1,2183,2207,2208,-1,2183,2208,2184,-1,2184,2208,2209,-1,2184,2209,2185,-1,2185,2209,2210,-1,2185,2210,2186,-1,2186,2210,2211,-1,2186,2211,2187,-1,2187,2211,2212,-1,2187,2212,2188,-1,2188,2212,2213,-1,2188,2213,2189,-1,2189,2213,2214,-1,2189,2214,2190,-1,2190,2214,2215,-1,2190,2215,2191,-1,2191,2215,2216,-1,2191,2216,2192,-1,2192,2216,2217,-1,2192,2217,2193,-1,2193,2217,2194,-1,2217,2218,2194,-1,2194,2218,2219,-1,2194,2219,2195,-1,2195,2219,2220,-1,2195,2220,2196,-1,2196,2220,2221,-1,2196,2221,2197,-1,2197,2221,2222,-1,2197,2222,2198,-1,2198,2222,2223,-1,2198,2223,2199,-1,2199,2223,2224,-1,2199,2224,2200,-1,2200,2224,2225,-1,2200,2225,2201,-1,2201,2225,2226,-1,2201,2226,2202,-1,2202,2226,2227,-1,2202,2227,2203,-1,2203,2227,2228,-1,2203,2228,2204,-1,2204,2228,2229,-1,2204,2229,2205,-1,2205,2229,2230,-1,2205,2230,2206,-1,2206,2230,2231,-1,2206,2231,2207,-1,2207,2231,2232,-1,2207,2232,2208,-1,2208,2232,2233,-1,2208,2233,2209,-1,2209,2233,2234,-1,2209,2234,2210,-1,2210,2234,2235,-1,2210,2235,2211,-1,2211,2235,2236,-1,2211,2236,2212,-1,2212,2236,2237,-1,2212,2237,2213,-1,2213,2237,2238,-1,2213,2238,2214,-1,2214,2238,2239,-1,2214,2239,2215,-1,2215,2239,2240,-1,2215,2240,2216,-1,2216,2240,2241,-1,2216,2241,2217,-1,2217,2241,2218,-1,2241,1359,2218,-1,2218,1359,1357,-1,2218,1357,2219,-1,2219,1357,1355,-1,2219,1355,2220,-1,2220,1355,1353,-1,2220,1353,2221,-1,2221,1353,1351,-1,2221,1351,2222,-1,2222,1351,1349,-1,2222,1349,2223,-1,2223,1349,1347,-1,2223,1347,2224,-1,2224,1347,1345,-1,2224,1345,2225,-1,2225,1345,1343,-1,2225,1343,2226,-1,2226,1343,1341,-1,2226,1341,2227,-1,2227,1341,1339,-1,2227,1339,2228,-1,2228,1339,1385,-1,2228,1385,2229,-1,2229,1385,1383,-1,2229,1383,2230,-1,2230,1383,1381,-1,2230,1381,2231,-1,2231,1381,1379,-1,2231,1379,2232,-1,2232,1379,1377,-1,2232,1377,2233,-1,2233,1377,1375,-1,2233,1375,2234,-1,2234,1375,1373,-1,2234,1373,2235,-1,2235,1373,1371,-1,2235,1371,2236,-1,2236,1371,1369,-1,2236,1369,2237,-1,2237,1369,1367,-1,2237,1367,2238,-1,2238,1367,1365,-1,2238,1365,2239,-1,2239,1365,1363,-1,2239,1363,2240,-1,2240,1363,1361,-1,2240,1361,2241,-1,2241,1361,1359,-1,714,616,715,-1,715,616,716,-1,628,627,618,-1,618,627,2242,-1,618,2242,616,-1,616,2242,712,-1,616,712,716,-1,645,708,627,-1,627,708,707,-1,627,707,2242,-1,2242,707,710,-1,2242,710,712,-1,641,642,2243,-1,2243,642,644,-1,2243,644,645,-1,636,638,2243,-1,2243,638,639,-1,2243,639,641,-1,645,627,2243,-1,2243,627,634,-1,2243,634,636,-1,618,625,628,-1,628,625,624,-1,628,624,632,-1,632,624,623,-1,632,623,633,-1,633,623,622,-1,633,622,631,-1,631,622,621,-1,631,621,630,-1,630,621,620,-1,630,620,629,-1,664,663,665,-1,665,663,666,-1,682,681,670,-1,670,681,2244,-1,670,2244,663,-1,663,2244,660,-1,663,660,666,-1,697,656,681,-1,681,656,655,-1,681,655,2244,-1,2244,655,658,-1,2244,658,660,-1,693,694,2245,-1,2245,694,696,-1,2245,696,697,-1,688,690,2245,-1,2245,690,691,-1,2245,691,693,-1,697,681,2245,-1,2245,681,686,-1,2245,686,688,-1,670,672,682,-1,682,672,677,-1,682,677,683,-1,683,677,676,-1,683,676,684,-1,684,676,673,-1,684,673,685,-1,685,673,674,-1,685,674,678,-1,678,674,675,-1,678,675,679,-1,1454,2246,1455,-1,1455,2246,2247,-1,1455,2247,1446,-1,1446,2247,2248,-1,1446,2248,1447,-1,1447,2248,2249,-1,1447,2249,1449,-1,1449,2249,2250,-1,1449,2250,1450,-1,1450,2250,2251,-1,1450,2251,1423,-1,1423,2251,2252,-1,1423,2252,1425,-1,1425,2252,2253,-1,1425,2253,1443,-1,1443,2253,2254,-1,1443,2254,1444,-1,1444,2254,2255,-1,1444,2255,1445,-1,1445,2255,2256,-1,1445,2256,1441,-1,1441,2256,2257,-1,1441,2257,1439,-1,1439,2257,2258,-1,1439,2258,1479,-1,1479,2258,2259,-1,1479,2259,1469,-1,1469,2259,2260,-1,1469,2260,1470,-1,1470,2260,2261,-1,1470,2261,1472,-1,1472,2261,2262,-1,1472,2262,1473,-1,1473,2262,2263,-1,1473,2263,1436,-1,1436,2263,2264,-1,1436,2264,1428,-1,1428,2264,2265,-1,1428,2265,1429,-1,1429,2265,2266,-1,1429,2266,1431,-1,1431,2266,2267,-1,1431,2267,1433,-1,1433,2267,2268,-1,1433,2268,1434,-1,1434,2268,2269,-1,1434,2269,1454,-1,1454,2269,2246,-1,2269,2270,2246,-1,2246,2270,2271,-1,2246,2271,2247,-1,2247,2271,2272,-1,2247,2272,2248,-1,2248,2272,2273,-1,2248,2273,2249,-1,2249,2273,2274,-1,2249,2274,2250,-1,2250,2274,2275,-1,2250,2275,2251,-1,2251,2275,2276,-1,2251,2276,2252,-1,2252,2276,2277,-1,2252,2277,2253,-1,2253,2277,2278,-1,2253,2278,2254,-1,2254,2278,2279,-1,2254,2279,2255,-1,2255,2279,2280,-1,2255,2280,2256,-1,2256,2280,2281,-1,2256,2281,2257,-1,2257,2281,2282,-1,2257,2282,2258,-1,2258,2282,2283,-1,2258,2283,2259,-1,2259,2283,2284,-1,2259,2284,2260,-1,2260,2284,2285,-1,2260,2285,2261,-1,2261,2285,2286,-1,2261,2286,2262,-1,2262,2286,2287,-1,2262,2287,2263,-1,2263,2287,2288,-1,2263,2288,2264,-1,2264,2288,2289,-1,2264,2289,2265,-1,2265,2289,2290,-1,2265,2290,2266,-1,2266,2290,2291,-1,2266,2291,2267,-1,2267,2291,2292,-1,2267,2292,2268,-1,2268,2292,2293,-1,2268,2293,2269,-1,2269,2293,2270,-1,2293,2294,2270,-1,2270,2294,2295,-1,2270,2295,2271,-1,2271,2295,2296,-1,2271,2296,2272,-1,2272,2296,2297,-1,2272,2297,2273,-1,2273,2297,2298,-1,2273,2298,2274,-1,2274,2298,2299,-1,2274,2299,2275,-1,2275,2299,2300,-1,2275,2300,2276,-1,2276,2300,2301,-1,2276,2301,2277,-1,2277,2301,2302,-1,2277,2302,2278,-1,2278,2302,2303,-1,2278,2303,2279,-1,2279,2303,2304,-1,2279,2304,2280,-1,2280,2304,2305,-1,2280,2305,2281,-1,2281,2305,2306,-1,2281,2306,2282,-1,2282,2306,2307,-1,2282,2307,2283,-1,2283,2307,2308,-1,2283,2308,2284,-1,2284,2308,2309,-1,2284,2309,2285,-1,2285,2309,2310,-1,2285,2310,2286,-1,2286,2310,2311,-1,2286,2311,2287,-1,2287,2311,2312,-1,2287,2312,2288,-1,2288,2312,2313,-1,2288,2313,2289,-1,2289,2313,2314,-1,2289,2314,2290,-1,2290,2314,2315,-1,2290,2315,2291,-1,2291,2315,2316,-1,2291,2316,2292,-1,2292,2316,2317,-1,2292,2317,2293,-1,2293,2317,2294,-1,2317,2318,2294,-1,2294,2318,2319,-1,2294,2319,2295,-1,2295,2319,2320,-1,2295,2320,2296,-1,2296,2320,2321,-1,2296,2321,2297,-1,2297,2321,2322,-1,2297,2322,2298,-1,2298,2322,2323,-1,2298,2323,2299,-1,2299,2323,2324,-1,2299,2324,2300,-1,2300,2324,2325,-1,2300,2325,2301,-1,2301,2325,2326,-1,2301,2326,2302,-1,2302,2326,2327,-1,2302,2327,2303,-1,2303,2327,2328,-1,2303,2328,2304,-1,2304,2328,2329,-1,2304,2329,2305,-1,2305,2329,2330,-1,2305,2330,2306,-1,2306,2330,2331,-1,2306,2331,2307,-1,2307,2331,2332,-1,2307,2332,2308,-1,2308,2332,2333,-1,2308,2333,2309,-1,2309,2333,2334,-1,2309,2334,2310,-1,2310,2334,2335,-1,2310,2335,2311,-1,2311,2335,2336,-1,2311,2336,2312,-1,2312,2336,2337,-1,2312,2337,2313,-1,2313,2337,2338,-1,2313,2338,2314,-1,2314,2338,2339,-1,2314,2339,2315,-1,2315,2339,2340,-1,2315,2340,2316,-1,2316,2340,2341,-1,2316,2341,2317,-1,2317,2341,2318,-1,2341,2342,2318,-1,2318,2342,2343,-1,2318,2343,2319,-1,2319,2343,2344,-1,2319,2344,2320,-1,2320,2344,2345,-1,2320,2345,2321,-1,2321,2345,2346,-1,2321,2346,2322,-1,2322,2346,2347,-1,2322,2347,2323,-1,2323,2347,2348,-1,2323,2348,2324,-1,2324,2348,2349,-1,2324,2349,2325,-1,2325,2349,2350,-1,2325,2350,2326,-1,2326,2350,2351,-1,2326,2351,2327,-1,2327,2351,2352,-1,2327,2352,2328,-1,2328,2352,2353,-1,2328,2353,2329,-1,2329,2353,2354,-1,2329,2354,2330,-1,2330,2354,2355,-1,2330,2355,2331,-1,2331,2355,2356,-1,2331,2356,2332,-1,2332,2356,2357,-1,2332,2357,2333,-1,2333,2357,2358,-1,2333,2358,2334,-1,2334,2358,2359,-1,2334,2359,2335,-1,2335,2359,2360,-1,2335,2360,2336,-1,2336,2360,2361,-1,2336,2361,2337,-1,2337,2361,2362,-1,2337,2362,2338,-1,2338,2362,2363,-1,2338,2363,2339,-1,2339,2363,2364,-1,2339,2364,2340,-1,2340,2364,2365,-1,2340,2365,2341,-1,2341,2365,2342,-1,2365,1503,2342,-1,2342,1503,1501,-1,2342,1501,2343,-1,2343,1501,1499,-1,2343,1499,2344,-1,2344,1499,1497,-1,2344,1497,2345,-1,2345,1497,1495,-1,2345,1495,2346,-1,2346,1495,1493,-1,2346,1493,2347,-1,2347,1493,1491,-1,2347,1491,2348,-1,2348,1491,1489,-1,2348,1489,2349,-1,2349,1489,1487,-1,2349,1487,2350,-1,2350,1487,1485,-1,2350,1485,2351,-1,2351,1485,1483,-1,2351,1483,2352,-1,2352,1483,1529,-1,2352,1529,2353,-1,2353,1529,1527,-1,2353,1527,2354,-1,2354,1527,1525,-1,2354,1525,2355,-1,2355,1525,1523,-1,2355,1523,2356,-1,2356,1523,1521,-1,2356,1521,2357,-1,2357,1521,1519,-1,2357,1519,2358,-1,2358,1519,1517,-1,2358,1517,2359,-1,2359,1517,1515,-1,2359,1515,2360,-1,2360,1515,1513,-1,2360,1513,2361,-1,2361,1513,1511,-1,2361,1511,2362,-1,2362,1511,1509,-1,2362,1509,2363,-1,2363,1509,1507,-1,2363,1507,2364,-1,2364,1507,1505,-1,2364,1505,2365,-1,2365,1505,1503,-1,749,811,810,-1,815,819,720,-1,720,819,818,-1,720,818,817,-1,749,810,2366,-1,2366,810,813,-1,2366,813,815,-1,732,731,722,-1,745,746,2367,-1,2367,746,748,-1,2367,748,749,-1,740,742,2367,-1,2367,742,743,-1,2367,743,745,-1,815,720,2366,-1,2366,720,722,-1,2366,722,749,-1,749,722,731,-1,749,731,2367,-1,2367,731,738,-1,2367,738,740,-1,722,729,732,-1,732,729,728,-1,732,728,736,-1,736,728,727,-1,736,727,737,-1,737,727,726,-1,737,726,735,-1,735,726,725,-1,735,725,734,-1,734,725,724,-1,734,724,733,-1,771,769,2368,-1,2368,769,767,-1,2368,767,760,-1,785,784,773,-1,760,759,2368,-1,2368,759,773,-1,2368,773,771,-1,771,773,784,-1,771,784,800,-1,796,797,2369,-1,2369,797,799,-1,2369,799,800,-1,791,793,2369,-1,2369,793,794,-1,2369,794,796,-1,800,784,2369,-1,2369,784,789,-1,2369,789,791,-1,773,775,785,-1,785,775,780,-1,785,780,786,-1,786,780,779,-1,786,779,787,-1,787,779,776,-1,787,776,788,-1,788,776,777,-1,788,777,781,-1,781,777,778,-1,781,778,782,-1,1613,2370,1614,-1,1614,2370,2371,-1,1614,2371,1616,-1,1616,2371,2372,-1,1616,2372,1617,-1,1617,2372,2373,-1,1617,2373,1618,-1,1618,2373,2374,-1,1618,2374,1619,-1,1619,2374,2375,-1,1619,2375,1620,-1,1620,2375,2376,-1,1620,2376,1600,-1,1600,2376,2377,-1,1600,2377,1601,-1,1601,2377,2378,-1,1601,2378,1603,-1,1603,2378,2379,-1,1603,2379,1604,-1,1604,2379,2380,-1,1604,2380,1595,-1,1595,2380,2381,-1,1595,2381,1596,-1,1596,2381,2382,-1,1596,2382,1589,-1,1589,2382,2383,-1,1589,2383,1587,-1,1587,2383,2384,-1,1587,2384,1586,-1,1586,2384,2385,-1,1586,2385,1590,-1,1590,2385,2386,-1,1590,2386,1591,-1,1591,2386,2387,-1,1591,2387,1592,-1,1592,2387,2388,-1,1592,2388,1566,-1,1566,2388,2389,-1,1566,2389,1567,-1,1567,2389,2390,-1,1567,2390,1569,-1,1569,2390,2391,-1,1569,2391,1571,-1,1571,2391,2392,-1,1571,2392,1572,-1,1572,2392,2393,-1,1572,2393,1613,-1,1613,2393,2370,-1,2393,2394,2370,-1,2370,2394,2395,-1,2370,2395,2371,-1,2371,2395,2396,-1,2371,2396,2372,-1,2372,2396,2397,-1,2372,2397,2373,-1,2373,2397,2398,-1,2373,2398,2374,-1,2374,2398,2399,-1,2374,2399,2375,-1,2375,2399,2400,-1,2375,2400,2376,-1,2376,2400,2401,-1,2376,2401,2377,-1,2377,2401,2402,-1,2377,2402,2378,-1,2378,2402,2403,-1,2378,2403,2379,-1,2379,2403,2404,-1,2379,2404,2380,-1,2380,2404,2405,-1,2380,2405,2381,-1,2381,2405,2406,-1,2381,2406,2382,-1,2382,2406,2407,-1,2382,2407,2383,-1,2383,2407,2408,-1,2383,2408,2384,-1,2384,2408,2409,-1,2384,2409,2385,-1,2385,2409,2410,-1,2385,2410,2386,-1,2386,2410,2411,-1,2386,2411,2387,-1,2387,2411,2412,-1,2387,2412,2388,-1,2388,2412,2413,-1,2388,2413,2389,-1,2389,2413,2414,-1,2389,2414,2390,-1,2390,2414,2415,-1,2390,2415,2391,-1,2391,2415,2416,-1,2391,2416,2392,-1,2392,2416,2417,-1,2392,2417,2393,-1,2393,2417,2394,-1,2417,2418,2394,-1,2394,2418,2419,-1,2394,2419,2395,-1,2395,2419,2420,-1,2395,2420,2396,-1,2396,2420,2421,-1,2396,2421,2397,-1,2397,2421,2422,-1,2397,2422,2398,-1,2398,2422,2423,-1,2398,2423,2399,-1,2399,2423,2424,-1,2399,2424,2400,-1,2400,2424,2425,-1,2400,2425,2401,-1,2401,2425,2426,-1,2401,2426,2402,-1,2402,2426,2427,-1,2402,2427,2403,-1,2403,2427,2428,-1,2403,2428,2404,-1,2404,2428,2429,-1,2404,2429,2405,-1,2405,2429,2430,-1,2405,2430,2406,-1,2406,2430,2431,-1,2406,2431,2407,-1,2407,2431,2432,-1,2407,2432,2408,-1,2408,2432,2433,-1,2408,2433,2409,-1,2409,2433,2434,-1,2409,2434,2410,-1,2410,2434,2435,-1,2410,2435,2411,-1,2411,2435,2436,-1,2411,2436,2412,-1,2412,2436,2437,-1,2412,2437,2413,-1,2413,2437,2438,-1,2413,2438,2414,-1,2414,2438,2439,-1,2414,2439,2415,-1,2415,2439,2440,-1,2415,2440,2416,-1,2416,2440,2441,-1,2416,2441,2417,-1,2417,2441,2418,-1,2441,2442,2418,-1,2418,2442,2443,-1,2418,2443,2419,-1,2419,2443,2444,-1,2419,2444,2420,-1,2420,2444,2445,-1,2420,2445,2421,-1,2421,2445,2446,-1,2421,2446,2422,-1,2422,2446,2447,-1,2422,2447,2423,-1,2423,2447,2448,-1,2423,2448,2424,-1,2424,2448,2449,-1,2424,2449,2425,-1,2425,2449,2450,-1,2425,2450,2426,-1,2426,2450,2451,-1,2426,2451,2427,-1,2427,2451,2452,-1,2427,2452,2428,-1,2428,2452,2453,-1,2428,2453,2429,-1,2429,2453,2454,-1,2429,2454,2430,-1,2430,2454,2455,-1,2430,2455,2431,-1,2431,2455,2456,-1,2431,2456,2432,-1,2432,2456,2457,-1,2432,2457,2433,-1,2433,2457,2458,-1,2433,2458,2434,-1,2434,2458,2459,-1,2434,2459,2435,-1,2435,2459,2460,-1,2435,2460,2436,-1,2436,2460,2461,-1,2436,2461,2437,-1,2437,2461,2462,-1,2437,2462,2438,-1,2438,2462,2463,-1,2438,2463,2439,-1,2439,2463,2464,-1,2439,2464,2440,-1,2440,2464,2465,-1,2440,2465,2441,-1,2441,2465,2442,-1,2465,2466,2442,-1,2442,2466,2467,-1,2442,2467,2443,-1,2443,2467,2468,-1,2443,2468,2444,-1,2444,2468,2469,-1,2444,2469,2445,-1,2445,2469,2470,-1,2445,2470,2446,-1,2446,2470,2471,-1,2446,2471,2447,-1,2447,2471,2472,-1,2447,2472,2448,-1,2448,2472,2473,-1,2448,2473,2449,-1,2449,2473,2474,-1,2449,2474,2450,-1,2450,2474,2475,-1,2450,2475,2451,-1,2451,2475,2476,-1,2451,2476,2452,-1,2452,2476,2477,-1,2452,2477,2453,-1,2453,2477,2478,-1,2453,2478,2454,-1,2454,2478,2479,-1,2454,2479,2455,-1,2455,2479,2480,-1,2455,2480,2456,-1,2456,2480,2481,-1,2456,2481,2457,-1,2457,2481,2482,-1,2457,2482,2458,-1,2458,2482,2483,-1,2458,2483,2459,-1,2459,2483,2484,-1,2459,2484,2460,-1,2460,2484,2485,-1,2460,2485,2461,-1,2461,2485,2486,-1,2461,2486,2462,-1,2462,2486,2487,-1,2462,2487,2463,-1,2463,2487,2488,-1,2463,2488,2464,-1,2464,2488,2489,-1,2464,2489,2465,-1,2465,2489,2466,-1,2489,1647,2466,-1,2466,1647,1645,-1,2466,1645,2467,-1,2467,1645,1643,-1,2467,1643,2468,-1,2468,1643,1641,-1,2468,1641,2469,-1,2469,1641,1639,-1,2469,1639,2470,-1,2470,1639,1637,-1,2470,1637,2471,-1,2471,1637,1635,-1,2471,1635,2472,-1,2472,1635,1633,-1,2472,1633,2473,-1,2473,1633,1631,-1,2473,1631,2474,-1,2474,1631,1629,-1,2474,1629,2475,-1,2475,1629,1627,-1,2475,1627,2476,-1,2476,1627,1673,-1,2476,1673,2477,-1,2477,1673,1671,-1,2477,1671,2478,-1,2478,1671,1669,-1,2478,1669,2479,-1,2479,1669,1667,-1,2479,1667,2480,-1,2480,1667,1665,-1,2480,1665,2481,-1,2481,1665,1663,-1,2481,1663,2482,-1,2482,1663,1661,-1,2482,1661,2483,-1,2483,1661,1659,-1,2483,1659,2484,-1,2484,1659,1657,-1,2484,1657,2485,-1,2485,1657,1655,-1,2485,1655,2486,-1,2486,1655,1653,-1,2486,1653,2487,-1,2487,1653,1651,-1,2487,1651,2488,-1,2488,1651,1649,-1,2488,1649,2489,-1,2489,1649,1647,-1,852,914,913,-1,918,922,823,-1,823,922,921,-1,823,921,920,-1,852,913,2490,-1,2490,913,916,-1,2490,916,918,-1,835,834,825,-1,848,849,2491,-1,2491,849,851,-1,2491,851,852,-1,843,845,2491,-1,2491,845,846,-1,2491,846,848,-1,918,823,2490,-1,2490,823,825,-1,2490,825,852,-1,852,825,834,-1,852,834,2491,-1,2491,834,841,-1,2491,841,843,-1,825,832,835,-1,835,832,831,-1,835,831,839,-1,839,831,830,-1,839,830,840,-1,840,830,829,-1,840,829,838,-1,838,829,828,-1,838,828,837,-1,837,828,827,-1,837,827,836,-1,874,872,2492,-1,2492,872,870,-1,2492,870,863,-1,885,884,876,-1,863,862,2492,-1,2492,862,876,-1,2492,876,874,-1,874,876,884,-1,874,884,903,-1,899,900,2493,-1,2493,900,902,-1,2493,902,903,-1,894,896,2493,-1,2493,896,897,-1,2493,897,899,-1,903,884,2493,-1,2493,884,892,-1,2493,892,894,-1,876,878,885,-1,885,878,879,-1,885,879,887,-1,887,879,883,-1,887,883,888,-1,888,883,882,-1,888,882,889,-1,889,882,881,-1,889,881,890,-1,890,881,880,-1,890,880,891,-1,1757,2494,1758,-1,1758,2494,2495,-1,1758,2495,1760,-1,1760,2495,2496,-1,1760,2496,1761,-1,1761,2496,2497,-1,1761,2497,1762,-1,1762,2497,2498,-1,1762,2498,1763,-1,1763,2498,2499,-1,1763,2499,1764,-1,1764,2499,2500,-1,1764,2500,1744,-1,1744,2500,2501,-1,1744,2501,1745,-1,1745,2501,2502,-1,1745,2502,1747,-1,1747,2502,2503,-1,1747,2503,1748,-1,1748,2503,2504,-1,1748,2504,1739,-1,1739,2504,2505,-1,1739,2505,1740,-1,1740,2505,2506,-1,1740,2506,1733,-1,1733,2506,2507,-1,1733,2507,1731,-1,1731,2507,2508,-1,1731,2508,1730,-1,1730,2508,2509,-1,1730,2509,1734,-1,1734,2509,2510,-1,1734,2510,1735,-1,1735,2510,2511,-1,1735,2511,1736,-1,1736,2511,2512,-1,1736,2512,1716,-1,1716,2512,2513,-1,1716,2513,1717,-1,1717,2513,2514,-1,1717,2514,1719,-1,1719,2514,2515,-1,1719,2515,1721,-1,1721,2515,2516,-1,1721,2516,1722,-1,1722,2516,2517,-1,1722,2517,1757,-1,1757,2517,2494,-1,2517,2518,2494,-1,2494,2518,2519,-1,2494,2519,2495,-1,2495,2519,2520,-1,2495,2520,2496,-1,2496,2520,2521,-1,2496,2521,2497,-1,2497,2521,2522,-1,2497,2522,2498,-1,2498,2522,2523,-1,2498,2523,2499,-1,2499,2523,2524,-1,2499,2524,2500,-1,2500,2524,2525,-1,2500,2525,2501,-1,2501,2525,2526,-1,2501,2526,2502,-1,2502,2526,2527,-1,2502,2527,2503,-1,2503,2527,2528,-1,2503,2528,2504,-1,2504,2528,2529,-1,2504,2529,2505,-1,2505,2529,2530,-1,2505,2530,2506,-1,2506,2530,2531,-1,2506,2531,2507,-1,2507,2531,2532,-1,2507,2532,2508,-1,2508,2532,2533,-1,2508,2533,2509,-1,2509,2533,2534,-1,2509,2534,2510,-1,2510,2534,2535,-1,2510,2535,2511,-1,2511,2535,2536,-1,2511,2536,2512,-1,2512,2536,2537,-1,2512,2537,2513,-1,2513,2537,2538,-1,2513,2538,2514,-1,2514,2538,2539,-1,2514,2539,2515,-1,2515,2539,2540,-1,2515,2540,2516,-1,2516,2540,2541,-1,2516,2541,2517,-1,2517,2541,2518,-1,2541,2542,2518,-1,2518,2542,2543,-1,2518,2543,2519,-1,2519,2543,2544,-1,2519,2544,2520,-1,2520,2544,2545,-1,2520,2545,2521,-1,2521,2545,2546,-1,2521,2546,2522,-1,2522,2546,2547,-1,2522,2547,2523,-1,2523,2547,2548,-1,2523,2548,2524,-1,2524,2548,2549,-1,2524,2549,2525,-1,2525,2549,2550,-1,2525,2550,2526,-1,2526,2550,2551,-1,2526,2551,2527,-1,2527,2551,2552,-1,2527,2552,2528,-1,2528,2552,2553,-1,2528,2553,2529,-1,2529,2553,2554,-1,2529,2554,2530,-1,2530,2554,2555,-1,2530,2555,2531,-1,2531,2555,2556,-1,2531,2556,2532,-1,2532,2556,2557,-1,2532,2557,2533,-1,2533,2557,2558,-1,2533,2558,2534,-1,2534,2558,2559,-1,2534,2559,2535,-1,2535,2559,2560,-1,2535,2560,2536,-1,2536,2560,2561,-1,2536,2561,2537,-1,2537,2561,2562,-1,2537,2562,2538,-1,2538,2562,2563,-1,2538,2563,2539,-1,2539,2563,2564,-1,2539,2564,2540,-1,2540,2564,2565,-1,2540,2565,2541,-1,2541,2565,2542,-1,2565,2566,2542,-1,2542,2566,2567,-1,2542,2567,2543,-1,2543,2567,2568,-1,2543,2568,2544,-1,2544,2568,2569,-1,2544,2569,2545,-1,2545,2569,2570,-1,2545,2570,2546,-1,2546,2570,2571,-1,2546,2571,2547,-1,2547,2571,2572,-1,2547,2572,2548,-1,2548,2572,2573,-1,2548,2573,2549,-1,2549,2573,2574,-1,2549,2574,2550,-1,2550,2574,2575,-1,2550,2575,2551,-1,2551,2575,2576,-1,2551,2576,2552,-1,2552,2576,2577,-1,2552,2577,2553,-1,2553,2577,2578,-1,2553,2578,2554,-1,2554,2578,2579,-1,2554,2579,2555,-1,2555,2579,2580,-1,2555,2580,2556,-1,2556,2580,2581,-1,2556,2581,2557,-1,2557,2581,2582,-1,2557,2582,2558,-1,2558,2582,2583,-1,2558,2583,2559,-1,2559,2583,2584,-1,2559,2584,2560,-1,2560,2584,2585,-1,2560,2585,2561,-1,2561,2585,2586,-1,2561,2586,2562,-1,2562,2586,2587,-1,2562,2587,2563,-1,2563,2587,2588,-1,2563,2588,2564,-1,2564,2588,2589,-1,2564,2589,2565,-1,2565,2589,2566,-1,2589,2590,2566,-1,2566,2590,2591,-1,2566,2591,2567,-1,2567,2591,2592,-1,2567,2592,2568,-1,2568,2592,2593,-1,2568,2593,2569,-1,2569,2593,2594,-1,2569,2594,2570,-1,2570,2594,2595,-1,2570,2595,2571,-1,2571,2595,2596,-1,2571,2596,2572,-1,2572,2596,2597,-1,2572,2597,2573,-1,2573,2597,2598,-1,2573,2598,2574,-1,2574,2598,2599,-1,2574,2599,2575,-1,2575,2599,2600,-1,2575,2600,2576,-1,2576,2600,2601,-1,2576,2601,2577,-1,2577,2601,2602,-1,2577,2602,2578,-1,2578,2602,2603,-1,2578,2603,2579,-1,2579,2603,2604,-1,2579,2604,2580,-1,2580,2604,2605,-1,2580,2605,2581,-1,2581,2605,2606,-1,2581,2606,2582,-1,2582,2606,2607,-1,2582,2607,2583,-1,2583,2607,2608,-1,2583,2608,2584,-1,2584,2608,2609,-1,2584,2609,2585,-1,2585,2609,2610,-1,2585,2610,2586,-1,2586,2610,2611,-1,2586,2611,2587,-1,2587,2611,2612,-1,2587,2612,2588,-1,2588,2612,2613,-1,2588,2613,2589,-1,2589,2613,2590,-1,2613,1791,2590,-1,2590,1791,1789,-1,2590,1789,2591,-1,2591,1789,1787,-1,2591,1787,2592,-1,2592,1787,1785,-1,2592,1785,2593,-1,2593,1785,1783,-1,2593,1783,2594,-1,2594,1783,1781,-1,2594,1781,2595,-1,2595,1781,1779,-1,2595,1779,2596,-1,2596,1779,1777,-1,2596,1777,2597,-1,2597,1777,1775,-1,2597,1775,2598,-1,2598,1775,1773,-1,2598,1773,2599,-1,2599,1773,1771,-1,2599,1771,2600,-1,2600,1771,1817,-1,2600,1817,2601,-1,2601,1817,1815,-1,2601,1815,2602,-1,2602,1815,1813,-1,2602,1813,2603,-1,2603,1813,1811,-1,2603,1811,2604,-1,2604,1811,1809,-1,2604,1809,2605,-1,2605,1809,1807,-1,2605,1807,2606,-1,2606,1807,1805,-1,2606,1805,2607,-1,2607,1805,1803,-1,2607,1803,2608,-1,2608,1803,1801,-1,2608,1801,2609,-1,2609,1801,1799,-1,2609,1799,2610,-1,2610,1799,1797,-1,2610,1797,2611,-1,2611,1797,1795,-1,2611,1795,2612,-1,2612,1795,1793,-1,2612,1793,2613,-1,2613,1793,1791,-1,955,1018,1017,-1,1022,1026,926,-1,926,1026,1025,-1,926,1025,1024,-1,955,1017,2614,-1,2614,1017,1020,-1,2614,1020,1022,-1,938,937,928,-1,951,952,2615,-1,2615,952,954,-1,2615,954,955,-1,946,948,2615,-1,2615,948,949,-1,2615,949,951,-1,1022,926,2614,-1,2614,926,928,-1,2614,928,955,-1,955,928,937,-1,955,937,2615,-1,2615,937,944,-1,2615,944,946,-1,928,935,938,-1,938,935,934,-1,938,934,942,-1,942,934,933,-1,942,933,943,-1,943,933,932,-1,943,932,941,-1,941,932,931,-1,941,931,940,-1,940,931,930,-1,940,930,939,-1,1007,966,965,-1,970,976,973,-1,973,976,975,-1,973,975,974,-1,1007,965,2616,-1,2616,965,968,-1,2616,968,970,-1,992,991,980,-1,1003,1004,2617,-1,2617,1004,1006,-1,2617,1006,1007,-1,998,1000,2617,-1,2617,1000,1001,-1,2617,1001,1003,-1,970,973,2616,-1,2616,973,980,-1,2616,980,1007,-1,1007,980,991,-1,1007,991,2617,-1,2617,991,996,-1,2617,996,998,-1,980,982,992,-1,992,982,987,-1,992,987,993,-1,993,987,986,-1,993,986,994,-1,994,986,983,-1,994,983,995,-1,995,983,984,-1,995,984,988,-1,988,984,985,-1,988,985,989,-1,1901,2618,1902,-1,1902,2618,2619,-1,1902,2619,1904,-1,1904,2619,2620,-1,1904,2620,1905,-1,1905,2620,2621,-1,1905,2621,1906,-1,1906,2621,2622,-1,1906,2622,1907,-1,1907,2622,2623,-1,1907,2623,1908,-1,1908,2623,2624,-1,1908,2624,1888,-1,1888,2624,2625,-1,1888,2625,1889,-1,1889,2625,2626,-1,1889,2626,1891,-1,1891,2626,2627,-1,1891,2627,1892,-1,1892,2627,2628,-1,1892,2628,1883,-1,1883,2628,2629,-1,1883,2629,1884,-1,1884,2629,2630,-1,1884,2630,1877,-1,1877,2630,2631,-1,1877,2631,1875,-1,1875,2631,2632,-1,1875,2632,1874,-1,1874,2632,2633,-1,1874,2633,1878,-1,1878,2633,2634,-1,1878,2634,1879,-1,1879,2634,2635,-1,1879,2635,1880,-1,1880,2635,2636,-1,1880,2636,1860,-1,1860,2636,2637,-1,1860,2637,1861,-1,1861,2637,2638,-1,1861,2638,1863,-1,1863,2638,2639,-1,1863,2639,1865,-1,1865,2639,2640,-1,1865,2640,1866,-1,1866,2640,2641,-1,1866,2641,1901,-1,1901,2641,2618,-1,2641,2642,2618,-1,2618,2642,2643,-1,2618,2643,2619,-1,2619,2643,2644,-1,2619,2644,2620,-1,2620,2644,2645,-1,2620,2645,2621,-1,2621,2645,2646,-1,2621,2646,2622,-1,2622,2646,2647,-1,2622,2647,2623,-1,2623,2647,2648,-1,2623,2648,2624,-1,2624,2648,2649,-1,2624,2649,2625,-1,2625,2649,2650,-1,2625,2650,2626,-1,2626,2650,2651,-1,2626,2651,2627,-1,2627,2651,2652,-1,2627,2652,2628,-1,2628,2652,2653,-1,2628,2653,2629,-1,2629,2653,2654,-1,2629,2654,2630,-1,2630,2654,2655,-1,2630,2655,2631,-1,2631,2655,2656,-1,2631,2656,2632,-1,2632,2656,2657,-1,2632,2657,2633,-1,2633,2657,2658,-1,2633,2658,2634,-1,2634,2658,2659,-1,2634,2659,2635,-1,2635,2659,2660,-1,2635,2660,2636,-1,2636,2660,2661,-1,2636,2661,2637,-1,2637,2661,2662,-1,2637,2662,2638,-1,2638,2662,2663,-1,2638,2663,2639,-1,2639,2663,2664,-1,2639,2664,2640,-1,2640,2664,2665,-1,2640,2665,2641,-1,2641,2665,2642,-1,2665,2666,2642,-1,2642,2666,2667,-1,2642,2667,2643,-1,2643,2667,2668,-1,2643,2668,2644,-1,2644,2668,2669,-1,2644,2669,2645,-1,2645,2669,2670,-1,2645,2670,2646,-1,2646,2670,2671,-1,2646,2671,2647,-1,2647,2671,2672,-1,2647,2672,2648,-1,2648,2672,2673,-1,2648,2673,2649,-1,2649,2673,2674,-1,2649,2674,2650,-1,2650,2674,2675,-1,2650,2675,2651,-1,2651,2675,2676,-1,2651,2676,2652,-1,2652,2676,2677,-1,2652,2677,2653,-1,2653,2677,2678,-1,2653,2678,2654,-1,2654,2678,2679,-1,2654,2679,2655,-1,2655,2679,2680,-1,2655,2680,2656,-1,2656,2680,2681,-1,2656,2681,2657,-1,2657,2681,2682,-1,2657,2682,2658,-1,2658,2682,2683,-1,2658,2683,2659,-1,2659,2683,2684,-1,2659,2684,2660,-1,2660,2684,2685,-1,2660,2685,2661,-1,2661,2685,2686,-1,2661,2686,2662,-1,2662,2686,2687,-1,2662,2687,2663,-1,2663,2687,2688,-1,2663,2688,2664,-1,2664,2688,2689,-1,2664,2689,2665,-1,2665,2689,2666,-1,2689,2690,2666,-1,2666,2690,2691,-1,2666,2691,2667,-1,2667,2691,2692,-1,2667,2692,2668,-1,2668,2692,2693,-1,2668,2693,2669,-1,2669,2693,2694,-1,2669,2694,2670,-1,2670,2694,2695,-1,2670,2695,2671,-1,2671,2695,2696,-1,2671,2696,2672,-1,2672,2696,2697,-1,2672,2697,2673,-1,2673,2697,2698,-1,2673,2698,2674,-1,2674,2698,2699,-1,2674,2699,2675,-1,2675,2699,2700,-1,2675,2700,2676,-1,2676,2700,2701,-1,2676,2701,2677,-1,2677,2701,2702,-1,2677,2702,2678,-1,2678,2702,2703,-1,2678,2703,2679,-1,2679,2703,2704,-1,2679,2704,2680,-1,2680,2704,2705,-1,2680,2705,2681,-1,2681,2705,2706,-1,2681,2706,2682,-1,2682,2706,2707,-1,2682,2707,2683,-1,2683,2707,2708,-1,2683,2708,2684,-1,2684,2708,2709,-1,2684,2709,2685,-1,2685,2709,2710,-1,2685,2710,2686,-1,2686,2710,2711,-1,2686,2711,2687,-1,2687,2711,2712,-1,2687,2712,2688,-1,2688,2712,2713,-1,2688,2713,2689,-1,2689,2713,2690,-1,2713,2714,2690,-1,2690,2714,2715,-1,2690,2715,2691,-1,2691,2715,2716,-1,2691,2716,2692,-1,2692,2716,2717,-1,2692,2717,2693,-1,2693,2717,2718,-1,2693,2718,2694,-1,2694,2718,2719,-1,2694,2719,2695,-1,2695,2719,2720,-1,2695,2720,2696,-1,2696,2720,2721,-1,2696,2721,2697,-1,2697,2721,2722,-1,2697,2722,2698,-1,2698,2722,2723,-1,2698,2723,2699,-1,2699,2723,2724,-1,2699,2724,2700,-1,2700,2724,2725,-1,2700,2725,2701,-1,2701,2725,2726,-1,2701,2726,2702,-1,2702,2726,2727,-1,2702,2727,2703,-1,2703,2727,2728,-1,2703,2728,2704,-1,2704,2728,2729,-1,2704,2729,2705,-1,2705,2729,2730,-1,2705,2730,2706,-1,2706,2730,2731,-1,2706,2731,2707,-1,2707,2731,2732,-1,2707,2732,2708,-1,2708,2732,2733,-1,2708,2733,2709,-1,2709,2733,2734,-1,2709,2734,2710,-1,2710,2734,2735,-1,2710,2735,2711,-1,2711,2735,2736,-1,2711,2736,2712,-1,2712,2736,2737,-1,2712,2737,2713,-1,2713,2737,2714,-1,2737,1935,2714,-1,2714,1935,1933,-1,2714,1933,2715,-1,2715,1933,1931,-1,2715,1931,2716,-1,2716,1931,1929,-1,2716,1929,2717,-1,2717,1929,1927,-1,2717,1927,2718,-1,2718,1927,1925,-1,2718,1925,2719,-1,2719,1925,1923,-1,2719,1923,2720,-1,2720,1923,1921,-1,2720,1921,2721,-1,2721,1921,1919,-1,2721,1919,2722,-1,2722,1919,1917,-1,2722,1917,2723,-1,2723,1917,1915,-1,2723,1915,2724,-1,2724,1915,1961,-1,2724,1961,2725,-1,2725,1961,1959,-1,2725,1959,2726,-1,2726,1959,1957,-1,2726,1957,2727,-1,2727,1957,1955,-1,2727,1955,2728,-1,2728,1955,1953,-1,2728,1953,2729,-1,2729,1953,1951,-1,2729,1951,2730,-1,2730,1951,1949,-1,2730,1949,2731,-1,2731,1949,1947,-1,2731,1947,2732,-1,2732,1947,1945,-1,2732,1945,2733,-1,2733,1945,1943,-1,2733,1943,2734,-1,2734,1943,1941,-1,2734,1941,2735,-1,2735,1941,1939,-1,2735,1939,2736,-1,2736,1939,1937,-1,2736,1937,2737,-1,2737,1937,1935,-1,1059,1122,1121,-1,1126,1130,1030,-1,1030,1130,1129,-1,1030,1129,1128,-1,1059,1121,2738,-1,2738,1121,1124,-1,2738,1124,1126,-1,1042,1041,1032,-1,1055,1056,2739,-1,2739,1056,1058,-1,2739,1058,1059,-1,1050,1052,2739,-1,2739,1052,1053,-1,2739,1053,1055,-1,1126,1030,2738,-1,2738,1030,1032,-1,2738,1032,1059,-1,1059,1032,1041,-1,1059,1041,2739,-1,2739,1041,1048,-1,2739,1048,1050,-1,1032,1039,1042,-1,1042,1039,1038,-1,1042,1038,1046,-1,1046,1038,1037,-1,1046,1037,1047,-1,1047,1037,1036,-1,1047,1036,1045,-1,1045,1036,1035,-1,1045,1035,1044,-1,1044,1035,1034,-1,1044,1034,1043,-1,1111,1070,1069,-1,1074,1080,1077,-1,1077,1080,1079,-1,1077,1079,1078,-1,1111,1069,2740,-1,2740,1069,1072,-1,2740,1072,1074,-1,1093,1092,1084,-1,1107,1108,2741,-1,2741,1108,1110,-1,2741,1110,1111,-1,1102,1104,2741,-1,2741,1104,1105,-1,2741,1105,1107,-1,1074,1077,2740,-1,2740,1077,1084,-1,2740,1084,1111,-1,1111,1084,1092,-1,1111,1092,2741,-1,2741,1092,1100,-1,2741,1100,1102,-1,1084,1086,1093,-1,1093,1086,1087,-1,1093,1087,1095,-1,1095,1087,1091,-1,1095,1091,1096,-1,1096,1091,1090,-1,1096,1090,1097,-1,1097,1090,1089,-1,1097,1089,1098,-1,1098,1089,1088,-1,1098,1088,1099,-1,487,497,488,-1,488,497,491,-1,486,496,487,-1,487,496,497,-1,489,490,484,-1,484,490,495,-1,484,495,485,-1,485,495,493,-1,441,448,445,-1,445,448,446,-1,440,449,441,-1,441,449,448,-1,444,447,443,-1,443,447,453,-1,443,453,442,-1,442,453,452,-1,397,404,401,-1,401,404,402,-1,396,405,397,-1,397,405,404,-1,400,403,399,-1,399,403,409,-1,399,409,398,-1,398,409,408,-1,355,365,356,-1,356,365,359,-1,354,364,355,-1,355,364,365,-1,357,358,352,-1,352,358,363,-1,352,363,353,-1,353,363,361,-1,309,316,313,-1,313,316,314,-1,308,317,309,-1,309,317,316,-1,312,315,311,-1,311,315,321,-1,311,321,310,-1,310,321,320,-1,267,277,268,-1,268,277,271,-1,266,276,267,-1,267,276,277,-1,269,270,264,-1,264,270,275,-1,264,275,265,-1,265,275,273,-1,
        ]
    }
}
Shape{
    appearance Appearance {
        material  Material 	{
            diffuseColor 0.9411764705882353 0.9607843137254902 0.9686274509803922
            specularColor 0.8470588235294118 0.8666666666666667 0.8705882352941177
            ambientIntensity 0.9558
            transparency 0.0
            shininess 0.5
        }
    }
    geometry IndexedFaceSet {
        ccw TRUE
        solid FALSE
        coord DEF co Coordinate {
            point [
                13.6654 7.6969 5.6496, 13.6654 7.6969 5.1575, 13.6654 9.0748 5.6496, 13.6654 8.2874 5.1575, 13.6654 9.214 -0.3951, 13.6654 9.2453 -0.3543, 13.6654 8.799 0.0591, 13.6654 9.2649 5.5037, 13.6654 9.2453 5.5512, 13.6654 8.799 5.1378, 13.6654 9.214 5.592, 13.6654 9.1732 5.6232, 13.6654 9.1732 -0.4264, 13.6654 8.2874 5.1378, 13.6654 9.1258 5.6429, 13.6654 9.2649 -0.3069, 13.6654 9.2717 -0.2559, 13.6654 9.2717 5.4528, 13.6654 8.2874 0.0591, 13.6654 8.2874 0.0394, 13.6654 7.6969 0.0394, 13.6654 7.6969 -0.4528, 13.6654 9.0748 -0.4528, 13.6654 9.1258 -0.446, -13.6654 7.6969 -0.4528, 13.3268 7.6969 0.0394, 8.8386 7.6969 0.0394, 8.8386 7.6969 0.0591, 6.2008 7.6969 0.0591, 6.2008 7.6969 0.0394, 5.8465 7.6969 0.0394, 5.0984 7.6969 0.0394, 5.0984 7.6969 0.0591, 2.4606 7.6969 0.0591, 13.3268 7.6969 0.0591, 12.9331 7.6969 0.0591, 12.9331 7.6969 0.0394, 12.5787 7.6969 0.0394, 12.5787 7.6969 0.0591, 9.9409 7.6969 0.0591, 9.9409 7.6969 0.0394, 9.5866 7.6969 0.0394, 2.4606 7.6969 0.0394, 2.1063 7.6969 0.0394, 1.3583 7.6969 0.0394, 1.3583 7.6969 0.0591, -1.2795 7.6969 0.0591, 9.5866 7.6969 0.0591, 9.1929 7.6969 0.0591, 9.1929 7.6969 0.0394, 5.8465 7.6969 0.0591, 5.4528 7.6969 0.0591, 5.4528 7.6969 0.0394, -1.2795 7.6969 0.0394, -1.6339 7.6969 0.0394, -2.3819 7.6969 0.0394, -2.3819 7.6969 0.0591, -5.0197 7.6969 0.0591, 2.1063 7.6969 0.0591, 1.7126 7.6969 0.0591, 1.7126 7.6969 0.0394, -5.0197 7.6969 0.0394, -5.374 7.6969 0.0394, -1.6339 7.6969 0.0591, -2.0276 7.6969 0.0591, -2.0276 7.6969 0.0394, -6.122 7.6969 0.0394, -6.122 7.6969 0.0591, -8.7598 7.6969 0.0591, -8.7598 7.6969 0.0394, -9.1142 7.6969 0.0394, -5.7677 7.6969 0.0394, -5.7677 7.6969 0.0591, -5.374 7.6969 0.0591, -9.8622 7.6969 0.0394, -9.8622 7.6969 0.0591, -12.5 7.6969 0.0591, -12.5 7.6969 0.0394, -12.8543 7.6969 0.0394, -9.5079 7.6969 0.0394, -9.5079 7.6969 0.0591, -9.1142 7.6969 0.0591, -13.6024 7.6969 0.0591, -13.6654 7.6969 0.0591, -13.6024 7.6969 0.0394, -13.248 7.6969 0.0394, -13.248 7.6969 0.0591, -12.8543 7.6969 0.0591, 13.3268 8.2874 0.0591, -13.6654 8.799 0.0591, -1.2795 8.2874 0.0591, 2.4606 8.2874 0.0591, 9.1929 8.2874 0.0591, 12.9331 8.2874 0.0591, -13.248 8.2874 0.0591, -13.6024 8.2874 0.0591, -12.8543 8.2874 0.0591, -12.5 8.2874 0.0591, -9.8622 8.2874 0.0591, -9.5079 8.2874 0.0591, -9.1142 8.2874 0.0591, -8.7598 8.2874 0.0591, -6.122 8.2874 0.0591, -5.7677 8.2874 0.0591, -5.374 8.2874 0.0591, -5.0197 8.2874 0.0591, -2.3819 8.2874 0.0591, -2.0276 8.2874 0.0591, 1.3583 8.2874 0.0591, 1.7126 8.2874 0.0591, -1.6339 8.2874 0.0591, 5.0984 8.2874 0.0591, 5.4528 8.2874 0.0591, 9.5866 8.2874 0.0591, 9.9409 8.2874 0.0591, 2.1063 8.2874 0.0591, 5.8465 8.2874 0.0591, 6.2008 8.2874 0.0591, 12.5787 8.2874 0.0591, 8.8386 8.2874 0.0591, 13.3268 7.6969 5.1575, 12.9331 7.6969 5.1575, 12.9331 7.6969 5.1378, 13.3268 7.6969 5.1378, -1.2795 7.6969 5.1575, -1.2795 7.6969 5.1378, 1.3583 7.6969 5.1378, 2.4606 7.6969 5.1575, 2.4606 7.6969 5.1378, 5.0984 7.6969 5.1378, 9.1929 7.6969 5.1575, 9.1929 7.6969 5.1378, 9.5866 7.6969 5.1378, -13.248 7.6969 5.1575, -13.6654 7.6969 5.6496, -13.6024 7.6969 5.1575, -13.6654 7.6969 5.1378, -13.6024 7.6969 5.1378, 9.9409 7.6969 5.1378, 12.5787 7.6969 5.1378, 9.9409 7.6969 5.1575, 12.5787 7.6969 5.1575, -13.248 7.6969 5.1378, -12.8543 7.6969 5.1378, -12.8543 7.6969 5.1575, -12.5 7.6969 5.1575, -12.5 7.6969 5.1378, -9.8622 7.6969 5.1378, -9.8622 7.6969 5.1575, -9.5079 7.6969 5.1575, -9.5079 7.6969 5.1378, -9.1142 7.6969 5.1378, -9.1142 7.6969 5.1575, -8.7598 7.6969 5.1575, -8.7598 7.6969 5.1378, -6.122 7.6969 5.1378, -6.122 7.6969 5.1575, -5.7677 7.6969 5.1575, -5.7677 7.6969 5.1378, -5.374 7.6969 5.1378, -5.374 7.6969 5.1575, -5.0197 7.6969 5.1575, -5.0197 7.6969 5.1378, -2.3819 7.6969 5.1378, -2.3819 7.6969 5.1575, -2.0276 7.6969 5.1575, 1.3583 7.6969 5.1575, 1.7126 7.6969 5.1575, -2.0276 7.6969 5.1378, -1.6339 7.6969 5.1378, -1.6339 7.6969 5.1575, 5.0984 7.6969 5.1575, 5.4528 7.6969 5.1575, 9.5866 7.6969 5.1575, 1.7126 7.6969 5.1378, 2.1063 7.6969 5.1378, 2.1063 7.6969 5.1575, 5.4528 7.6969 5.1378, 5.8465 7.6969 5.1378, 5.8465 7.6969 5.1575, 6.2008 7.6969 5.1575, 6.2008 7.6969 5.1378, 8.8386 7.6969 5.1378, 8.8386 7.6969 5.1575, -13.6654 8.799 5.1378, 13.3268 8.2874 5.1378, 12.5787 8.2874 5.1378, 12.9331 8.2874 5.1378, 8.8386 8.2874 5.1378, 6.2008 8.2874 5.1378, 5.8465 8.2874 5.1378, 5.0984 8.2874 5.1378, 9.9409 8.2874 5.1378, 9.5866 8.2874 5.1378, 9.1929 8.2874 5.1378, 2.4606 8.2874 5.1378, 2.1063 8.2874 5.1378, 1.3583 8.2874 5.1378, 5.4528 8.2874 5.1378, -1.2795 8.2874 5.1378, -1.6339 8.2874 5.1378, -2.3819 8.2874 5.1378, 1.7126 8.2874 5.1378, -5.0197 8.2874 5.1378, -5.374 8.2874 5.1378, -2.0276 8.2874 5.1378, -6.122 8.2874 5.1378, -8.7598 8.2874 5.1378, -9.1142 8.2874 5.1378, -5.7677 8.2874 5.1378, -9.8622 8.2874 5.1378, -12.5 8.2874 5.1378, -12.8543 8.2874 5.1378, -9.5079 8.2874 5.1378, -13.6024 8.2874 5.1378, -13.248 8.2874 5.1378, -13.6654 9.0748 5.6496, -13.6654 9.1258 5.6429, -13.6654 9.1732 5.6232, -13.6654 9.214 5.592, -13.6654 9.2453 5.5512, -13.6654 9.2649 5.5037, -13.6654 9.2717 5.4528, -13.6654 9.2717 -0.2559, -13.6654 9.2649 -0.3069, -13.6654 9.2453 -0.3543, -13.6654 9.214 -0.3951, -13.6654 9.1732 -0.4264, -13.6654 9.1258 -0.446, -13.6654 9.0748 -0.4528
            ]
        }
        coordIndex [
            0,1,2,-1,2,1,3,-1,4,5,6,-1,7,8,9,-1,9,8,10,-1,9,10,11,-1,4,6,12,-1,3,13,2,-1,2,13,9,-1,2,9,14,-1,14,9,11,-1,5,15,6,-1,6,15,16,-1,6,16,9,-1,9,16,17,-1,9,17,7,-1,6,18,19,-1,20,21,19,-1,19,21,22,-1,19,22,6,-1,6,22,23,-1,6,23,12,-1,24,21,25,-1,25,21,20,-1,26,27,28,-1,29,30,24,-1,31,32,33,-1,34,35,25,-1,25,35,36,-1,25,36,24,-1,24,36,37,-1,38,39,37,-1,37,39,40,-1,37,40,24,-1,24,40,41,-1,42,43,24,-1,44,45,46,-1,47,48,41,-1,41,48,49,-1,41,49,24,-1,24,49,26,-1,24,26,29,-1,29,26,28,-1,50,51,30,-1,30,51,52,-1,30,52,24,-1,24,52,31,-1,24,31,42,-1,42,31,33,-1,53,54,24,-1,55,56,57,-1,58,59,43,-1,43,59,60,-1,43,60,24,-1,24,60,44,-1,24,44,53,-1,53,44,46,-1,61,62,24,-1,63,64,54,-1,54,64,65,-1,54,65,24,-1,24,65,55,-1,24,55,61,-1,61,55,57,-1,66,67,68,-1,69,70,24,-1,68,69,66,-1,66,69,24,-1,66,24,71,-1,71,24,62,-1,71,62,72,-1,72,62,73,-1,74,75,76,-1,77,78,24,-1,76,77,74,-1,74,77,24,-1,74,24,79,-1,79,24,70,-1,79,70,80,-1,80,70,81,-1,82,83,84,-1,84,83,24,-1,84,24,85,-1,85,24,78,-1,85,78,86,-1,86,78,87,-1,18,6,88,-1,88,6,89,-1,90,46,45,-1,91,33,32,-1,92,48,47,-1,93,35,34,-1,94,89,95,-1,95,89,83,-1,95,83,82,-1,86,87,94,-1,94,87,96,-1,94,96,89,-1,89,96,97,-1,76,75,97,-1,97,75,98,-1,97,98,89,-1,89,98,99,-1,80,81,99,-1,99,81,100,-1,99,100,89,-1,89,100,101,-1,68,67,101,-1,101,67,102,-1,101,102,89,-1,89,102,103,-1,72,73,103,-1,103,73,104,-1,103,104,89,-1,89,104,105,-1,57,56,105,-1,105,56,106,-1,105,106,89,-1,89,106,107,-1,89,108,109,-1,64,63,107,-1,107,63,110,-1,107,110,89,-1,89,110,90,-1,89,90,108,-1,108,90,45,-1,89,111,112,-1,89,113,114,-1,59,58,109,-1,109,58,115,-1,109,115,89,-1,89,115,91,-1,89,91,111,-1,111,91,32,-1,51,50,112,-1,112,50,116,-1,112,116,89,-1,89,116,117,-1,39,38,114,-1,114,38,118,-1,114,118,89,-1,89,118,93,-1,89,93,88,-1,88,93,34,-1,28,27,117,-1,117,27,119,-1,117,119,89,-1,89,119,92,-1,89,92,113,-1,113,92,47,-1,120,1,0,-1,121,122,123,-1,124,125,126,-1,127,128,129,-1,130,131,132,-1,133,134,135,-1,135,134,136,-1,135,136,137,-1,138,139,140,-1,140,139,141,-1,142,143,133,-1,133,143,144,-1,133,144,134,-1,134,144,145,-1,146,147,145,-1,145,147,148,-1,145,148,134,-1,134,148,149,-1,150,151,149,-1,149,151,152,-1,149,152,134,-1,134,152,153,-1,154,155,153,-1,153,155,156,-1,153,156,134,-1,134,156,157,-1,158,159,157,-1,157,159,160,-1,157,160,134,-1,134,160,161,-1,162,163,161,-1,161,163,164,-1,161,164,134,-1,134,164,165,-1,134,166,167,-1,168,169,165,-1,165,169,170,-1,165,170,134,-1,134,170,124,-1,134,124,166,-1,166,124,126,-1,134,171,172,-1,123,120,121,-1,121,120,0,-1,121,0,141,-1,141,0,134,-1,141,134,140,-1,140,134,173,-1,174,175,167,-1,167,175,176,-1,167,176,134,-1,134,176,127,-1,134,127,171,-1,171,127,129,-1,177,178,172,-1,172,178,179,-1,172,179,134,-1,134,179,180,-1,181,182,180,-1,180,182,183,-1,180,183,134,-1,134,183,130,-1,134,130,173,-1,173,130,132,-1,184,9,185,-1,185,9,13,-1,186,184,187,-1,187,184,185,-1,187,185,122,-1,122,185,123,-1,188,182,181,-1,189,190,184,-1,191,129,128,-1,139,138,186,-1,186,138,192,-1,186,192,184,-1,184,192,193,-1,132,131,193,-1,193,131,194,-1,193,194,184,-1,184,194,188,-1,184,188,189,-1,189,188,181,-1,195,196,184,-1,197,126,125,-1,178,177,190,-1,190,177,198,-1,190,198,184,-1,184,198,191,-1,184,191,195,-1,195,191,128,-1,199,200,184,-1,201,163,162,-1,175,174,196,-1,196,174,202,-1,196,202,184,-1,184,202,197,-1,184,197,199,-1,199,197,125,-1,203,204,184,-1,169,168,200,-1,200,168,205,-1,200,205,184,-1,184,205,201,-1,184,201,203,-1,203,201,162,-1,206,155,154,-1,207,208,184,-1,154,207,206,-1,206,207,184,-1,206,184,209,-1,209,184,204,-1,209,204,158,-1,158,204,159,-1,210,147,146,-1,211,212,184,-1,146,211,210,-1,210,211,184,-1,210,184,213,-1,213,184,208,-1,213,208,150,-1,150,208,151,-1,137,136,214,-1,214,136,184,-1,214,184,215,-1,215,184,212,-1,215,212,142,-1,142,212,143,-1,134,0,216,-1,216,0,2,-1,216,2,14,-1,216,14,217,-1,217,14,11,-1,217,11,218,-1,218,11,10,-1,218,10,219,-1,219,10,8,-1,219,8,220,-1,220,8,7,-1,220,7,221,-1,221,7,17,-1,221,17,222,-1,222,17,223,-1,223,17,16,-1,223,16,15,-1,223,15,224,-1,224,15,5,-1,224,5,225,-1,225,5,4,-1,225,4,226,-1,226,4,12,-1,226,12,227,-1,227,12,23,-1,227,23,228,-1,228,23,22,-1,228,22,229,-1,229,22,24,-1,24,22,21,-1,89,6,184,-1,184,6,9,-1,224,225,89,-1,89,225,226,-1,24,83,229,-1,229,83,89,-1,226,227,89,-1,89,227,228,-1,89,228,229,-1,220,221,184,-1,184,221,222,-1,184,222,89,-1,89,222,223,-1,89,223,224,-1,136,134,184,-1,184,134,216,-1,184,216,217,-1,217,218,184,-1,184,218,219,-1,184,219,220,-1,
        ]
    }
}
Shape{
    appearance Appearance {
        material  Material 	{
            diffuseColor 0.14901960784313725 0.14901960784313725 0.14901960784313725
            specularColor 0.07450980392156863 0.07450980392156863 0.07450980392156863
            ambientIntensity 0.149
            transparency 0.0
            shininess 0.5
        }
    }
    geometry IndexedFaceSet {
        ccw TRUE
        solid FALSE
        coord DEF co Coordinate {
            point [
                16.8898 4.7441 0.5276, 16.8898 2.5276 0.0394, 13.6811 4.7441 0.5276, 13.6811 2.5276 0.0394, 16.8898 2.5276 5.1575, 16.8898 4.7441 4.6693, 13.6811 2.5276 5.1575, 13.6811 4.7441 4.6693, 16.8898 1.5945 5.1575, 16.8898 1.5945 3.0906, 16.8898 1.5945 0.0394, 16.8898 1.5945 2.1063, -16.8898 2.5276 0.0394, -16.8898 1.5945 0.0394, -16.8898 1.5945 2.1063, -16.8898 1.5945 5.1575, -16.8898 2.5276 5.1575, -16.8898 1.5945 3.0906, -16.8898 4.7441 4.6693, -16.8898 4.7441 0.5276, -14.5374 3.1693 1.8654, -14.3701 3.1693 1.5756, -14.7416 3.1693 1.7808, -14.6549 3.1693 1.4576, -14.9606 3.1693 1.752, -14.9606 3.1693 1.4173, -15.1797 3.1693 1.7808, -15.2663 3.1693 1.4576, -15.3839 3.1693 1.8654, -15.5512 3.1693 1.5756, -15.5592 3.1693 1.9999, -15.7958 3.1693 1.7633, -15.6937 3.1693 2.1752, -15.9835 3.1693 2.0079, -15.7782 3.1693 2.3793, -16.1015 3.1693 2.2927, -15.8071 3.1693 2.5984, -16.1417 3.1693 2.5984, -15.7782 3.1693 2.8175, -16.1015 3.1693 2.9041, -15.6937 3.1693 3.0217, -15.9835 3.1693 3.189, -15.5592 3.1693 3.197, -15.7958 3.1693 3.4336, -15.3839 3.1693 3.3315, -15.5512 3.1693 3.6213, -15.1797 3.1693 3.416, -15.2663 3.1693 3.7393, -14.9606 3.1693 3.4449, -14.9606 3.1693 3.7795, -14.7416 3.1693 3.416, -14.6549 3.1693 3.7393, -14.5374 3.1693 3.3315, -14.3701 3.1693 3.6213, -14.3621 3.1693 3.197, -14.1255 3.1693 3.4336, -14.2276 3.1693 3.0217, -13.9378 3.1693 3.189, -14.143 3.1693 2.8175, -13.8198 3.1693 2.9041, -14.1142 3.1693 2.5984, -13.7795 3.1693 2.5984, -14.143 3.1693 2.3793, -13.8198 3.1693 2.2927, -14.2276 3.1693 2.1752, -13.9378 3.1693 2.0079, -14.3621 3.1693 1.9999, -14.1255 3.1693 1.7633, -14.9606 4.7441 3.7795, -14.6549 4.7441 3.7393, -14.3701 4.7441 3.6213, -14.1255 4.7441 3.4336, -13.9378 4.7441 3.189, -13.8198 4.7441 2.9041, -13.7795 4.7441 2.5984, -13.8198 4.7441 2.2927, -13.9378 4.7441 2.0079, -14.1255 4.7441 1.7633, -14.3701 4.7441 1.5756, -14.6549 4.7441 1.4576, -14.9606 4.7441 1.4173, -15.2663 4.7441 1.4576, -15.5512 4.7441 1.5756, -15.7958 4.7441 1.7633, -15.9835 4.7441 2.0079, -16.1015 4.7441 2.2927, -16.1417 4.7441 2.5984, -16.1015 4.7441 2.9041, -15.9835 4.7441 3.189, -15.7958 4.7441 3.4336, -15.5512 4.7441 3.6213, -15.2663 4.7441 3.7393, 15.3839 3.1693 1.8654, 15.6004 3.1693 1.4903, 15.1797 3.1693 1.7808, 15.2918 3.1693 1.3625, 14.9606 3.1693 1.752, 14.9606 3.1693 1.3189, 14.7416 3.1693 1.7808, 14.6295 3.1693 1.3625, 14.5374 3.1693 1.8654, 14.3209 3.1693 1.4903, 14.3621 3.1693 1.9999, 14.0559 3.1693 1.6937, 14.2276 3.1693 2.1752, 13.8525 3.1693 1.9587, 14.143 3.1693 2.3793, 13.7247 3.1693 2.2673, 14.1142 3.1693 2.5984, 13.6811 3.1693 2.5984, 14.143 3.1693 2.8175, 13.7247 3.1693 2.9296, 14.2276 3.1693 3.0217, 13.8525 3.1693 3.2382, 14.3621 3.1693 3.197, 14.0559 3.1693 3.5032, 14.5374 3.1693 3.3315, 14.3209 3.1693 3.7065, 14.7416 3.1693 3.416, 14.6295 3.1693 3.8344, 14.9606 3.1693 3.4449, 14.9606 3.1693 3.878, 15.1797 3.1693 3.416, 15.2918 3.1693 3.8344, 15.3839 3.1693 3.3315, 15.6004 3.1693 3.7065, 15.5592 3.1693 3.197, 15.8654 3.1693 3.5032, 15.6937 3.1693 3.0217, 16.0687 3.1693 3.2382, 15.7782 3.1693 2.8175, 16.1966 3.1693 2.9296, 15.8071 3.1693 2.5984, 16.2402 3.1693 2.5984, 15.7782 3.1693 2.3793, 16.1966 3.1693 2.2673, 15.6937 3.1693 2.1752, 16.0687 3.1693 1.9587, 15.5592 3.1693 1.9999, 15.8654 3.1693 1.6937, 14.9606 4.7441 3.878, 15.2918 4.7441 3.8344, 15.6004 4.7441 3.7065, 15.8654 4.7441 3.5032, 16.0687 4.7441 3.2382, 16.1966 4.7441 2.9296, 16.2402 4.7441 2.5984, 16.1966 4.7441 2.2673, 16.0687 4.7441 1.9587, 15.8654 4.7441 1.6937, 15.6004 4.7441 1.4903, 15.2918 4.7441 1.3625, 14.9606 4.7441 1.3189, 14.6295 4.7441 1.3625, 14.3209 4.7441 1.4903, 14.0559 4.7441 1.6937, 13.8525 4.7441 1.9587, 13.7247 4.7441 2.2673, 13.6811 4.7441 2.5984, 13.7247 4.7441 2.9296, 13.8525 4.7441 3.2382, 14.0559 4.7441 3.5032, 14.3209 4.7441 3.7065, 14.6295 4.7441 3.8344
            ]
        }
        coordIndex [
            0,1,2,-1,2,1,3,-1,4,5,6,-1,6,5,7,-1,4,8,9,-1,10,1,11,-1,11,1,0,-1,11,0,9,-1,9,0,5,-1,9,5,4,-1,12,13,14,-1,15,16,17,-1,17,16,18,-1,17,18,14,-1,14,18,19,-1,14,19,12,-1,20,21,22,-1,22,21,23,-1,22,23,24,-1,24,23,25,-1,24,25,26,-1,26,25,27,-1,26,27,28,-1,28,27,29,-1,28,29,30,-1,30,29,31,-1,30,31,32,-1,32,31,33,-1,32,33,34,-1,34,33,35,-1,34,35,36,-1,36,35,37,-1,36,37,38,-1,38,37,39,-1,38,39,40,-1,40,39,41,-1,40,41,42,-1,42,41,43,-1,42,43,44,-1,44,43,45,-1,44,45,46,-1,46,45,47,-1,46,47,48,-1,48,47,49,-1,48,49,50,-1,50,49,51,-1,50,51,52,-1,52,51,53,-1,52,53,54,-1,54,53,55,-1,54,55,56,-1,56,55,57,-1,56,57,58,-1,58,57,59,-1,58,59,60,-1,60,59,61,-1,60,61,62,-1,62,61,63,-1,62,63,64,-1,64,63,65,-1,64,65,66,-1,66,65,67,-1,66,67,20,-1,20,67,21,-1,49,68,51,-1,51,68,69,-1,51,69,53,-1,53,69,70,-1,53,70,55,-1,55,70,71,-1,55,71,57,-1,57,71,72,-1,57,72,59,-1,59,72,73,-1,59,73,61,-1,61,73,74,-1,61,74,63,-1,63,74,75,-1,63,75,65,-1,65,75,76,-1,65,76,67,-1,67,76,77,-1,67,77,21,-1,21,77,78,-1,21,78,23,-1,23,78,79,-1,23,79,25,-1,25,79,80,-1,25,80,27,-1,27,80,81,-1,27,81,29,-1,29,81,82,-1,29,82,31,-1,31,82,83,-1,31,83,33,-1,33,83,84,-1,33,84,35,-1,35,84,85,-1,35,85,37,-1,37,85,86,-1,37,86,39,-1,39,86,87,-1,39,87,41,-1,41,87,88,-1,41,88,43,-1,43,88,89,-1,43,89,45,-1,45,89,90,-1,45,90,47,-1,47,90,91,-1,47,91,49,-1,49,91,68,-1,92,93,94,-1,94,93,95,-1,94,95,96,-1,96,95,97,-1,96,97,98,-1,98,97,99,-1,98,99,100,-1,100,99,101,-1,100,101,102,-1,102,101,103,-1,102,103,104,-1,104,103,105,-1,104,105,106,-1,106,105,107,-1,106,107,108,-1,108,107,109,-1,108,109,110,-1,110,109,111,-1,110,111,112,-1,112,111,113,-1,112,113,114,-1,114,113,115,-1,114,115,116,-1,116,115,117,-1,116,117,118,-1,118,117,119,-1,118,119,120,-1,120,119,121,-1,120,121,122,-1,122,121,123,-1,122,123,124,-1,124,123,125,-1,124,125,126,-1,126,125,127,-1,126,127,128,-1,128,127,129,-1,128,129,130,-1,130,129,131,-1,130,131,132,-1,132,131,133,-1,132,133,134,-1,134,133,135,-1,134,135,136,-1,136,135,137,-1,136,137,138,-1,138,137,139,-1,138,139,92,-1,92,139,93,-1,121,140,123,-1,123,140,141,-1,123,141,125,-1,125,141,142,-1,125,142,127,-1,127,142,143,-1,127,143,129,-1,129,143,144,-1,129,144,131,-1,131,144,145,-1,131,145,133,-1,133,145,146,-1,133,146,135,-1,135,146,147,-1,135,147,137,-1,137,147,148,-1,137,148,139,-1,139,148,149,-1,139,149,93,-1,93,149,150,-1,93,150,95,-1,95,150,151,-1,95,151,97,-1,97,151,152,-1,97,152,99,-1,99,152,153,-1,99,153,101,-1,101,153,154,-1,101,154,103,-1,103,154,155,-1,103,155,105,-1,105,155,156,-1,105,156,107,-1,107,156,157,-1,107,157,109,-1,109,157,158,-1,109,158,111,-1,111,158,159,-1,111,159,113,-1,113,159,160,-1,113,160,115,-1,115,160,161,-1,115,161,117,-1,117,161,162,-1,117,162,119,-1,119,162,163,-1,119,163,121,-1,121,163,140,-1,
        ]
    }
}