#VRML V2.0 utf8
# 3D model generated by easyeda2kicad.py (https://github.com/uPesy/easyeda2kicad.py)

Shape{
    appearance Appearance {
        material  Material 	{
            diffuseColor 0.6784313725490196 0.6784313725490196 0.6784313725490196
            specularColor 0.047058823529411764 0.047058823529411764 0.047058823529411764
            ambientIntensity 0.9686
            transparency 0.0
            shininess 0.5
        }
    }
    geometry IndexedFaceSet {
        ccw TRUE
        solid FALSE
        coord DEF co Coordinate {
            point [
                0.7874 1.4012 0.1575, 0.7874 1.2437 0.2362, 0.7874 1.4012 0.2362, 0.7874 0.3146 0.2362, 0.7874 0.3146 0.6693, 0.7874 0.5902 0.2362, 0.7874 0.5902 0.6693, 1.6535 0.7988 0.0, 1.6535 1.4012 0.0, 1.6535 0.7988 0.0984, 1.6535 1.4012 0.7874, 1.6535 0.3264 0.0984, 1.6535 -0.1579 0.7874, 1.6535 0.3264 0.0, 1.6535 -0.1579 0.1575, 1.6535 -0.2327 0.0, 1.6535 -0.2327 0.1575, 1.3386 1.4012 0.7874, 1.3386 0.5902 0.7874, 0.7874 0.5902 0.7874, -1.6535 -0.1579 0.7874, -1.3386 1.4012 0.7874, -1.6535 1.4012 0.7874, -1.3386 0.5902 0.7874, -0.7874 0.5902 0.7874, -0.7874 0.6886 0.7874, 0.7874 0.6886 0.7874, -0.3306 0.173 0.0, -0.3217 0.1723 0.0, -0.5424 0.1888 0.0, -1.6535 0.7988 0.0, -1.6535 1.4012 0.0, -1.0531 0.7988 0.0, -0.2215 1.4012 0.0, -0.2896 0.1835 0.0, -0.2621 0.1786 0.0, -0.3023 0.1767 0.0, -0.3187 0.1724 0.0, -0.3753 0.2123 0.0, -0.3643 0.1956 0.0, -0.469 0.4974 0.0, -0.4666 0.4963 0.0, -0.4013 0.334 0.0, -0.2774 0.1946 0.0, -0.2712 0.2029 0.0, -0.2661 0.212 0.0, -0.2215 0.1679 0.0, -0.3882 0.2457 0.0, -0.5591 0.1679 0.0, -0.5673 0.1576 0.0, -0.2644 0.3298 0.0, -0.3858 0.3667 0.0, -0.385 0.3831 0.0, -0.3501 0.1827 0.0, -0.3386 0.1757 0.0, -0.5073 0.5097 0.0, -0.4865 0.5064 0.0, -0.4433 0.5217 0.0, -0.3271 0.5379 0.0, -0.3424 0.5327 0.0, -0.3749 0.4492 0.0, -0.2571 0.4289 0.0, -0.2542 0.3989 0.0, -0.3984 0.4039 0.0, -0.5484 0.2014 0.0, -0.5507 0.2175 0.0, -0.398 0.2952 0.0, -0.5509 0.2245 0.0, -0.5509 0.5133 0.0, -0.4791 0.5046 0.0, -0.4748 0.5023 0.0, -0.4472 0.5137 0.0, -0.4452 0.5157 0.0, -0.3913 0.4496 0.0, -0.3757 0.4954 0.0, -0.448 0.5249 0.0, -0.4564 0.5249 0.0, -0.4798 0.5281 0.0, -0.5656 0.5359 0.0, -0.5663 0.5356 0.0, -0.5669 0.5351 0.0, -0.5656 0.2227 0.0, -0.566 0.1951 0.0, -0.5702 0.1679 0.0, -0.3539 0.5256 0.0, -0.3636 0.5155 0.0, -0.4436 0.5197 0.0, -0.4444 0.5171 0.0, -0.2612 0.5044 0.0, -0.2704 0.5185 0.0, -0.2807 0.528 0.0, -0.2929 0.5348 0.0, -0.5676 0.5342 0.0, -0.5684 0.5327 0.0, -1.0531 0.1679 0.0, -0.5687 0.5313 0.0, -0.2607 0.4528 0.0, -0.3655 0.4806 0.0, -0.3552 0.4984 0.0, -0.3473 0.5076 0.0, -0.3393 0.5142 0.0, -0.3322 0.5178 0.0, -0.3238 0.5197 0.0, -0.3187 0.5201 0.0, -0.2685 0.4853 0.0, -0.2758 0.4988 0.0, -0.3828 0.2918 0.0, -0.2664 0.2696 0.0, -0.378 0.2638 0.0, -0.2739 0.2309 0.0, -0.2821 0.2124 0.0, -0.4534 0.508 0.0, -0.2536 0.1786 0.0, -0.2536 0.3298 0.0, -0.2452 0.3994 0.0, -0.2476 0.4491 0.0, -0.2531 0.4841 0.0, -0.5226 0.532 0.0, -0.5463 0.5342 0.0, -0.3059 0.519 0.0, -0.2937 0.5145 0.0, -0.2838 0.5077 0.0, -0.3551 0.2106 0.0, -0.3649 0.2261 0.0, -0.2969 0.197 0.0, -0.2888 0.2035 0.0, -0.4468 0.5247 0.0, -0.4897 0.5292 0.0, -0.5594 0.5353 0.0, -0.5634 0.5362 0.0, -0.5648 0.5362 0.0, -0.3142 0.191 0.0, -0.3261 0.1918 0.0, -0.3048 0.1932 0.0, -0.3361 0.1952 0.0, -0.3457 0.2012 0.0, -0.3049 0.5382 0.0, -0.3109 0.5388 0.0, -0.444 0.523 0.0, -0.4445 0.5236 0.0, -0.4453 0.5241 0.0, -0.2215 -0.2327 0.0, -1.0531 -0.2327 0.0, -0.5713 0.1622 0.0, -0.5685 0.528 0.0, -0.5656 0.4776 0.0, -0.5668 0.5119 0.0, -0.5667 0.511 0.0, 1.0531 0.7988 0.0, -0.0023 0.1914 0.0, -0.0018 0.1904 0.0, -0.074 0.1701 0.0, -0.1674 0.3372 0.0, -0.1198 0.331 0.0, -0.1674 0.2126 0.0, -0.1002 0.327 0.0, -0.0021 0.1961 0.0, -0.0026 0.1945 0.0, -0.0577 0.1957 0.0, -0.1976 0.1886 0.0, -0.1973 0.1882 0.0, -0.1967 0.1878 0.0, -0.1959 0.1875 0.0, -0.1949 0.1874 0.0, -0.1929 0.1877 0.0, -0.1822 0.1894 0.0, -0.0876 0.3225 0.0, -0.0819 0.319 0.0, -0.0961 0.2007 0.0, -0.0768 0.3162 0.0, -0.0828 0.1991 0.0, -0.0578 0.3378 0.0, -0.058 0.3388 0.0, -0.0621 0.49 0.0, -0.0583 0.3397 0.0, -0.0022 0.5133 0.0, -0.0021 0.5128 0.0, -0.0453 0.5157 0.0, -0.0457 0.516 0.0, 0.0232 0.5396 0.0, -0.0463 0.5163 0.0, -0.1725 0.1905 0.0, -0.1629 0.1905 0.0, -0.1612 0.1905 0.0, -0.0589 0.3406 0.0, -0.0598 0.3414 0.0, -0.0605 0.3418 0.0, -0.0022 0.5138 0.0, -0.0588 0.196 0.0, -0.0604 0.1961 0.0, -0.0694 0.1973 0.0, 0.1074 0.1792 0.0, 0.1206 0.1825 0.0, 0.2832 0.1679 0.0, -0.1843 0.5368 0.0, -0.1859 0.5362 0.0, -0.1674 0.357 0.0, -0.1674 0.5104 0.0, -0.083 0.4986 0.0, -0.0565 0.1889 0.0, -0.0558 0.1903 0.0, -0.0026 0.1929 0.0, -0.1823 0.5371 0.0, -0.044 0.5131 0.0, -0.044 0.5121 0.0, -0.0442 0.5109 0.0, -0.0482 0.5166 0.0, -0.0496 0.5167 0.0, 0.024 0.5398 0.0, -0.1501 0.1903 0.0, -0.1391 0.1888 0.0, -0.117 0.1848 0.0, -0.0615 0.3421 0.0, -0.0632 0.3423 0.0, -0.0672 0.4929 0.0, -0.0748 0.4965 0.0, -0.0576 0.1871 0.0, -0.0555 0.1913 0.0, -0.0553 0.1922 0.0, -0.0554 0.1929 0.0, -0.0557 0.1937 0.0, -0.0561 0.1944 0.0, -0.0568 0.1951 0.0, -0.0011 0.5108 0.0, -0.0008 0.5106 0.0, -0.0003 0.5104 0.0, -0.0002 0.5103 0.0, 0.001 0.5102 0.0, 0.0032 0.5104 0.0, 0.0111 0.5104 0.0, 0.0202 0.5104 0.0, 0.1127 0.5222 0.0, 0.0914 0.5267 0.0, 0.0677 0.5297 0.0, 0.1304 0.1876 0.0, 0.1389 0.1949 0.0, 0.1479 0.2071 0.0, -0.189 0.5258 0.0, -0.1853 0.5115 0.0, -0.1838 0.2126 0.0, -0.1838 0.4968 0.0, -0.1838 0.4861 0.0, -0.0463 0.5076 0.0, -0.0447 0.5097 0.0, -0.0443 0.5141 0.0, -0.0449 0.5153 0.0, -0.0975 0.1809 0.0, -0.0818 0.1752 0.0, -0.0791 0.1735 0.0, 0.0128 0.2097 0.0, 0.0164 0.2119 0.0, 0.0202 0.2137 0.0, 0.0026 0.2013 0.0, 0.0002 0.1993 0.0, -0.0012 0.1977 0.0, -0.0604 0.3326 0.0, -0.0592 0.3342 0.0, -0.0584 0.3355 0.0, -0.058 0.3368 0.0, -0.0014 0.5111 0.0, -0.0016 0.5116 0.0, 0.3465 0.4085 0.0, 0.3533 0.4368 0.0, 1.0531 0.1679 0.0, 0.3672 0.5508 0.0, 0.3669 0.5512 0.0, 0.2143 0.5527 0.0, 0.2138 0.5528 0.0, 0.2135 0.5527 0.0, 0.2132 0.5526 0.0, 0.1234 0.5167 0.0, 0.133 0.5083 0.0, 0.2129 0.5524 0.0, 0.2125 0.552 0.0, 0.0898 0.178 0.0, 0.0773 0.1791 0.0, -0.1899 0.2055 0.0, -0.1936 0.201 0.0, -0.1892 0.5303 0.0, -0.1959 0.198 0.0, -0.189 0.5258 0.0, -0.0009 0.5162 0.0, -0.0016 0.5152 0.0, -0.002 0.5145 0.0, 0.2837 0.1656 0.0, 1.0531 -0.2327 0.0, 0.2916 0.1656 0.0, 0.2921 0.1679 0.0, 0.3675 0.5502 0.0, 0.3657 0.5518 0.0, 0.3661 0.5517 0.0, 0.3666 0.5515 0.0, 0.2065 0.5012 0.0, 0.1427 0.4955 0.0, 0.2067 0.496 0.0, 0.157 0.4651 0.0, 0.2079 0.4926 0.0, 0.2089 0.4906 0.0, 0.0428 0.5326 0.0, 0.0336 0.535 0.0, 0.0276 0.5386 0.0, 0.2118 0.4855 0.0, 0.2192 0.4608 0.0, 0.1654 0.4228 0.0, 0.2254 0.4357 0.0, 0.1686 0.374 0.0, -0.1835 0.479 0.0, -0.1833 0.4719 0.0, 0.212 0.5509 0.0, 0.2116 0.5496 0.0, 0.2108 0.5436 0.0, 0.0267 0.1896 0.0, 0.0315 0.1888 0.0, 0.1562 0.2271 0.0, 0.1643 0.2722 0.0, 0.1686 0.3729 0.0, -0.0581 0.5172 0.0, -0.101 0.5225 0.0, -0.1437 0.5291 0.0, -0.1979 0.1905 0.0, -0.1979 0.1893 0.0, -0.1978 0.1889 0.0, 0.3563 0.4502 0.0, 0.3601 0.4634 0.0, 0.364 0.4742 0.0, 0.3677 0.4843 0.0, 0.3701 0.4879 0.0, 0.3721 0.4903 0.0, 0.3633 0.5504 0.0, 0.248 0.4062 0.0, 0.3639 0.5511 0.0, 0.2299 0.4906 0.0, 0.3644 0.5515 0.0, 0.21 0.5359 0.0, 0.2073 0.5122 0.0, 0.0434 0.1877 0.0, 0.0649 0.1815 0.0, 0.0213 0.5384 0.0, 0.0135 0.5316 0.0, 0.0083 0.5263 0.0, 0.3627 0.549 0.0, 0.3624 0.5478 0.0, 0.325 0.3876 0.0, 0.3584 0.5252 0.0, -0.1872 0.5352 0.0, -0.1881 0.5341 0.0, -0.1888 0.5325 0.0, 0.0015 0.519 0.0, 0.0001 0.5174 0.0, -0.001 0.1895 0.0, -0.0002 0.1888 0.0, 0.01 0.1905 0.0, 0.0219 0.1905 0.0, 0.0258 0.5397 0.0, 0.0253 0.5398 0.0, -0.1972 0.1954 0.0, -0.1978 0.1932 0.0, -0.1978 0.1916 0.0, 0.3684 0.5457 0.0, 0.3686 0.5427 0.0, 0.3698 0.5331 0.0, 0.368 0.5478 0.0, 0.3678 0.5493 0.0, -0.1697 0.5336 0.0, -0.1759 0.5359 0.0, -0.1796 0.5369 0.0, 0.3725 0.4992 0.0, 0.3724 0.5015 0.0, 0.372 0.5076 0.0, 0.2172 0.5492 0.0, 0.2166 0.5506 0.0, 0.3653 0.5518 0.0, 0.2159 0.5515 0.0, 0.2153 0.5521 0.0, 0.2148 0.5525 0.0, 0.3727 0.4913 0.0, 0.3729 0.4921 0.0, 0.373 0.4934 0.0, 0.3648 0.5517 0.0, 0.2213 0.5336 0.0, 0.218 0.5472 0.0, 1.1516 -0.2327 0.0, 1.1516 0.3264 0.0, 1.1909 -0.2327 0.1575, 1.1516 -0.2327 0.5906, 1.1909 -0.2327 0.7087, 1.0531 -0.2327 0.5906, 0.7874 -0.2327 0.7087, -0.3445 -0.2327 0.0984, -0.4429 -0.2327 0.0984, 0.7874 -0.2327 0.0984, 0.7382 -0.2327 0.0984, 0.6398 -0.2327 0.0984, -1.6535 -0.2327 0.1575, -1.6535 -0.2327 0.0, -1.1909 -0.2327 0.1575, -1.1516 -0.2327 0.0, -1.1516 -0.2327 0.5906, -0.5413 -0.2327 0.0984, -0.6398 -0.2327 0.0984, -0.7382 -0.2327 0.0984, -0.7874 -0.2327 0.0984, -1.0531 -0.2327 0.5906, -0.7874 -0.2327 0.7087, -1.1909 -0.2327 0.7087, 0.5413 -0.2327 0.0984, 0.4429 -0.2327 0.0984, 0.3445 -0.2327 0.0984, 0.2461 -0.2327 0.0984, 0.1476 -0.2327 0.0984, 0.0492 -0.2327 0.0984, -0.0492 -0.2327 0.0984, -0.1476 -0.2327 0.0984, -0.2461 -0.2327 0.0984, -1.3386 1.4012 0.2362, -0.7874 1.4012 0.2362, -0.7874 1.4012 0.1575, 1.3386 1.4012 0.2362, -0.1476 1.4012 0.1575, -0.0492 1.4012 0.1575, -0.7382 1.4012 0.1575, -0.6398 1.4012 0.1575, -0.5413 1.4012 0.1575, -0.4429 1.4012 0.1575, -0.3445 1.4012 0.1575, -0.2461 1.4012 0.1575, 0.0492 1.4012 0.1575, 0.1476 1.4012 0.1575, 0.2461 1.4012 0.1575, 0.3445 1.4012 0.1575, 0.4429 1.4012 0.1575, 0.5413 1.4012 0.1575, 0.6398 1.4012 0.1575, 0.7382 1.4012 0.1575, 1.3386 0.5902 0.2362, 1.1516 0.5902 0.2362, 1.1516 0.5902 0.5906, 1.0531 0.5902 0.5906, 1.0531 0.5902 0.2362, 1.0531 0.7988 0.2362, 1.1516 0.7988 0.2362, 0.7382 1.2437 0.2362, 0.7382 0.3146 0.2362, 1.1516 0.7988 0.0984, 1.1516 0.3264 0.0984, -1.2894 -0.1579 0.689, -1.1909 -0.1579 0.7087, -1.1909 -0.1579 0.1575, -1.2894 -0.1579 0.2165, -1.6535 -0.1579 0.1575, -1.5551 -0.1579 0.2165, -1.5551 -0.1579 0.689, 1.1909 -0.1579 0.7087, 1.1909 -0.1579 0.1575, 1.2894 -0.1579 0.2165, -0.7382 -0.1579 0.7087, -0.6398 -0.1579 0.7087, -0.5413 -0.1579 0.7087, 1.5551 -0.1579 0.2165, 1.5551 -0.1579 0.689, 1.2894 -0.1579 0.689, -0.4429 -0.1579 0.7087, -0.3445 -0.1579 0.7087, -0.2461 -0.1579 0.7087, -0.1476 -0.1579 0.7087, -0.0492 -0.1579 0.7087, 0.0492 -0.1579 0.7087, 0.1476 -0.1579 0.7087, 0.2461 -0.1579 0.7087, 0.3445 -0.1579 0.7087, 0.4429 -0.1579 0.7087, 0.5413 -0.1579 0.7087, 0.6398 -0.1579 0.7087, 0.7382 -0.1579 0.7087, 0.7874 -0.3547 0.7087, 0.7382 -0.3547 0.7087, 1.5551 0.2358 0.689, 1.5551 0.2358 0.2165, 1.2894 0.2358 0.689, 1.2894 0.2358 0.2165, 0.7874 -0.3547 0.0984, -0.7874 0.5902 0.6693, -0.7874 0.6886 0.6693, -0.6398 -0.3547 0.7087, -0.5413 -0.3547 0.7087, -0.6398 0.3146 0.6693, -0.5413 0.3146 0.6693, -0.6398 0.3146 0.2362, -0.5413 0.3146 0.2362, -0.6398 1.2437 0.2362, -0.5413 1.2437 0.2362, -0.6398 -0.3547 0.0984, -0.5413 -0.3547 0.0984, -0.7874 -0.3547 0.7087, -0.7382 -0.3547 0.7087, 0.7874 0.6886 0.6693, -0.7382 0.3146 0.6693, -0.7874 0.3146 0.6693, 0.7382 0.3146 0.6693, 0.5413 0.3146 0.6693, 0.5413 -0.1185 0.6693, 0.4429 -0.1185 0.6693, 0.4429 0.3146 0.6693, 0.3445 0.3146 0.6693, 0.6398 0.3146 0.6693, 0.6398 -0.1185 0.6693, 0.7382 -0.1185 0.6693, 0.1476 0.3146 0.6693, 0.1476 -0.1185 0.6693, 0.0492 -0.1185 0.6693, 0.0492 0.3146 0.6693, -0.0492 0.3146 0.6693, 0.2461 0.3146 0.6693, 0.2461 -0.1185 0.6693, 0.3445 -0.1185 0.6693, -0.2461 0.3146 0.6693, -0.2461 -0.1185 0.6693, -0.3445 -0.1185 0.6693, -0.3445 0.3146 0.6693, -0.1476 0.3146 0.6693, -0.1476 -0.1185 0.6693, -0.0492 -0.1185 0.6693, -0.4429 -0.1185 0.6693, -0.5413 -0.1185 0.6693, -0.4429 0.3146 0.6693, -0.6398 -0.1185 0.6693, -0.7382 -0.1185 0.6693, -0.7874 0.3146 0.2362, -0.7382 0.3146 0.2362, -0.7874 1.2437 0.2362, -1.3386 0.5902 0.2362, -1.1516 0.5902 0.2362, -1.1516 0.7988 0.2362, -0.7382 1.2437 0.2362, -1.0531 0.7988 0.2362, -0.7874 0.5902 0.2362, -1.0531 0.5902 0.2362, -0.7874 -0.3547 0.0984, -0.7382 -0.3547 0.0984, -0.6398 -0.1736 0.1575, -0.7382 -0.1736 0.1575, -1.6535 0.7988 0.0984, -1.6535 0.3264 0.0984, -1.6535 0.3264 0.0, -1.1516 0.3264 0.0, -1.0531 0.5902 0.5906, -1.1516 0.5902 0.5906, -1.1516 0.3264 0.0984, -1.1516 0.7988 0.0984, -1.5551 0.2358 0.2165, -1.5551 0.2358 0.689, -1.2894 0.2358 0.689, -1.2894 0.2358 0.2165, -0.4429 -0.3547 0.7087, -0.3445 -0.3547 0.7087, -0.4429 0.3146 0.2362, -0.3445 0.3146 0.2362, -0.4429 1.2437 0.2362, -0.3445 1.2437 0.2362, -0.4429 -0.3547 0.0984, -0.3445 -0.3547 0.0984, -0.4429 -0.1736 0.1575, -0.5413 -0.1736 0.1575, -0.0492 -0.3547 0.7087, 0.0492 -0.3547 0.7087, -0.0492 0.3146 0.2362, 0.0492 0.3146 0.2362, -0.0492 1.2437 0.2362, 0.0492 1.2437 0.2362, -0.0492 -0.3547 0.0984, 0.0492 -0.3547 0.0984, -0.2461 -0.3547 0.7087, -0.1476 -0.3547 0.7087, -0.2461 0.3146 0.2362, -0.1476 0.3146 0.2362, -0.2461 1.2437 0.2362, -0.1476 1.2437 0.2362, -0.2461 -0.3547 0.0984, -0.1476 -0.3547 0.0984, -0.0492 -0.1736 0.1575, -0.1476 -0.1736 0.1575, -0.2461 -0.1736 0.1575, -0.3445 -0.1736 0.1575, 0.1476 -0.3547 0.7087, 0.2461 -0.3547 0.7087, 0.1476 0.3146 0.2362, 0.2461 0.3146 0.2362, 0.1476 1.2437 0.2362, 0.2461 1.2437 0.2362, 0.1476 -0.3547 0.0984, 0.2461 -0.3547 0.0984, 0.1476 -0.1736 0.1575, 0.0492 -0.1736 0.1575, 0.3445 -0.3547 0.7087, 0.4429 -0.3547 0.7087, 0.3445 0.3146 0.2362, 0.4429 0.3146 0.2362, 0.3445 1.2437 0.2362, 0.4429 1.2437 0.2362, 0.3445 -0.3547 0.0984, 0.4429 -0.3547 0.0984, 0.3445 -0.1736 0.1575, 0.2461 -0.1736 0.1575, 0.5413 -0.3547 0.7087, 0.6398 -0.3547 0.7087, 0.5413 0.3146 0.2362, 0.6398 0.3146 0.2362, 0.5413 1.2437 0.2362, 0.6398 1.2437 0.2362, 0.5413 -0.3547 0.0984, 0.6398 -0.3547 0.0984, 0.5413 -0.1736 0.1575, 0.4429 -0.1736 0.1575, 0.7382 -0.3547 0.0984, 0.7382 -0.1736 0.1575, 0.6398 -0.1736 0.1575
            ]
        }
        coordIndex [
            0,1,2,-1,3,4,5,-1,5,4,6,-1,7,8,9,-1,9,8,10,-1,9,10,11,-1,11,10,12,-1,11,12,13,-1,13,12,14,-1,13,14,15,-1,15,14,16,-1,12,10,17,-1,17,18,12,-1,12,18,19,-1,12,19,20,-1,21,22,23,-1,23,22,20,-1,23,20,24,-1,24,20,19,-1,24,19,25,-1,25,19,26,-1,27,28,29,-1,30,31,32,-1,32,31,33,-1,34,35,36,-1,36,35,37,-1,38,39,29,-1,40,41,42,-1,34,43,35,-1,35,43,44,-1,35,44,45,-1,28,37,46,-1,38,29,47,-1,29,28,48,-1,48,28,46,-1,48,46,49,-1,50,51,52,-1,39,53,29,-1,29,53,54,-1,29,54,27,-1,42,55,56,-1,57,58,59,-1,60,61,62,-1,42,41,63,-1,29,64,47,-1,47,64,65,-1,47,65,66,-1,66,65,67,-1,66,67,42,-1,42,67,68,-1,42,68,55,-1,56,69,42,-1,42,69,70,-1,42,70,40,-1,71,72,73,-1,73,72,74,-1,75,76,77,-1,78,79,32,-1,32,79,80,-1,81,82,83,-1,59,84,57,-1,57,84,85,-1,57,85,86,-1,86,85,74,-1,86,74,87,-1,87,74,72,-1,88,89,33,-1,33,89,90,-1,33,90,91,-1,80,92,32,-1,32,92,93,-1,32,93,94,-1,94,93,95,-1,61,60,96,-1,96,60,97,-1,96,97,98,-1,98,99,96,-1,96,99,100,-1,96,100,101,-1,101,102,96,-1,96,102,103,-1,96,103,104,-1,104,103,105,-1,51,50,106,-1,106,50,107,-1,106,107,108,-1,108,107,109,-1,108,109,110,-1,63,41,73,-1,73,41,111,-1,73,111,71,-1,37,35,46,-1,46,35,112,-1,46,112,113,-1,114,115,33,-1,33,115,116,-1,33,116,88,-1,117,118,33,-1,119,120,103,-1,103,120,121,-1,103,121,105,-1,122,123,124,-1,124,123,108,-1,124,108,125,-1,125,108,110,-1,33,126,75,-1,75,77,33,-1,33,77,127,-1,33,127,117,-1,118,128,33,-1,33,128,129,-1,33,129,32,-1,32,129,130,-1,32,130,78,-1,131,132,133,-1,133,132,134,-1,133,134,124,-1,124,134,135,-1,124,135,122,-1,91,136,33,-1,33,136,137,-1,33,137,58,-1,57,138,58,-1,58,138,139,-1,58,139,33,-1,33,139,140,-1,33,140,126,-1,46,141,49,-1,49,141,142,-1,49,142,143,-1,143,142,94,-1,143,94,83,-1,83,94,95,-1,83,95,81,-1,81,95,144,-1,81,144,145,-1,145,144,146,-1,145,146,147,-1,8,7,33,-1,33,7,148,-1,149,150,151,-1,152,153,154,-1,154,153,155,-1,156,157,158,-1,159,160,46,-1,46,160,161,-1,46,161,162,-1,162,163,46,-1,46,163,164,-1,46,164,165,-1,155,166,154,-1,154,166,167,-1,154,167,168,-1,168,167,169,-1,168,169,170,-1,171,172,173,-1,173,172,174,-1,175,176,173,-1,177,178,179,-1,179,178,180,-1,165,181,46,-1,46,181,182,-1,46,182,183,-1,174,184,173,-1,173,184,185,-1,173,185,186,-1,175,173,187,-1,188,189,169,-1,169,189,190,-1,169,190,170,-1,191,192,193,-1,194,195,33,-1,196,197,198,-1,199,200,201,-1,194,33,202,-1,203,179,204,-1,204,179,205,-1,180,206,179,-1,179,206,207,-1,179,207,208,-1,183,209,46,-1,46,209,210,-1,46,210,211,-1,186,212,173,-1,173,212,213,-1,173,213,214,-1,214,213,196,-1,214,196,215,-1,215,196,198,-1,149,151,201,-1,201,151,216,-1,201,216,199,-1,200,217,201,-1,201,217,218,-1,201,218,157,-1,157,218,219,-1,157,219,220,-1,220,221,157,-1,157,221,222,-1,157,222,158,-1,223,224,158,-1,224,225,158,-1,158,225,226,-1,158,226,227,-1,227,228,158,-1,158,228,229,-1,158,229,230,-1,231,232,33,-1,33,232,233,-1,192,234,193,-1,193,234,235,-1,193,235,236,-1,237,238,239,-1,238,240,241,-1,173,242,179,-1,179,242,243,-1,179,243,205,-1,203,244,179,-1,179,244,245,-1,179,245,177,-1,211,246,46,-1,46,246,247,-1,46,247,248,-1,249,230,250,-1,250,230,251,-1,249,252,230,-1,230,252,253,-1,230,253,158,-1,158,253,254,-1,158,254,156,-1,188,169,158,-1,158,169,255,-1,158,255,256,-1,256,257,158,-1,158,257,258,-1,158,258,223,-1,223,258,171,-1,223,171,259,-1,259,171,173,-1,259,173,260,-1,260,173,176,-1,261,262,263,-1,264,265,148,-1,266,267,33,-1,267,268,33,-1,33,268,269,-1,33,269,231,-1,231,269,270,-1,270,269,271,-1,271,269,272,-1,271,272,273,-1,191,193,274,-1,274,193,151,-1,274,151,275,-1,276,277,278,-1,278,277,279,-1,276,278,239,-1,239,278,280,-1,239,280,237,-1,281,282,173,-1,173,282,283,-1,173,283,187,-1,248,151,46,-1,46,151,193,-1,46,193,141,-1,141,193,284,-1,141,284,285,-1,285,284,286,-1,285,286,263,-1,263,286,287,-1,263,287,261,-1,264,148,288,-1,289,33,290,-1,290,33,148,-1,290,148,291,-1,291,148,265,-1,271,292,293,-1,293,292,294,-1,293,294,295,-1,295,294,296,-1,295,296,297,-1,233,298,33,-1,33,298,299,-1,33,299,300,-1,297,301,295,-1,295,301,302,-1,295,302,303,-1,303,302,304,-1,303,304,305,-1,238,241,239,-1,239,241,306,-1,239,306,307,-1,273,308,271,-1,271,308,309,-1,271,309,310,-1,311,312,151,-1,236,313,193,-1,193,313,314,-1,193,314,304,-1,304,314,315,-1,304,315,305,-1,207,316,208,-1,208,316,317,-1,208,317,318,-1,319,320,46,-1,46,320,321,-1,46,321,159,-1,262,322,263,-1,263,322,323,-1,263,323,324,-1,324,325,263,-1,263,325,326,-1,263,326,327,-1,328,329,330,-1,330,329,331,-1,330,331,332,-1,310,333,271,-1,271,333,334,-1,271,334,292,-1,312,335,151,-1,151,335,336,-1,151,336,275,-1,179,337,173,-1,173,337,338,-1,173,338,339,-1,328,340,329,-1,329,340,341,-1,329,341,342,-1,342,341,343,-1,195,344,33,-1,33,344,345,-1,33,345,346,-1,339,347,173,-1,173,347,348,-1,173,348,281,-1,150,349,151,-1,151,349,350,-1,151,350,311,-1,311,350,351,-1,311,351,352,-1,300,353,33,-1,33,353,354,-1,33,354,208,-1,52,60,50,-1,50,60,62,-1,50,62,113,-1,113,62,114,-1,113,114,46,-1,46,114,33,-1,46,33,278,-1,278,33,346,-1,279,355,278,-1,278,355,356,-1,278,356,46,-1,46,356,357,-1,46,357,319,-1,358,148,359,-1,359,148,360,-1,358,361,148,-1,148,361,362,-1,148,362,288,-1,318,363,208,-1,208,363,364,-1,208,364,33,-1,33,364,365,-1,33,365,202,-1,366,367,148,-1,148,367,368,-1,148,368,360,-1,369,370,371,-1,371,370,372,-1,371,372,289,-1,289,372,373,-1,289,373,33,-1,33,373,374,-1,33,374,266,-1,327,375,263,-1,263,375,376,-1,263,376,148,-1,148,376,377,-1,148,377,366,-1,332,331,378,-1,378,331,379,-1,378,379,371,-1,371,379,380,-1,371,380,369,-1,381,382,15,-1,15,382,13,-1,15,16,381,-1,381,16,383,-1,381,383,384,-1,384,383,385,-1,384,385,386,-1,386,385,387,-1,386,387,285,-1,141,388,389,-1,387,390,285,-1,285,390,391,-1,285,391,392,-1,393,394,395,-1,395,394,396,-1,395,396,397,-1,389,398,141,-1,141,398,399,-1,141,399,142,-1,399,400,142,-1,142,400,401,-1,142,401,402,-1,402,401,403,-1,402,403,397,-1,397,403,404,-1,397,404,395,-1,392,405,285,-1,285,405,406,-1,285,406,141,-1,141,406,407,-1,141,407,408,-1,408,409,141,-1,141,409,410,-1,141,410,411,-1,411,412,141,-1,141,412,413,-1,141,413,388,-1,414,415,416,-1,31,22,21,-1,17,10,417,-1,417,10,8,-1,417,8,2,-1,33,418,419,-1,420,33,416,-1,416,33,31,-1,416,31,414,-1,414,31,21,-1,420,421,33,-1,33,421,422,-1,33,422,423,-1,423,424,33,-1,33,424,425,-1,33,425,418,-1,419,426,33,-1,33,426,427,-1,33,427,428,-1,428,429,33,-1,33,429,430,-1,33,430,431,-1,431,432,33,-1,33,432,433,-1,33,433,8,-1,8,433,0,-1,8,0,2,-1,434,435,18,-1,18,435,436,-1,18,436,19,-1,19,436,437,-1,19,437,6,-1,6,437,438,-1,6,438,5,-1,18,17,434,-1,434,17,417,-1,5,438,439,-1,435,434,440,-1,440,434,417,-1,417,2,440,-1,440,2,1,-1,440,1,439,-1,439,1,441,-1,439,441,5,-1,5,441,442,-1,5,442,3,-1,384,386,436,-1,436,386,437,-1,148,439,263,-1,263,439,438,-1,438,437,263,-1,263,437,386,-1,263,386,285,-1,384,436,381,-1,381,436,435,-1,440,443,435,-1,435,443,444,-1,435,444,381,-1,381,444,382,-1,440,439,443,-1,443,439,148,-1,443,148,9,-1,9,148,7,-1,444,11,382,-1,382,11,13,-1,9,11,443,-1,443,11,444,-1,445,446,20,-1,446,445,447,-1,447,445,448,-1,447,448,449,-1,449,448,450,-1,449,450,20,-1,20,450,451,-1,20,451,445,-1,452,453,454,-1,446,455,20,-1,20,455,456,-1,20,456,457,-1,454,453,458,-1,458,453,14,-1,458,14,459,-1,459,14,12,-1,459,12,460,-1,457,461,20,-1,20,461,462,-1,20,462,12,-1,12,462,463,-1,463,464,12,-1,12,464,465,-1,12,465,466,-1,466,467,12,-1,12,467,468,-1,12,468,469,-1,469,470,12,-1,12,470,471,-1,12,471,472,-1,454,460,452,-1,452,460,12,-1,452,12,473,-1,473,12,472,-1,453,452,383,-1,383,452,385,-1,14,453,16,-1,16,453,383,-1,385,452,387,-1,387,452,473,-1,387,473,474,-1,474,473,475,-1,476,477,459,-1,459,477,458,-1,478,476,460,-1,460,476,459,-1,479,478,454,-1,454,478,460,-1,477,479,458,-1,458,479,454,-1,478,479,476,-1,476,479,477,-1,387,474,390,-1,390,474,480,-1,24,25,481,-1,481,25,482,-1,483,484,456,-1,456,484,457,-1,485,486,487,-1,487,486,488,-1,487,488,489,-1,489,488,490,-1,489,490,421,-1,421,490,422,-1,399,398,491,-1,491,398,492,-1,491,492,483,-1,483,492,484,-1,493,494,403,-1,403,494,455,-1,403,455,404,-1,404,455,446,-1,495,482,26,-1,26,482,25,-1,496,497,481,-1,4,498,6,-1,6,498,482,-1,6,482,495,-1,499,500,501,-1,502,503,482,-1,501,502,499,-1,499,502,482,-1,499,482,504,-1,504,482,498,-1,504,498,505,-1,505,498,506,-1,507,508,509,-1,510,511,482,-1,509,510,507,-1,507,510,482,-1,507,482,512,-1,512,482,503,-1,512,503,513,-1,513,503,514,-1,515,516,517,-1,517,518,515,-1,515,518,482,-1,515,482,519,-1,519,482,511,-1,519,511,520,-1,520,511,521,-1,522,523,524,-1,524,523,486,-1,485,525,526,-1,526,496,485,-1,485,496,481,-1,485,481,486,-1,486,481,482,-1,486,482,524,-1,524,482,518,-1,527,497,528,-1,528,497,496,-1,529,415,414,-1,530,531,532,-1,414,530,529,-1,529,530,532,-1,529,532,533,-1,533,532,534,-1,527,528,535,-1,535,528,533,-1,535,533,536,-1,536,533,534,-1,416,529,420,-1,420,529,533,-1,537,401,538,-1,538,401,400,-1,493,537,494,-1,494,537,538,-1,537,493,401,-1,401,493,403,-1,539,421,540,-1,540,421,420,-1,525,456,526,-1,526,456,455,-1,399,539,400,-1,400,539,540,-1,539,399,491,-1,525,485,487,-1,489,421,487,-1,487,421,539,-1,487,539,525,-1,525,539,491,-1,525,491,456,-1,456,491,483,-1,540,420,528,-1,528,420,533,-1,455,494,526,-1,526,494,538,-1,528,496,540,-1,540,496,526,-1,540,526,400,-1,400,526,538,-1,416,415,529,-1,31,30,22,-1,22,30,541,-1,22,541,20,-1,20,541,542,-1,20,542,449,-1,449,542,543,-1,449,543,393,-1,393,543,394,-1,544,396,543,-1,543,396,394,-1,497,527,481,-1,481,527,535,-1,535,536,481,-1,481,536,545,-1,531,530,546,-1,546,530,23,-1,546,23,545,-1,545,23,24,-1,545,24,481,-1,21,23,414,-1,414,23,530,-1,402,397,545,-1,545,397,546,-1,94,142,402,-1,534,32,536,-1,536,32,94,-1,536,94,545,-1,545,94,402,-1,396,544,397,-1,397,544,547,-1,546,397,531,-1,531,397,547,-1,531,547,532,-1,532,547,548,-1,541,30,548,-1,548,30,32,-1,548,32,532,-1,532,32,534,-1,542,547,543,-1,543,547,544,-1,542,541,547,-1,547,541,548,-1,446,447,404,-1,404,447,395,-1,447,449,395,-1,395,449,393,-1,549,550,450,-1,450,550,451,-1,550,551,451,-1,451,551,445,-1,551,552,445,-1,445,552,448,-1,552,549,448,-1,448,549,450,-1,552,551,549,-1,549,551,550,-1,553,554,461,-1,461,554,462,-1,524,518,555,-1,555,518,556,-1,555,556,557,-1,557,556,558,-1,557,558,423,-1,423,558,424,-1,389,388,559,-1,559,388,560,-1,559,560,553,-1,553,560,554,-1,561,423,562,-1,562,423,422,-1,522,461,523,-1,523,461,457,-1,389,561,398,-1,398,561,562,-1,561,389,559,-1,522,524,555,-1,557,423,555,-1,555,423,561,-1,555,561,522,-1,522,561,559,-1,522,559,461,-1,461,559,553,-1,562,422,488,-1,488,422,490,-1,457,484,523,-1,523,484,492,-1,488,486,562,-1,562,486,523,-1,562,523,398,-1,398,523,492,-1,563,564,465,-1,465,564,466,-1,511,510,565,-1,565,510,566,-1,565,566,567,-1,567,566,568,-1,567,568,419,-1,419,568,426,-1,411,410,569,-1,569,410,570,-1,569,570,563,-1,563,570,564,-1,463,571,464,-1,464,571,572,-1,573,515,574,-1,574,515,519,-1,575,573,576,-1,576,573,574,-1,425,575,418,-1,418,575,576,-1,577,413,578,-1,578,413,412,-1,571,577,572,-1,572,577,578,-1,579,419,580,-1,580,419,418,-1,521,465,520,-1,520,465,464,-1,411,579,412,-1,412,579,580,-1,579,411,569,-1,521,511,565,-1,567,419,565,-1,565,419,579,-1,565,579,521,-1,521,579,569,-1,521,569,465,-1,465,569,563,-1,580,418,574,-1,574,418,576,-1,464,572,520,-1,520,572,578,-1,574,519,580,-1,580,519,520,-1,580,520,412,-1,412,520,578,-1,581,425,582,-1,582,425,424,-1,516,463,517,-1,517,463,462,-1,413,581,388,-1,388,581,582,-1,581,413,577,-1,516,515,573,-1,575,425,573,-1,573,425,581,-1,573,581,516,-1,516,581,577,-1,516,577,463,-1,463,577,571,-1,582,424,556,-1,556,424,558,-1,462,554,517,-1,517,554,560,-1,556,518,582,-1,582,518,517,-1,582,517,388,-1,388,517,560,-1,583,584,467,-1,467,584,468,-1,507,512,585,-1,585,512,586,-1,585,586,587,-1,587,586,588,-1,587,588,427,-1,427,588,428,-1,409,408,589,-1,589,408,590,-1,589,590,583,-1,583,590,584,-1,591,427,592,-1,592,427,426,-1,508,467,509,-1,509,467,466,-1,409,591,410,-1,410,591,592,-1,591,409,589,-1,508,507,585,-1,587,427,585,-1,585,427,591,-1,585,591,508,-1,508,591,589,-1,508,589,467,-1,467,589,583,-1,592,426,566,-1,566,426,568,-1,466,564,509,-1,509,564,570,-1,566,510,592,-1,592,510,509,-1,592,509,410,-1,410,509,570,-1,593,594,469,-1,469,594,470,-1,503,502,595,-1,595,502,596,-1,595,596,597,-1,597,596,598,-1,597,598,429,-1,429,598,430,-1,407,406,599,-1,599,406,600,-1,599,600,593,-1,593,600,594,-1,601,429,602,-1,602,429,428,-1,514,469,513,-1,513,469,468,-1,407,601,408,-1,408,601,602,-1,601,407,599,-1,514,503,595,-1,597,429,595,-1,595,429,601,-1,595,601,514,-1,514,601,599,-1,514,599,469,-1,469,599,593,-1,602,428,586,-1,586,428,588,-1,468,584,513,-1,513,584,590,-1,586,512,602,-1,602,512,513,-1,602,513,408,-1,408,513,590,-1,603,604,471,-1,471,604,472,-1,499,504,605,-1,605,504,606,-1,605,606,607,-1,607,606,608,-1,607,608,431,-1,431,608,432,-1,405,392,609,-1,609,392,610,-1,609,610,603,-1,603,610,604,-1,611,431,612,-1,612,431,430,-1,500,471,501,-1,501,471,470,-1,405,611,406,-1,406,611,612,-1,611,405,609,-1,500,499,605,-1,607,431,605,-1,605,431,611,-1,605,611,500,-1,500,611,609,-1,500,609,471,-1,471,609,603,-1,612,430,596,-1,596,430,598,-1,470,594,501,-1,501,594,600,-1,596,502,612,-1,612,502,501,-1,612,501,406,-1,406,501,600,-1,498,4,442,-1,442,4,3,-1,441,1,433,-1,433,1,0,-1,391,390,613,-1,613,390,480,-1,613,480,475,-1,475,480,474,-1,495,26,6,-1,6,26,19,-1,614,433,615,-1,615,433,432,-1,506,473,505,-1,505,473,472,-1,391,614,392,-1,392,614,615,-1,614,391,613,-1,506,498,442,-1,441,433,442,-1,442,433,614,-1,442,614,506,-1,506,614,613,-1,506,613,473,-1,473,613,475,-1,615,432,606,-1,606,432,608,-1,472,604,505,-1,505,604,610,-1,606,504,615,-1,615,504,505,-1,615,505,392,-1,392,505,610,-1,
        ]
    }
}
Shape{
    appearance Appearance {
        material  Material 	{
            diffuseColor 0.792156862745098 0.8196078431372549 0.9333333333333333
            specularColor 0.396078431372549 0.4117647058823529 0.4666666666666667
            ambientIntensity 0.8244
            transparency 0.0
            shininess 0.5
        }
    }
    geometry IndexedFaceSet {
        ccw TRUE
        solid FALSE
        coord DEF co Coordinate {
            point [
                0.2299 0.4906 0.0039, 0.2299 0.4906 0.0, 0.248 0.4062 0.0039, 0.248 0.4062 0.0, 0.2213 0.5336 0.0039, 0.2213 0.5336 0.0, 0.218 0.5472 0.0039, 0.218 0.5472 0.0, 0.2172 0.5492 0.0039, 0.2172 0.5492 0.0, 0.2166 0.5506 0.0039, 0.2166 0.5506 0.0, 0.2159 0.5515 0.0039, 0.2159 0.5515 0.0, 0.2153 0.5521 0.0039, 0.2153 0.5521 0.0, 0.2148 0.5525 0.0039, 0.2148 0.5525 0.0, 0.2143 0.5527 0.0039, 0.2143 0.5527 0.0, 0.2138 0.5528 0.0039, 0.2138 0.5528 0.0, 0.2135 0.5527 0.0039, 0.2135 0.5527 0.0, 0.2132 0.5526 0.0039, 0.2132 0.5526 0.0, 0.2129 0.5524 0.0039, 0.2129 0.5524 0.0, 0.2125 0.552 0.0039, 0.2125 0.552 0.0, 0.212 0.5509 0.0039, 0.212 0.5509 0.0, 0.2116 0.5496 0.0039, 0.2116 0.5496 0.0, 0.2108 0.5436 0.0039, 0.2108 0.5436 0.0, 0.21 0.5359 0.0039, 0.21 0.5359 0.0, 0.2073 0.5122 0.0039, 0.2073 0.5122 0.0, 0.2065 0.5012 0.0039, 0.2065 0.5012 0.0, 0.2067 0.496 0.0039, 0.2067 0.496 0.0, 0.2079 0.4926 0.0039, 0.2079 0.4926 0.0, 0.2089 0.4906 0.0039, 0.2089 0.4906 0.0, 0.2118 0.4855 0.0039, 0.2118 0.4855 0.0, 0.2192 0.4608 0.0039, 0.2192 0.4608 0.0, 0.2254 0.4357 0.0039, 0.2254 0.4357 0.0, 0.2832 0.1679 0.0, 0.2837 0.1656 0.0039, 0.2837 0.1656 0.0, 0.2916 0.1656 0.0039, 0.2916 0.1656 0.0, 0.3465 0.4085 0.0039, 0.3465 0.4085 0.0, 0.2921 0.1679 0.0, 0.3533 0.4368 0.0039, 0.3533 0.4368 0.0, 0.3563 0.4502 0.0039, 0.3563 0.4502 0.0, 0.3601 0.4634 0.0039, 0.3601 0.4634 0.0, 0.364 0.4742 0.0039, 0.364 0.4742 0.0, 0.3677 0.4843 0.0039, 0.3677 0.4843 0.0, 0.3701 0.4879 0.0039, 0.3701 0.4879 0.0, 0.3721 0.4903 0.0039, 0.3721 0.4903 0.0, 0.3727 0.4913 0.0039, 0.3727 0.4913 0.0, 0.3729 0.4921 0.0039, 0.3729 0.4921 0.0, 0.373 0.4934 0.0039, 0.373 0.4934 0.0, 0.3725 0.4992 0.0039, 0.3725 0.4992 0.0, 0.3724 0.5015 0.0039, 0.3724 0.5015 0.0, 0.372 0.5076 0.0039, 0.372 0.5076 0.0, 0.3698 0.5331 0.0039, 0.3698 0.5331 0.0, 0.3686 0.5427 0.0039, 0.3686 0.5427 0.0, 0.3684 0.5457 0.0039, 0.3684 0.5457 0.0, 0.368 0.5478 0.0039, 0.368 0.5478 0.0, 0.3678 0.5493 0.0039, 0.3678 0.5493 0.0, 0.3675 0.5502 0.0039, 0.3675 0.5502 0.0, 0.3672 0.5508 0.0039, 0.3672 0.5508 0.0, 0.3669 0.5512 0.0039, 0.3669 0.5512 0.0, 0.3666 0.5515 0.0039, 0.3666 0.5515 0.0, 0.3661 0.5517 0.0039, 0.3661 0.5517 0.0, 0.3657 0.5518 0.0039, 0.3657 0.5518 0.0, 0.3653 0.5518 0.0039, 0.3653 0.5518 0.0, 0.3648 0.5517 0.0039, 0.3648 0.5517 0.0, 0.3644 0.5515 0.0039, 0.3644 0.5515 0.0, 0.3639 0.5511 0.0039, 0.3639 0.5511 0.0, 0.3633 0.5504 0.0039, 0.3633 0.5504 0.0, 0.3627 0.549 0.0039, 0.3627 0.549 0.0, 0.3624 0.5478 0.0039, 0.3624 0.5478 0.0, 0.3584 0.5252 0.0039, 0.3584 0.5252 0.0, 0.325 0.3876 0.0039, 0.325 0.3876 0.0, 0.2876 0.22 0.0039, 0.2508 0.3864 0.0039, 0.3239 0.379 0.0039, 0.3086 0.3643 0.0039, 0.2944 0.374 0.0039, 0.2892 0.3767 0.0039, 0.2731 0.3818 0.0039, 0.2508 0.3864 0.0, 0.2876 0.22 0.0, 0.2731 0.3818 0.0, 0.2892 0.3767 0.0, 0.2944 0.374 0.0, 0.3086 0.3643 0.0, 0.3239 0.379 0.0, 0.0026 0.2013 0.0039, 0.0026 0.2013 0.0, 0.0128 0.2097 0.0039, 0.0128 0.2097 0.0, 0.0002 0.1993 0.0039, 0.0002 0.1993 0.0, -0.0012 0.1977 0.0039, -0.0012 0.1977 0.0, -0.0021 0.1961 0.0039, -0.0021 0.1961 0.0, -0.0026 0.1945 0.0039, -0.0026 0.1945 0.0, -0.0026 0.1929 0.0039, -0.0026 0.1929 0.0, -0.0023 0.1914 0.0039, -0.0023 0.1914 0.0, -0.0018 0.1904 0.0039, -0.0018 0.1904 0.0, -0.001 0.1895 0.0039, -0.001 0.1895 0.0, -0.0002 0.1888 0.0039, -0.0002 0.1888 0.0, 0.01 0.1905 0.0039, 0.01 0.1905 0.0, 0.0219 0.1905 0.0039, 0.0219 0.1905 0.0, 0.0267 0.1896 0.0039, 0.0267 0.1896 0.0, 0.0315 0.1888 0.0039, 0.0315 0.1888 0.0, 0.0434 0.1877 0.0039, 0.0434 0.1877 0.0, 0.0649 0.1815 0.0039, 0.0649 0.1815 0.0, 0.0773 0.1791 0.0039, 0.0773 0.1791 0.0, 0.0898 0.178 0.0039, 0.0898 0.178 0.0, 0.1074 0.1792 0.0039, 0.1074 0.1792 0.0, 0.1206 0.1825 0.0039, 0.1206 0.1825 0.0, 0.1304 0.1876 0.0039, 0.1304 0.1876 0.0, 0.1389 0.1949 0.0039, 0.1389 0.1949 0.0, 0.1479 0.2071 0.0039, 0.1479 0.2071 0.0, 0.1562 0.2271 0.0039, 0.1562 0.2271 0.0, 0.1643 0.2722 0.0039, 0.1643 0.2722 0.0, 0.1686 0.3729 0.0039, 0.1686 0.3729 0.0, 0.1686 0.374 0.0039, 0.1686 0.374 0.0, 0.1654 0.4228 0.0039, 0.1654 0.4228 0.0, 0.157 0.4651 0.0039, 0.157 0.4651 0.0, 0.1427 0.4955 0.0039, 0.1427 0.4955 0.0, 0.133 0.5083 0.0039, 0.133 0.5083 0.0, 0.1234 0.5167 0.0039, 0.1234 0.5167 0.0, 0.1127 0.5222 0.0039, 0.1127 0.5222 0.0, 0.0914 0.5267 0.0039, 0.0914 0.5267 0.0, 0.0677 0.5297 0.0039, 0.0677 0.5297 0.0, 0.0428 0.5326 0.0039, 0.0428 0.5326 0.0, 0.0336 0.535 0.0039, 0.0336 0.535 0.0, 0.0276 0.5386 0.0039, 0.0276 0.5386 0.0, 0.0258 0.5397 0.0039, 0.0258 0.5397 0.0, 0.0253 0.5398 0.0039, 0.0253 0.5398 0.0, 0.024 0.5398 0.0039, 0.024 0.5398 0.0, 0.0232 0.5396 0.0039, 0.0232 0.5396 0.0, 0.0213 0.5384 0.0039, 0.0213 0.5384 0.0, 0.0135 0.5316 0.0039, 0.0135 0.5316 0.0, 0.0083 0.5263 0.0039, 0.0083 0.5263 0.0, 0.0015 0.519 0.0039, 0.0015 0.519 0.0, 0.0001 0.5174 0.0039, 0.0001 0.5174 0.0, -0.0009 0.5162 0.0039, -0.0009 0.5162 0.0, -0.0016 0.5152 0.0039, -0.0016 0.5152 0.0, -0.002 0.5145 0.0039, -0.002 0.5145 0.0, -0.0022 0.5138 0.0039, -0.0022 0.5138 0.0, -0.0022 0.5133 0.0039, -0.0022 0.5133 0.0, -0.0021 0.5128 0.0039, -0.0021 0.5128 0.0, -0.0016 0.5116 0.0039, -0.0016 0.5116 0.0, -0.0014 0.5111 0.0039, -0.0014 0.5111 0.0, -0.0011 0.5108 0.0039, -0.0011 0.5108 0.0, -0.0008 0.5106 0.0039, -0.0008 0.5106 0.0, -0.0003 0.5104 0.0039, -0.0003 0.5104 0.0, -0.0002 0.5103 0.0039, -0.0002 0.5103 0.0, 0.001 0.5102 0.0039, 0.001 0.5102 0.0, 0.0032 0.5104 0.0039, 0.0032 0.5104 0.0, 0.0111 0.5104 0.0039, 0.0111 0.5104 0.0, 0.0202 0.5104 0.0039, 0.0202 0.5104 0.0, 0.0202 0.2137 0.0039, 0.0202 0.2137 0.0, 0.0164 0.2119 0.0039, 0.0164 0.2119 0.0, 0.036 0.2097 0.0039, 0.036 0.5093 0.0039, 0.1086 0.501 0.0039, 0.0959 0.5042 0.0039, 0.0785 0.5065 0.0039, 0.0536 0.5093 0.0039, 0.0448 0.5096 0.0039, 0.0468 0.2052 0.0039, 0.0709 0.1997 0.0039, 0.0955 0.1978 0.0039, 0.1107 0.2008 0.0039, 0.1177 0.4969 0.0039, 0.1214 0.205 0.0039, 0.1279 0.2097 0.0039, 0.1352 0.2186 0.0039, 0.1415 0.2311 0.0039, 0.1487 0.2638 0.0039, 0.1527 0.3242 0.0039, 0.153 0.3414 0.0039, 0.1245 0.4915 0.0039, 0.131 0.4832 0.0039, 0.1428 0.4564 0.0039, 0.1508 0.4134 0.0039, 0.0785 0.5065 0.0, 0.0536 0.5093 0.0, 0.0959 0.5042 0.0, 0.1086 0.501 0.0, 0.1177 0.4969 0.0, 0.1245 0.4915 0.0, 0.131 0.4832 0.0, 0.1428 0.4564 0.0, 0.1508 0.4134 0.0, 0.153 0.3414 0.0, 0.1527 0.3242 0.0, 0.1487 0.2638 0.0, 0.1415 0.2311 0.0, 0.1352 0.2186 0.0, 0.1279 0.2097 0.0, 0.1214 0.205 0.0, 0.1107 0.2008 0.0, 0.0955 0.1978 0.0, 0.0709 0.1997 0.0, 0.0468 0.2052 0.0, 0.036 0.2097 0.0, 0.036 0.5093 0.0, 0.0448 0.5096 0.0, -0.1198 0.331 0.0039, -0.1198 0.331 0.0, -0.1674 0.3372 0.0039, -0.1674 0.3372 0.0, -0.1002 0.327 0.0039, -0.1002 0.327 0.0, -0.0876 0.3225 0.0039, -0.0876 0.3225 0.0, -0.0819 0.319 0.0039, -0.0819 0.319 0.0, -0.0768 0.3162 0.0039, -0.0768 0.3162 0.0, -0.0604 0.3326 0.0039, -0.0604 0.3326 0.0, -0.0592 0.3342 0.0039, -0.0592 0.3342 0.0, -0.0584 0.3355 0.0039, -0.0584 0.3355 0.0, -0.058 0.3368 0.0039, -0.058 0.3368 0.0, -0.0578 0.3378 0.0039, -0.0578 0.3378 0.0, -0.058 0.3388 0.0039, -0.058 0.3388 0.0, -0.0583 0.3397 0.0039, -0.0583 0.3397 0.0, -0.0589 0.3406 0.0039, -0.0589 0.3406 0.0, -0.0598 0.3414 0.0039, -0.0598 0.3414 0.0, -0.0605 0.3418 0.0039, -0.0605 0.3418 0.0, -0.0615 0.3421 0.0039, -0.0615 0.3421 0.0, -0.0632 0.3423 0.0039, -0.0632 0.3423 0.0, -0.1674 0.357 0.0039, -0.1674 0.357 0.0, -0.1674 0.5104 0.0039, -0.1674 0.5104 0.0, -0.083 0.4986 0.0039, -0.083 0.4986 0.0, -0.0748 0.4965 0.0039, -0.0748 0.4965 0.0, -0.0672 0.4929 0.0039, -0.0672 0.4929 0.0, -0.0621 0.49 0.0039, -0.0621 0.49 0.0, -0.0463 0.5076 0.0039, -0.0463 0.5076 0.0, -0.0447 0.5097 0.0039, -0.0447 0.5097 0.0, -0.0442 0.5109 0.0039, -0.0442 0.5109 0.0, -0.044 0.5121 0.0039, -0.044 0.5121 0.0, -0.044 0.5131 0.0039, -0.044 0.5131 0.0, -0.0443 0.5141 0.0039, -0.0443 0.5141 0.0, -0.0449 0.5153 0.0039, -0.0449 0.5153 0.0, -0.0453 0.5157 0.0039, -0.0453 0.5157 0.0, -0.0457 0.516 0.0039, -0.0457 0.516 0.0, -0.0463 0.5163 0.0039, -0.0463 0.5163 0.0, -0.0482 0.5166 0.0039, -0.0482 0.5166 0.0, -0.0496 0.5167 0.0039, -0.0496 0.5167 0.0, -0.0581 0.5172 0.0039, -0.0581 0.5172 0.0, -0.101 0.5225 0.0039, -0.101 0.5225 0.0, -0.1437 0.5291 0.0039, -0.1437 0.5291 0.0, -0.1697 0.5336 0.0039, -0.1697 0.5336 0.0, -0.1759 0.5359 0.0039, -0.1759 0.5359 0.0, -0.1796 0.5369 0.0039, -0.1796 0.5369 0.0, -0.1823 0.5371 0.0039, -0.1823 0.5371 0.0, -0.1843 0.5368 0.0039, -0.1843 0.5368 0.0, -0.1859 0.5362 0.0039, -0.1859 0.5362 0.0, -0.1872 0.5352 0.0039, -0.1872 0.5352 0.0, -0.1881 0.5341 0.0039, -0.1881 0.5341 0.0, -0.1888 0.5325 0.0039, -0.1888 0.5325 0.0, -0.1892 0.5303 0.0039, -0.1892 0.5303 0.0, -0.189 0.5258 0.0039, -0.189 0.5258 0.0, -0.189 0.5258 0.0039, -0.189 0.5258 0.0, -0.1853 0.5115 0.0039, -0.1853 0.5115 0.0, -0.1838 0.4968 0.0039, -0.1838 0.4968 0.0, -0.1838 0.4861 0.0039, -0.1838 0.4861 0.0, -0.1835 0.479 0.0039, -0.1835 0.479 0.0, -0.1833 0.4719 0.0039, -0.1833 0.4719 0.0, -0.1838 0.2126 0.0039, -0.1838 0.2126 0.0, -0.1899 0.2055 0.0039, -0.1899 0.2055 0.0, -0.1936 0.201 0.0039, -0.1936 0.201 0.0, -0.1959 0.198 0.0039, -0.1959 0.198 0.0, -0.1972 0.1954 0.0039, -0.1972 0.1954 0.0, -0.1978 0.1932 0.0039, -0.1978 0.1932 0.0, -0.1978 0.1916 0.0039, -0.1978 0.1916 0.0, -0.1979 0.1905 0.0039, -0.1979 0.1905 0.0, -0.1979 0.1893 0.0039, -0.1979 0.1893 0.0, -0.1978 0.1889 0.0039, -0.1978 0.1889 0.0, -0.1976 0.1886 0.0039, -0.1976 0.1886 0.0, -0.1973 0.1882 0.0039, -0.1973 0.1882 0.0, -0.1967 0.1878 0.0039, -0.1967 0.1878 0.0, -0.1959 0.1875 0.0039, -0.1959 0.1875 0.0, -0.1949 0.1874 0.0039, -0.1949 0.1874 0.0, -0.1929 0.1877 0.0039, -0.1929 0.1877 0.0, -0.1822 0.1894 0.0039, -0.1822 0.1894 0.0, -0.1725 0.1905 0.0039, -0.1725 0.1905 0.0, -0.1629 0.1905 0.0039, -0.1629 0.1905 0.0, -0.1612 0.1905 0.0039, -0.1612 0.1905 0.0, -0.1501 0.1903 0.0039, -0.1501 0.1903 0.0, -0.1391 0.1888 0.0039, -0.1391 0.1888 0.0, -0.117 0.1848 0.0039, -0.117 0.1848 0.0, -0.0975 0.1809 0.0039, -0.0975 0.1809 0.0, -0.0818 0.1752 0.0039, -0.0818 0.1752 0.0, -0.0791 0.1735 0.0039, -0.0791 0.1735 0.0, -0.074 0.1701 0.0039, -0.074 0.1701 0.0, -0.0576 0.1871 0.0039, -0.0576 0.1871 0.0, -0.0565 0.1889 0.0039, -0.0565 0.1889 0.0, -0.0558 0.1903 0.0039, -0.0558 0.1903 0.0, -0.0555 0.1913 0.0039, -0.0555 0.1913 0.0, -0.0553 0.1922 0.0039, -0.0553 0.1922 0.0, -0.0554 0.1929 0.0039, -0.0554 0.1929 0.0, -0.0557 0.1937 0.0039, -0.0557 0.1937 0.0, -0.0561 0.1944 0.0039, -0.0561 0.1944 0.0, -0.0568 0.1951 0.0039, -0.0568 0.1951 0.0, -0.0577 0.1957 0.0039, -0.0577 0.1957 0.0, -0.0588 0.196 0.0039, -0.0588 0.196 0.0, -0.0604 0.1961 0.0039, -0.0604 0.1961 0.0, -0.0694 0.1973 0.0039, -0.0694 0.1973 0.0, -0.0828 0.1991 0.0039, -0.0828 0.1991 0.0, -0.0961 0.2007 0.0039, -0.0961 0.2007 0.0, -0.1674 0.2126 0.0039, -0.1674 0.2126 0.0, -0.2536 0.1786 0.0039, -0.2536 0.1786 0.0, -0.2621 0.1786 0.0039, -0.2621 0.1786 0.0, -0.2536 0.3298 0.0039, -0.2536 0.3298 0.0, -0.2644 0.3298 0.0039, -0.2644 0.3298 0.0, -0.2664 0.2696 0.0039, -0.2664 0.2696 0.0, -0.2739 0.2309 0.0039, -0.2739 0.2309 0.0, -0.2821 0.2124 0.0039, -0.2821 0.2124 0.0, -0.2888 0.2035 0.0039, -0.2888 0.2035 0.0, -0.2969 0.197 0.0039, -0.2969 0.197 0.0, -0.3048 0.1932 0.0039, -0.3048 0.1932 0.0, -0.3142 0.191 0.0039, -0.3142 0.191 0.0, -0.3261 0.1918 0.0039, -0.3261 0.1918 0.0, -0.3361 0.1952 0.0039, -0.3361 0.1952 0.0, -0.3457 0.2012 0.0039, -0.3457 0.2012 0.0, -0.3551 0.2106 0.0039, -0.3551 0.2106 0.0, -0.3649 0.2261 0.0039, -0.3649 0.2261 0.0, -0.378 0.2638 0.0039, -0.378 0.2638 0.0, -0.3828 0.2918 0.0039, -0.3828 0.2918 0.0, -0.3858 0.3667 0.0039, -0.3858 0.3667 0.0, -0.385 0.3831 0.0039, -0.385 0.3831 0.0, -0.3749 0.4492 0.0039, -0.3749 0.4492 0.0, -0.3655 0.4806 0.0039, -0.3655 0.4806 0.0, -0.3552 0.4984 0.0039, -0.3552 0.4984 0.0, -0.3473 0.5076 0.0039, -0.3473 0.5076 0.0, -0.3393 0.5142 0.0039, -0.3393 0.5142 0.0, -0.3322 0.5178 0.0039, -0.3322 0.5178 0.0, -0.3238 0.5197 0.0039, -0.3238 0.5197 0.0, -0.3187 0.5201 0.0039, -0.3187 0.5201 0.0, -0.3059 0.519 0.0039, -0.3059 0.519 0.0, -0.2937 0.5145 0.0039, -0.2937 0.5145 0.0, -0.2838 0.5077 0.0039, -0.2838 0.5077 0.0, -0.2758 0.4988 0.0039, -0.2758 0.4988 0.0, -0.2685 0.4853 0.0039, -0.2685 0.4853 0.0, -0.2607 0.4528 0.0039, -0.2607 0.4528 0.0, -0.2571 0.4289 0.0039, -0.2571 0.4289 0.0, -0.2542 0.3989 0.0039, -0.2542 0.3989 0.0, -0.2452 0.3994 0.0039, -0.2452 0.3994 0.0, -0.2476 0.4491 0.0039, -0.2476 0.4491 0.0, -0.2531 0.4841 0.0039, -0.2531 0.4841 0.0, -0.2612 0.5044 0.0039, -0.2612 0.5044 0.0, -0.2704 0.5185 0.0039, -0.2704 0.5185 0.0, -0.2807 0.528 0.0039, -0.2807 0.528 0.0, -0.2929 0.5348 0.0039, -0.2929 0.5348 0.0, -0.3049 0.5382 0.0039, -0.3049 0.5382 0.0, -0.3109 0.5388 0.0039, -0.3109 0.5388 0.0, -0.3271 0.5379 0.0039, -0.3271 0.5379 0.0, -0.3424 0.5327 0.0039, -0.3424 0.5327 0.0, -0.3539 0.5256 0.0039, -0.3539 0.5256 0.0, -0.3636 0.5155 0.0039, -0.3636 0.5155 0.0, -0.3757 0.4954 0.0039, -0.3757 0.4954 0.0, -0.3913 0.4496 0.0039, -0.3913 0.4496 0.0, -0.3984 0.4039 0.0039, -0.3984 0.4039 0.0, -0.4013 0.334 0.0039, -0.4013 0.334 0.0, -0.398 0.2952 0.0039, -0.398 0.2952 0.0, -0.3882 0.2457 0.0039, -0.3882 0.2457 0.0, -0.3753 0.2123 0.0039, -0.3753 0.2123 0.0, -0.3643 0.1956 0.0039, -0.3643 0.1956 0.0, -0.3501 0.1827 0.0039, -0.3501 0.1827 0.0, -0.3386 0.1757 0.0039, -0.3386 0.1757 0.0, -0.3306 0.173 0.0039, -0.3306 0.173 0.0, -0.3217 0.1723 0.0039, -0.3217 0.1723 0.0, -0.3187 0.1724 0.0039, -0.3187 0.1724 0.0, -0.3023 0.1767 0.0039, -0.3023 0.1767 0.0, -0.2896 0.1835 0.0039, -0.2896 0.1835 0.0, -0.2774 0.1946 0.0039, -0.2774 0.1946 0.0, -0.2712 0.2029 0.0039, -0.2712 0.2029 0.0, -0.2661 0.212 0.0039, -0.2661 0.212 0.0, -0.5673 0.1576 0.0, -0.5673 0.1576 0.0039, -0.5591 0.1679 0.0, -0.5424 0.1888 0.0039, -0.5424 0.1888 0.0, -0.5484 0.2014 0.0039, -0.5484 0.2014 0.0, -0.5507 0.2175 0.0039, -0.5507 0.2175 0.0, -0.5509 0.2245 0.0039, -0.5509 0.2245 0.0, -0.5509 0.5133 0.0039, -0.5509 0.5133 0.0, -0.5073 0.5097 0.0039, -0.5073 0.5097 0.0, -0.4865 0.5064 0.0039, -0.4865 0.5064 0.0, -0.4791 0.5046 0.0039, -0.4791 0.5046 0.0, -0.4748 0.5023 0.0039, -0.4748 0.5023 0.0, -0.469 0.4974 0.0039, -0.469 0.4974 0.0, -0.4666 0.4963 0.0039, -0.4666 0.4963 0.0, -0.4534 0.508 0.0039, -0.4534 0.508 0.0, -0.4472 0.5137 0.0039, -0.4472 0.5137 0.0, -0.4452 0.5157 0.0039, -0.4452 0.5157 0.0, -0.4444 0.5171 0.0039, -0.4444 0.5171 0.0, -0.4436 0.5197 0.0039, -0.4436 0.5197 0.0, -0.4433 0.5217 0.0039, -0.4433 0.5217 0.0, -0.444 0.523 0.0039, -0.444 0.523 0.0, -0.4445 0.5236 0.0039, -0.4445 0.5236 0.0, -0.4453 0.5241 0.0039, -0.4453 0.5241 0.0, -0.4468 0.5247 0.0039, -0.4468 0.5247 0.0, -0.448 0.5249 0.0039, -0.448 0.5249 0.0, -0.4564 0.5249 0.0039, -0.4564 0.5249 0.0, -0.4798 0.5281 0.0039, -0.4798 0.5281 0.0, -0.4897 0.5292 0.0039, -0.4897 0.5292 0.0, -0.5226 0.532 0.0039, -0.5226 0.532 0.0, -0.5463 0.5342 0.0039, -0.5463 0.5342 0.0, -0.5594 0.5353 0.0039, -0.5594 0.5353 0.0, -0.5634 0.5362 0.0039, -0.5634 0.5362 0.0, -0.5648 0.5362 0.0039, -0.5648 0.5362 0.0, -0.5656 0.5359 0.0039, -0.5656 0.5359 0.0, -0.5663 0.5356 0.0039, -0.5663 0.5356 0.0, -0.5669 0.5351 0.0039, -0.5669 0.5351 0.0, -0.5676 0.5342 0.0039, -0.5676 0.5342 0.0, -0.5684 0.5327 0.0039, -0.5684 0.5327 0.0, -0.5687 0.5313 0.0039, -0.5687 0.5313 0.0, -0.5685 0.528 0.0039, -0.5685 0.528 0.0, -0.5668 0.5119 0.0039, -0.5668 0.5119 0.0, -0.5667 0.511 0.0039, -0.5667 0.511 0.0, -0.5656 0.4776 0.0039, -0.5656 0.4776 0.0, -0.5656 0.2227 0.0039, -0.5656 0.2227 0.0, -0.566 0.1951 0.0039, -0.566 0.1951 0.0, -0.5702 0.1679 0.0039, -0.5702 0.1679 0.0, -0.5713 0.1622 0.0039, -0.5713 0.1622 0.0
            ]
        }
        coordIndex [
            0,1,2,-1,2,1,3,-1,4,5,0,-1,0,5,1,-1,6,7,4,-1,4,7,5,-1,7,6,8,-1,7,8,9,-1,9,8,10,-1,9,10,11,-1,11,10,12,-1,11,12,13,-1,13,12,14,-1,13,14,15,-1,15,14,16,-1,15,16,17,-1,17,16,18,-1,17,18,19,-1,19,18,20,-1,19,20,21,-1,21,20,22,-1,21,22,23,-1,23,22,24,-1,23,24,25,-1,25,24,26,-1,25,26,27,-1,27,26,28,-1,27,28,29,-1,29,28,30,-1,29,30,31,-1,31,30,32,-1,31,32,33,-1,33,32,34,-1,33,34,35,-1,35,34,36,-1,35,36,37,-1,38,39,36,-1,36,39,37,-1,39,38,40,-1,39,40,41,-1,41,40,42,-1,41,42,43,-1,43,42,44,-1,43,44,45,-1,45,44,46,-1,45,46,47,-1,48,49,46,-1,46,49,47,-1,49,48,50,-1,49,50,51,-1,51,50,52,-1,51,52,53,-1,53,52,54,-1,54,52,55,-1,54,55,56,-1,57,58,55,-1,55,58,56,-1,59,60,57,-1,57,60,61,-1,57,61,58,-1,62,63,59,-1,59,63,60,-1,63,62,64,-1,63,64,65,-1,65,64,66,-1,65,66,67,-1,68,69,66,-1,66,69,67,-1,69,68,70,-1,69,70,71,-1,71,70,72,-1,71,72,73,-1,73,72,74,-1,73,74,75,-1,75,74,76,-1,75,76,77,-1,77,76,78,-1,77,78,79,-1,79,78,80,-1,79,80,81,-1,81,80,82,-1,81,82,83,-1,83,82,84,-1,83,84,85,-1,85,84,86,-1,85,86,87,-1,88,89,86,-1,86,89,87,-1,90,91,88,-1,88,91,89,-1,91,90,92,-1,91,92,93,-1,93,92,94,-1,93,94,95,-1,95,94,96,-1,95,96,97,-1,97,96,98,-1,97,98,99,-1,99,98,100,-1,99,100,101,-1,101,100,102,-1,101,102,103,-1,103,102,104,-1,103,104,105,-1,105,104,106,-1,105,106,107,-1,107,106,108,-1,107,108,109,-1,109,108,110,-1,109,110,111,-1,111,110,112,-1,111,112,113,-1,113,112,114,-1,113,114,115,-1,115,114,116,-1,115,116,117,-1,117,116,118,-1,117,118,119,-1,119,118,120,-1,119,120,121,-1,121,120,122,-1,121,122,123,-1,124,125,122,-1,122,125,123,-1,126,127,124,-1,124,127,125,-1,126,2,127,-1,127,2,3,-1,128,55,129,-1,129,55,52,-1,126,130,131,-1,72,70,124,-1,124,70,68,-1,131,132,126,-1,126,132,133,-1,126,133,2,-1,2,133,134,-1,50,0,52,-1,52,0,2,-1,52,2,129,-1,129,2,134,-1,68,66,124,-1,124,66,64,-1,124,64,126,-1,126,64,62,-1,126,62,130,-1,130,62,59,-1,130,59,128,-1,128,59,57,-1,128,57,55,-1,0,38,4,-1,4,38,36,-1,4,36,6,-1,6,36,34,-1,6,34,8,-1,94,122,96,-1,96,122,120,-1,96,120,98,-1,86,84,124,-1,124,84,82,-1,124,82,72,-1,72,82,80,-1,50,48,0,-1,0,48,46,-1,0,46,44,-1,8,34,10,-1,10,34,32,-1,10,32,12,-1,78,76,80,-1,80,76,74,-1,80,74,72,-1,44,42,0,-1,0,42,40,-1,0,40,38,-1,16,14,28,-1,94,92,122,-1,122,92,90,-1,122,90,124,-1,124,90,88,-1,124,88,86,-1,12,32,14,-1,14,32,30,-1,14,30,28,-1,116,114,100,-1,98,120,100,-1,100,120,118,-1,100,118,116,-1,104,110,106,-1,106,110,108,-1,114,112,100,-1,100,112,110,-1,100,110,102,-1,102,110,104,-1,16,28,18,-1,18,28,26,-1,18,26,20,-1,20,26,24,-1,20,24,22,-1,129,135,128,-1,128,135,136,-1,135,129,134,-1,135,134,137,-1,137,134,133,-1,137,133,138,-1,138,133,132,-1,138,132,139,-1,131,140,132,-1,132,140,139,-1,130,141,131,-1,131,141,140,-1,136,141,128,-1,128,141,130,-1,142,143,144,-1,144,143,145,-1,143,142,146,-1,143,146,147,-1,147,146,148,-1,147,148,149,-1,149,148,150,-1,149,150,151,-1,151,150,152,-1,151,152,153,-1,153,152,154,-1,153,154,155,-1,155,154,156,-1,155,156,157,-1,157,156,158,-1,157,158,159,-1,159,158,160,-1,159,160,161,-1,161,160,162,-1,161,162,163,-1,164,165,162,-1,162,165,163,-1,166,167,164,-1,164,167,165,-1,167,166,168,-1,167,168,169,-1,169,168,170,-1,169,170,171,-1,172,173,170,-1,170,173,171,-1,174,175,172,-1,172,175,173,-1,175,174,176,-1,175,176,177,-1,177,176,178,-1,177,178,179,-1,179,178,180,-1,179,180,181,-1,181,180,182,-1,181,182,183,-1,183,182,184,-1,183,184,185,-1,185,184,186,-1,185,186,187,-1,187,186,188,-1,187,188,189,-1,189,188,190,-1,189,190,191,-1,191,190,192,-1,191,192,193,-1,193,192,194,-1,193,194,195,-1,195,194,196,-1,195,196,197,-1,197,196,198,-1,197,198,199,-1,199,198,200,-1,199,200,201,-1,201,200,202,-1,201,202,203,-1,203,202,204,-1,203,204,205,-1,205,204,206,-1,205,206,207,-1,207,206,208,-1,207,208,209,-1,209,208,210,-1,209,210,211,-1,211,210,212,-1,211,212,213,-1,214,215,212,-1,212,215,213,-1,215,214,216,-1,215,216,217,-1,217,216,218,-1,217,218,219,-1,219,218,220,-1,219,220,221,-1,221,220,222,-1,221,222,223,-1,223,222,224,-1,223,224,225,-1,225,224,226,-1,225,226,227,-1,227,226,228,-1,227,228,229,-1,229,228,230,-1,229,230,231,-1,231,230,232,-1,231,232,233,-1,234,235,232,-1,232,235,233,-1,235,234,236,-1,235,236,237,-1,237,236,238,-1,237,238,239,-1,239,238,240,-1,239,240,241,-1,241,240,242,-1,241,242,243,-1,243,242,244,-1,243,244,245,-1,245,244,246,-1,245,246,247,-1,247,246,248,-1,247,248,249,-1,249,248,250,-1,249,250,251,-1,251,250,252,-1,251,252,253,-1,253,252,254,-1,253,254,255,-1,255,254,256,-1,255,256,257,-1,257,256,258,-1,257,258,259,-1,259,258,260,-1,259,260,261,-1,261,260,262,-1,261,262,263,-1,263,262,264,-1,263,264,265,-1,266,267,264,-1,264,267,265,-1,268,269,266,-1,266,269,267,-1,270,271,268,-1,268,271,269,-1,271,270,272,-1,271,272,273,-1,273,272,144,-1,273,144,145,-1,146,142,164,-1,166,164,274,-1,230,268,266,-1,240,238,264,-1,142,144,164,-1,164,144,272,-1,164,272,274,-1,274,272,270,-1,274,270,275,-1,238,236,264,-1,264,236,234,-1,264,234,266,-1,266,234,232,-1,266,232,230,-1,276,277,230,-1,230,277,278,-1,230,278,279,-1,270,268,275,-1,275,268,230,-1,275,230,280,-1,280,230,279,-1,281,282,174,-1,174,282,176,-1,176,282,283,-1,176,283,178,-1,224,222,220,-1,174,172,281,-1,281,172,170,-1,281,170,274,-1,274,170,168,-1,274,168,166,-1,178,283,180,-1,180,283,284,-1,180,284,182,-1,246,244,264,-1,264,244,242,-1,264,242,240,-1,164,162,146,-1,146,162,160,-1,146,160,148,-1,148,160,158,-1,262,260,250,-1,250,260,258,-1,250,258,252,-1,252,258,256,-1,252,256,254,-1,158,156,148,-1,148,156,154,-1,148,154,150,-1,150,154,152,-1,285,276,216,-1,216,276,230,-1,216,230,218,-1,218,230,228,-1,218,228,220,-1,220,228,226,-1,220,226,224,-1,262,250,264,-1,264,250,248,-1,264,248,246,-1,182,284,184,-1,184,284,286,-1,184,286,186,-1,186,286,287,-1,186,287,188,-1,188,287,288,-1,188,288,190,-1,190,288,289,-1,190,289,192,-1,216,214,285,-1,285,214,212,-1,285,212,210,-1,289,290,192,-1,192,290,291,-1,192,291,194,-1,194,291,292,-1,210,208,285,-1,285,208,206,-1,285,206,293,-1,293,206,204,-1,293,204,294,-1,294,204,202,-1,294,202,295,-1,295,202,200,-1,295,200,296,-1,296,200,198,-1,296,198,292,-1,292,198,196,-1,292,196,194,-1,278,297,279,-1,279,297,298,-1,297,278,277,-1,297,277,299,-1,299,277,276,-1,299,276,300,-1,300,276,285,-1,300,285,301,-1,301,285,293,-1,301,293,302,-1,302,293,294,-1,302,294,303,-1,303,294,295,-1,303,295,304,-1,304,295,296,-1,304,296,305,-1,305,296,292,-1,305,292,306,-1,306,292,291,-1,306,291,307,-1,307,291,290,-1,307,290,308,-1,308,290,289,-1,308,289,309,-1,309,289,288,-1,309,288,310,-1,310,288,287,-1,310,287,311,-1,311,287,286,-1,311,286,312,-1,312,286,284,-1,312,284,313,-1,313,284,283,-1,313,283,314,-1,314,283,282,-1,314,282,315,-1,315,282,281,-1,315,281,316,-1,274,317,281,-1,281,317,316,-1,275,318,274,-1,274,318,317,-1,318,275,280,-1,318,280,319,-1,319,280,279,-1,319,279,298,-1,320,321,322,-1,322,321,323,-1,321,320,324,-1,321,324,325,-1,325,324,326,-1,325,326,327,-1,327,326,328,-1,327,328,329,-1,330,331,328,-1,328,331,329,-1,332,333,330,-1,330,333,331,-1,333,332,334,-1,333,334,335,-1,335,334,336,-1,335,336,337,-1,337,336,338,-1,337,338,339,-1,339,338,340,-1,339,340,341,-1,341,340,342,-1,341,342,343,-1,343,342,344,-1,343,344,345,-1,345,344,346,-1,345,346,347,-1,347,346,348,-1,347,348,349,-1,349,348,350,-1,349,350,351,-1,351,350,352,-1,351,352,353,-1,353,352,354,-1,353,354,355,-1,356,357,354,-1,354,357,355,-1,358,359,356,-1,356,359,357,-1,360,361,358,-1,358,361,359,-1,361,360,362,-1,361,362,363,-1,363,362,364,-1,363,364,365,-1,366,367,364,-1,364,367,365,-1,368,369,366,-1,366,369,367,-1,369,368,370,-1,369,370,371,-1,371,370,372,-1,371,372,373,-1,373,372,374,-1,373,374,375,-1,375,374,376,-1,375,376,377,-1,377,376,378,-1,377,378,379,-1,379,378,380,-1,379,380,381,-1,381,380,382,-1,381,382,383,-1,383,382,384,-1,383,384,385,-1,385,384,386,-1,385,386,387,-1,387,386,388,-1,387,388,389,-1,389,388,390,-1,389,390,391,-1,392,393,390,-1,390,393,391,-1,393,392,394,-1,393,394,395,-1,395,394,396,-1,395,396,397,-1,398,399,396,-1,396,399,397,-1,399,398,400,-1,399,400,401,-1,401,400,402,-1,401,402,403,-1,403,402,404,-1,403,404,405,-1,405,404,406,-1,405,406,407,-1,407,406,408,-1,407,408,409,-1,409,408,410,-1,409,410,411,-1,411,410,412,-1,411,412,413,-1,413,412,414,-1,413,414,415,-1,415,414,416,-1,415,416,417,-1,417,416,418,-1,417,418,419,-1,419,418,420,-1,419,420,421,-1,421,420,422,-1,421,422,423,-1,423,422,424,-1,423,424,425,-1,426,427,424,-1,424,427,425,-1,427,426,428,-1,427,428,429,-1,429,428,430,-1,429,430,431,-1,432,433,430,-1,430,433,431,-1,433,432,434,-1,433,434,435,-1,435,434,436,-1,435,436,437,-1,437,436,438,-1,437,438,439,-1,439,438,440,-1,439,440,441,-1,441,440,442,-1,441,442,443,-1,443,442,444,-1,443,444,445,-1,445,444,446,-1,445,446,447,-1,447,446,448,-1,447,448,449,-1,449,448,450,-1,449,450,451,-1,451,450,452,-1,451,452,453,-1,453,452,454,-1,453,454,455,-1,455,454,456,-1,455,456,457,-1,457,456,458,-1,457,458,459,-1,459,458,460,-1,459,460,461,-1,461,460,462,-1,461,462,463,-1,464,465,462,-1,462,465,463,-1,465,464,466,-1,465,466,467,-1,467,466,468,-1,467,468,469,-1,470,471,468,-1,468,471,469,-1,471,470,472,-1,471,472,473,-1,473,472,474,-1,473,474,475,-1,476,477,474,-1,474,477,475,-1,477,476,478,-1,477,478,479,-1,479,478,480,-1,479,480,481,-1,481,480,482,-1,481,482,483,-1,484,485,482,-1,482,485,483,-1,486,487,484,-1,484,487,485,-1,487,486,488,-1,487,488,489,-1,489,488,490,-1,489,490,491,-1,491,490,492,-1,491,492,493,-1,493,492,494,-1,493,494,495,-1,495,494,496,-1,495,496,497,-1,497,496,498,-1,497,498,499,-1,499,498,500,-1,499,500,501,-1,501,500,502,-1,501,502,503,-1,503,502,504,-1,503,504,505,-1,505,504,506,-1,505,506,507,-1,507,506,508,-1,507,508,509,-1,510,511,508,-1,508,511,509,-1,511,510,512,-1,511,512,513,-1,513,512,514,-1,513,514,515,-1,516,517,514,-1,514,517,515,-1,516,322,517,-1,517,322,323,-1,364,362,392,-1,392,362,360,-1,406,404,358,-1,358,404,402,-1,358,402,400,-1,418,358,420,-1,420,358,422,-1,438,436,516,-1,380,378,368,-1,400,398,358,-1,358,398,396,-1,358,396,360,-1,360,396,394,-1,360,394,392,-1,430,428,358,-1,428,426,358,-1,358,426,424,-1,358,424,422,-1,418,416,358,-1,358,416,414,-1,358,414,412,-1,322,356,320,-1,320,356,354,-1,320,354,324,-1,324,354,326,-1,490,488,508,-1,508,488,486,-1,436,434,516,-1,516,434,432,-1,516,432,322,-1,322,432,430,-1,322,430,356,-1,356,430,358,-1,326,354,328,-1,328,354,332,-1,328,332,330,-1,364,392,366,-1,366,392,390,-1,366,390,368,-1,368,390,388,-1,368,388,386,-1,378,376,374,-1,412,410,358,-1,358,410,408,-1,358,408,406,-1,454,452,516,-1,516,452,450,-1,444,442,516,-1,516,442,440,-1,516,440,438,-1,486,484,508,-1,508,484,482,-1,508,482,510,-1,510,482,480,-1,510,480,512,-1,512,480,478,-1,512,478,514,-1,514,478,476,-1,514,476,516,-1,516,476,474,-1,516,474,472,-1,472,470,516,-1,516,470,468,-1,516,468,466,-1,374,372,378,-1,378,372,370,-1,378,370,368,-1,352,336,354,-1,354,336,334,-1,354,334,332,-1,450,448,516,-1,516,448,446,-1,516,446,444,-1,502,500,492,-1,466,464,516,-1,516,464,462,-1,516,462,460,-1,386,384,368,-1,368,384,382,-1,368,382,380,-1,352,350,336,-1,336,350,348,-1,336,348,338,-1,338,348,346,-1,346,344,338,-1,338,344,342,-1,338,342,340,-1,502,492,504,-1,460,458,516,-1,516,458,456,-1,516,456,454,-1,490,508,492,-1,492,508,506,-1,492,506,504,-1,500,498,492,-1,492,498,496,-1,492,496,494,-1,518,519,520,-1,520,519,521,-1,522,523,518,-1,518,523,519,-1,524,525,522,-1,522,525,523,-1,525,524,526,-1,525,526,527,-1,527,526,528,-1,527,528,529,-1,529,528,530,-1,529,530,531,-1,531,530,532,-1,531,532,533,-1,533,532,534,-1,533,534,535,-1,535,534,536,-1,535,536,537,-1,537,536,538,-1,537,538,539,-1,539,538,540,-1,539,540,541,-1,541,540,542,-1,541,542,543,-1,543,542,544,-1,543,544,545,-1,545,544,546,-1,545,546,547,-1,547,546,548,-1,547,548,549,-1,549,548,550,-1,549,550,551,-1,551,550,552,-1,551,552,553,-1,553,552,554,-1,553,554,555,-1,555,554,556,-1,555,556,557,-1,557,556,558,-1,557,558,559,-1,559,558,560,-1,559,560,561,-1,561,560,562,-1,561,562,563,-1,563,562,564,-1,563,564,565,-1,565,564,566,-1,565,566,567,-1,567,566,568,-1,567,568,569,-1,569,568,570,-1,569,570,571,-1,571,570,572,-1,571,572,573,-1,573,572,574,-1,573,574,575,-1,575,574,576,-1,575,576,577,-1,577,576,578,-1,577,578,579,-1,579,578,580,-1,579,580,581,-1,581,580,582,-1,581,582,583,-1,583,582,584,-1,583,584,585,-1,585,584,586,-1,585,586,587,-1,588,589,586,-1,586,589,587,-1,590,591,588,-1,588,591,589,-1,591,590,592,-1,591,592,593,-1,593,592,594,-1,593,594,595,-1,595,594,596,-1,595,596,597,-1,597,596,598,-1,597,598,599,-1,599,598,600,-1,599,600,601,-1,601,600,602,-1,601,602,603,-1,603,602,604,-1,603,604,605,-1,605,604,606,-1,605,606,607,-1,607,606,608,-1,607,608,609,-1,609,608,610,-1,609,610,611,-1,611,610,612,-1,611,612,613,-1,613,612,614,-1,613,614,615,-1,615,614,616,-1,615,616,617,-1,617,616,618,-1,617,618,619,-1,619,618,620,-1,619,620,621,-1,621,620,622,-1,621,622,623,-1,623,622,624,-1,623,624,625,-1,625,624,626,-1,625,626,627,-1,627,626,628,-1,627,628,629,-1,629,628,630,-1,629,630,631,-1,631,630,632,-1,631,632,633,-1,633,632,634,-1,633,634,635,-1,635,634,636,-1,635,636,637,-1,637,636,638,-1,637,638,639,-1,639,638,640,-1,639,640,641,-1,641,640,642,-1,641,642,643,-1,643,642,644,-1,643,644,645,-1,645,644,646,-1,645,646,647,-1,647,646,648,-1,647,648,649,-1,650,651,648,-1,648,651,649,-1,650,520,651,-1,651,520,521,-1,522,518,650,-1,650,518,520,-1,648,534,650,-1,650,534,532,-1,650,532,530,-1,592,590,588,-1,648,646,534,-1,534,646,644,-1,534,644,536,-1,536,644,642,-1,536,642,538,-1,524,522,526,-1,526,522,650,-1,526,650,528,-1,528,650,530,-1,588,586,592,-1,592,586,584,-1,592,584,594,-1,594,584,582,-1,594,582,596,-1,596,582,580,-1,596,580,598,-1,598,580,578,-1,598,578,600,-1,600,578,576,-1,600,576,602,-1,602,576,574,-1,602,574,604,-1,604,574,606,-1,606,574,572,-1,606,572,608,-1,608,572,570,-1,608,570,610,-1,610,570,568,-1,610,568,612,-1,612,568,566,-1,612,566,614,-1,642,640,538,-1,538,640,638,-1,538,638,540,-1,540,638,636,-1,540,636,542,-1,542,636,634,-1,542,634,544,-1,544,634,632,-1,544,632,546,-1,546,632,630,-1,546,630,548,-1,548,630,628,-1,548,628,550,-1,550,628,626,-1,550,626,552,-1,552,626,624,-1,552,624,554,-1,554,624,622,-1,554,622,556,-1,556,622,620,-1,556,620,558,-1,558,620,618,-1,558,618,560,-1,560,618,616,-1,560,616,562,-1,562,616,614,-1,562,614,564,-1,564,614,566,-1,652,653,654,-1,654,653,655,-1,654,655,656,-1,656,655,657,-1,656,657,658,-1,658,657,659,-1,658,659,660,-1,660,659,661,-1,660,661,662,-1,663,664,661,-1,661,664,662,-1,664,663,665,-1,664,665,666,-1,666,665,667,-1,666,667,668,-1,668,667,669,-1,668,669,670,-1,670,669,671,-1,670,671,672,-1,672,671,673,-1,672,673,674,-1,674,673,675,-1,674,675,676,-1,676,675,677,-1,676,677,678,-1,678,677,679,-1,678,679,680,-1,680,679,681,-1,680,681,682,-1,682,681,683,-1,682,683,684,-1,684,683,685,-1,684,685,686,-1,686,685,687,-1,686,687,688,-1,688,687,689,-1,688,689,690,-1,690,689,691,-1,690,691,692,-1,692,691,693,-1,692,693,694,-1,694,693,695,-1,694,695,696,-1,696,695,697,-1,696,697,698,-1,698,697,699,-1,698,699,700,-1,700,699,701,-1,700,701,702,-1,702,701,703,-1,702,703,704,-1,704,703,705,-1,704,705,706,-1,707,708,705,-1,705,708,706,-1,709,710,707,-1,707,710,708,-1,710,709,711,-1,710,711,712,-1,712,711,713,-1,712,713,714,-1,714,713,715,-1,714,715,716,-1,716,715,717,-1,716,717,718,-1,718,717,719,-1,718,719,720,-1,720,719,721,-1,720,721,722,-1,722,721,723,-1,722,723,724,-1,724,723,725,-1,724,725,726,-1,726,725,727,-1,726,727,728,-1,728,727,729,-1,728,729,730,-1,730,729,731,-1,730,731,732,-1,733,734,731,-1,731,734,732,-1,735,736,733,-1,733,736,734,-1,736,735,737,-1,736,737,738,-1,738,737,739,-1,738,739,740,-1,741,742,739,-1,739,742,740,-1,741,653,742,-1,742,653,652,-1,679,677,699,-1,701,699,671,-1,663,721,719,-1,677,675,699,-1,699,675,673,-1,699,673,671,-1,671,669,701,-1,701,669,667,-1,701,667,703,-1,703,667,665,-1,735,733,663,-1,733,731,663,-1,663,731,729,-1,663,729,727,-1,663,713,711,-1,653,741,655,-1,655,741,739,-1,655,739,657,-1,657,739,737,-1,657,737,659,-1,659,737,735,-1,659,735,661,-1,661,735,663,-1,727,725,663,-1,663,725,723,-1,663,723,721,-1,685,683,699,-1,699,683,681,-1,699,681,679,-1,719,717,663,-1,663,717,715,-1,663,715,713,-1,711,709,663,-1,663,709,707,-1,663,707,665,-1,665,707,705,-1,665,705,703,-1,699,697,685,-1,685,697,695,-1,685,695,693,-1,693,691,685,-1,685,691,689,-1,685,689,687,-1,
        ]
    }
}
Shape{
    appearance Appearance {
        material  Material 	{
            diffuseColor 0.6784313725490196 0.6784313725490196 0.6784313725490196
            specularColor 0.047058823529411764 0.047058823529411764 0.047058823529411764
            ambientIntensity 0.9686
            transparency 0.0
            shininess 0.5
        }
    }
    geometry IndexedFaceSet {
        ccw TRUE
        solid FALSE
        coord DEF co Coordinate {
            point [
                0.3086 0.3643 0.0, 0.3239 0.379 0.0, 0.2876 0.22 0.0, 0.2508 0.3864 0.0, 0.2731 0.3818 0.0, 0.2892 0.3767 0.0, 0.2944 0.374 0.0, 0.036 0.2097 0.0, 0.036 0.5093 0.0, 0.0468 0.2052 0.0, 0.0448 0.5096 0.0, 0.0536 0.5093 0.0, 0.0785 0.5065 0.0, 0.0959 0.5042 0.0, 0.1508 0.4134 0.0, 0.153 0.3414 0.0, 0.1527 0.3242 0.0, 0.0709 0.1997 0.0, 0.1487 0.2638 0.0, 0.1086 0.501 0.0, 0.1177 0.4969 0.0, 0.1245 0.4915 0.0, 0.131 0.4832 0.0, 0.1428 0.4564 0.0, 0.1415 0.2311 0.0, 0.1107 0.2008 0.0, 0.0955 0.1978 0.0, 0.1352 0.2186 0.0, 0.1279 0.2097 0.0, 0.1214 0.205 0.0
            ]
        }
        coordIndex [
            0,1,2,-1,2,3,4,-1,4,5,2,-1,2,5,6,-1,2,6,0,-1,7,8,9,-1,9,8,10,-1,10,11,9,-1,9,11,12,-1,9,12,13,-1,14,15,9,-1,9,15,16,-1,9,16,17,-1,17,16,18,-1,13,19,9,-1,9,19,20,-1,9,20,21,-1,21,22,9,-1,9,22,23,-1,9,23,14,-1,24,25,18,-1,18,25,26,-1,18,26,17,-1,24,27,25,-1,25,27,28,-1,25,28,29,-1,
        ]
    }
}
Shape{
    appearance Appearance {
        material  Material 	{
            diffuseColor 0.6470588235294118 0.6196078431372549 0.5882352941176471
            specularColor 0.45098039215686275 0.43529411764705883 0.4117647058823529
            ambientIntensity 0.6242
            transparency 0.0
            shininess 0.5
        }
    }
    geometry IndexedFaceSet {
        ccw TRUE
        solid FALSE
        coord DEF co Coordinate {
            point [
                -0.5315 -0.3547 0.6693, -0.5315 -0.3547 0.5976, -0.4528 -0.3547 0.6693, -0.4528 -0.3547 0.5976, -0.5315 0.8598 0.6693, -0.4528 0.8598 0.6693, -0.4528 0.8731 0.6675, -0.5315 0.8731 0.6675, -0.4528 0.8854 0.6624, -0.5315 0.8854 0.6624, -0.4528 0.896 0.6543, -0.5315 0.896 0.6543, -0.4528 0.9041 0.6437, -0.5315 0.9041 0.6437, -0.4528 0.9093 0.6314, -0.5315 0.9093 0.6314, -0.4528 0.911 0.6181, -0.5315 0.911 0.6181, -0.5315 0.911 0.6074, -0.4528 0.911 0.6074, -0.4528 0.9093 0.5941, -0.5315 0.9093 0.5941, -0.4528 0.9041 0.5818, -0.5315 0.9041 0.5818, -0.4528 0.896 0.5712, -0.5315 0.896 0.5712, -0.4528 0.8854 0.563, -0.5315 0.8854 0.563, -0.4528 0.8731 0.5579, -0.5315 0.8731 0.5579, -0.4528 0.8598 0.5562, -0.5315 0.8598 0.5562, -0.5315 0.8188 0.5562, -0.4528 0.8188 0.5562, -0.5315 0.7882 0.5764, -0.4528 0.7882 0.5764, -0.5315 0.7537 0.589, -0.4528 0.7537 0.589, -0.5315 0.7173 0.5933, -0.4528 0.7173 0.5933, -0.5315 0.6808 0.589, -0.4528 0.6808 0.589, -0.5315 0.6464 0.5764, -0.4528 0.6464 0.5764, -0.5315 0.6157 0.5562, -0.4528 0.6157 0.5562, -0.5315 0.0449 0.5562, -0.4528 0.0449 0.5562, -0.5315 0.0143 0.5522, -0.4528 0.0143 0.5522, -0.5315 -0.0142 0.5404, -0.4528 -0.0142 0.5404, -0.5315 -0.0387 0.5216, -0.4528 -0.0387 0.5216, -0.5315 -0.0574 0.4971, -0.4528 -0.0574 0.4971, -0.5315 -0.0692 0.4686, -0.4528 -0.0692 0.4686, -0.5315 -0.0732 0.4381, -0.4528 -0.0732 0.4381, -0.5315 -0.0732 0.4055, -0.4528 -0.0732 0.4055, -0.5315 -0.0692 0.375, -0.4528 -0.0692 0.375, -0.5315 -0.0574 0.3465, -0.4528 -0.0574 0.3465, -0.5315 -0.0387 0.322, -0.4528 -0.0387 0.322, -0.5315 -0.0142 0.3033, -0.4528 -0.0142 0.3033, -0.5315 0.0143 0.2915, -0.4528 0.0143 0.2915, -0.5315 0.0449 0.2874, -0.4528 0.0449 0.2874, -0.5315 0.6322 0.2874, -0.4528 0.6322 0.2874, -0.5315 0.6322 0.3465, -0.4528 0.6322 0.3465, -0.5315 1.0392 0.2362, -0.4528 1.0392 0.2362, -0.5315 1.0392 0.1819, -0.4528 1.0392 0.1819, -0.5315 0.785 0.1819, -0.4528 0.785 0.1819, -0.5315 0.7536 0.2133, -0.4528 0.7536 0.2133, -0.5315 0.0653 0.1575, -0.4528 0.0653 0.1575, -0.5315 -0.2562 0.1575, -0.4528 -0.2562 0.1575, -0.5315 -0.2562 0.0591, -0.4528 -0.2562 0.0591, -0.5315 -0.3743 0.0591, -0.4528 -0.3743 0.0591, -0.5315 -0.4334 0.0, -0.4528 -0.4334 0.0, -0.5315 -0.6303 0.0, -0.4528 -0.6303 0.0, -0.5315 -0.6303 0.0787, -0.4528 -0.6303 0.0787, -0.5315 -0.4728 0.1209, -0.4528 -0.4728 0.1209, -0.5315 -0.3035 0.263, -0.4528 -0.3035 0.263, -0.5315 -0.3035 0.3417, -0.4528 -0.3035 0.3417, -0.5315 -0.3547 0.3417, -0.4528 -0.3547 0.3417, -0.5315 -0.3547 0.5189, -0.4528 -0.3547 0.5189, -0.5315 -0.3035 0.5189, -0.4528 -0.3035 0.5189, -0.5315 -0.3035 0.5976, -0.4528 -0.3035 0.5976, -0.1378 -0.3547 0.6693, -0.1378 -0.3547 0.5976, -0.0591 -0.3547 0.6693, -0.0591 -0.3547 0.5976, -0.1378 0.8598 0.6693, -0.0591 0.8598 0.6693, -0.0591 0.8731 0.6675, -0.1378 0.8731 0.6675, -0.0591 0.8854 0.6624, -0.1378 0.8854 0.6624, -0.0591 0.896 0.6543, -0.1378 0.896 0.6543, -0.0591 0.9041 0.6437, -0.1378 0.9041 0.6437, -0.0591 0.9093 0.6314, -0.1378 0.9093 0.6314, -0.0591 0.911 0.6181, -0.1378 0.911 0.6181, -0.1378 0.911 0.6074, -0.0591 0.911 0.6074, -0.0591 0.9093 0.5941, -0.1378 0.9093 0.5941, -0.0591 0.9041 0.5818, -0.1378 0.9041 0.5818, -0.0591 0.896 0.5712, -0.1378 0.896 0.5712, -0.0591 0.8854 0.563, -0.1378 0.8854 0.563, -0.0591 0.8731 0.5579, -0.1378 0.8731 0.5579, -0.0591 0.8598 0.5562, -0.1378 0.8598 0.5562, -0.1378 0.8188 0.5562, -0.0591 0.8188 0.5562, -0.1378 0.7882 0.5764, -0.0591 0.7882 0.5764, -0.1378 0.7537 0.589, -0.0591 0.7537 0.589, -0.1378 0.7173 0.5933, -0.0591 0.7173 0.5933, -0.1378 0.6808 0.589, -0.0591 0.6808 0.589, -0.1378 0.6464 0.5764, -0.0591 0.6464 0.5764, -0.1378 0.6157 0.5562, -0.0591 0.6157 0.5562, -0.1378 0.0449 0.5562, -0.0591 0.0449 0.5562, -0.1378 0.0143 0.5522, -0.0591 0.0143 0.5522, -0.1378 -0.0142 0.5404, -0.0591 -0.0142 0.5404, -0.1378 -0.0387 0.5216, -0.0591 -0.0387 0.5216, -0.1378 -0.0574 0.4971, -0.0591 -0.0574 0.4971, -0.1378 -0.0692 0.4686, -0.0591 -0.0692 0.4686, -0.1378 -0.0732 0.4381, -0.0591 -0.0732 0.4381, -0.1378 -0.0732 0.4055, -0.0591 -0.0732 0.4055, -0.1378 -0.0692 0.375, -0.0591 -0.0692 0.375, -0.1378 -0.0574 0.3465, -0.0591 -0.0574 0.3465, -0.1378 -0.0387 0.322, -0.0591 -0.0387 0.322, -0.1378 -0.0142 0.3033, -0.0591 -0.0142 0.3033, -0.1378 0.0143 0.2915, -0.0591 0.0143 0.2915, -0.1378 0.0449 0.2874, -0.0591 0.0449 0.2874, -0.1378 0.6322 0.2874, -0.0591 0.6322 0.2874, -0.1378 0.6322 0.3465, -0.0591 0.6322 0.3465, -0.1378 1.0392 0.2362, -0.0591 1.0392 0.2362, -0.1378 1.0392 0.1819, -0.0591 1.0392 0.1819, -0.1378 0.785 0.1819, -0.0591 0.785 0.1819, -0.1378 0.7536 0.2133, -0.0591 0.7536 0.2133, -0.1378 0.0653 0.1575, -0.0591 0.0653 0.1575, -0.1378 -0.2562 0.1575, -0.0591 -0.2562 0.1575, -0.1378 -0.2562 0.0591, -0.0591 -0.2562 0.0591, -0.1378 -0.3743 0.0591, -0.0591 -0.3743 0.0591, -0.1378 -0.4334 0.0, -0.0591 -0.4334 0.0, -0.1378 -0.6303 0.0, -0.0591 -0.6303 0.0, -0.1378 -0.6303 0.0787, -0.0591 -0.6303 0.0787, -0.1378 -0.4728 0.1209, -0.0591 -0.4728 0.1209, -0.1378 -0.3035 0.263, -0.0591 -0.3035 0.263, -0.1378 -0.3035 0.3417, -0.0591 -0.3035 0.3417, -0.1378 -0.3547 0.3417, -0.0591 -0.3547 0.3417, -0.1378 -0.3547 0.5189, -0.0591 -0.3547 0.5189, -0.1378 -0.3035 0.5189, -0.0591 -0.3035 0.5189, -0.1378 -0.3035 0.5976, -0.0591 -0.3035 0.5976
            ]
        }
        coordIndex [
            0,1,2,-1,2,1,3,-1,4,0,5,-1,5,0,2,-1,4,5,6,-1,4,6,7,-1,7,6,8,-1,7,8,9,-1,9,8,10,-1,9,10,11,-1,11,10,12,-1,11,12,13,-1,13,12,14,-1,13,14,15,-1,15,14,16,-1,15,16,17,-1,18,17,19,-1,19,17,16,-1,18,19,20,-1,18,20,21,-1,21,20,22,-1,21,22,23,-1,23,22,24,-1,23,24,25,-1,25,24,26,-1,25,26,27,-1,27,26,28,-1,27,28,29,-1,29,28,30,-1,29,30,31,-1,32,31,33,-1,33,31,30,-1,32,33,34,-1,34,33,35,-1,34,35,36,-1,36,35,37,-1,36,37,38,-1,38,37,39,-1,38,39,40,-1,40,39,41,-1,40,41,42,-1,42,41,43,-1,42,43,44,-1,44,43,45,-1,46,44,47,-1,47,44,45,-1,46,47,48,-1,48,47,49,-1,48,49,50,-1,50,49,51,-1,50,51,52,-1,52,51,53,-1,52,53,54,-1,54,53,55,-1,54,55,56,-1,56,55,57,-1,56,57,58,-1,58,57,59,-1,60,58,61,-1,61,58,59,-1,60,61,62,-1,62,61,63,-1,62,63,64,-1,64,63,65,-1,64,65,66,-1,66,65,67,-1,66,67,68,-1,68,67,69,-1,68,69,70,-1,70,69,71,-1,70,71,72,-1,72,71,73,-1,74,72,75,-1,75,72,73,-1,76,74,77,-1,77,74,75,-1,78,76,79,-1,79,76,77,-1,80,78,81,-1,81,78,79,-1,82,80,83,-1,83,80,81,-1,84,82,85,-1,85,82,83,-1,86,84,87,-1,87,84,85,-1,88,86,89,-1,89,86,87,-1,90,88,91,-1,91,88,89,-1,92,90,93,-1,93,90,91,-1,94,92,95,-1,95,92,93,-1,96,94,97,-1,97,94,95,-1,98,96,99,-1,99,96,97,-1,100,98,101,-1,101,98,99,-1,102,100,103,-1,103,100,101,-1,104,102,105,-1,105,102,103,-1,106,104,107,-1,107,104,105,-1,108,106,109,-1,109,106,107,-1,110,108,111,-1,111,108,109,-1,112,110,113,-1,113,110,111,-1,1,112,3,-1,3,112,113,-1,80,82,78,-1,78,82,84,-1,78,84,76,-1,106,108,104,-1,104,108,110,-1,1,0,112,-1,112,0,4,-1,96,98,94,-1,94,98,100,-1,94,100,92,-1,92,100,88,-1,92,88,90,-1,66,68,86,-1,46,48,112,-1,112,48,50,-1,68,70,86,-1,86,70,72,-1,86,72,84,-1,84,72,74,-1,84,74,76,-1,31,32,34,-1,58,60,110,-1,110,60,62,-1,110,62,64,-1,100,102,88,-1,88,102,104,-1,88,104,86,-1,86,104,110,-1,86,110,66,-1,66,110,64,-1,50,52,112,-1,112,52,54,-1,112,54,110,-1,110,54,56,-1,110,56,58,-1,36,38,4,-1,4,38,40,-1,4,40,112,-1,112,40,42,-1,112,42,46,-1,46,42,44,-1,36,4,34,-1,34,4,7,-1,34,7,9,-1,9,11,34,-1,34,11,13,-1,34,13,15,-1,15,17,34,-1,34,17,18,-1,34,18,31,-1,31,18,21,-1,31,21,23,-1,23,25,31,-1,31,25,27,-1,31,27,29,-1,79,77,81,-1,81,77,75,-1,5,2,113,-1,113,2,3,-1,109,107,111,-1,111,107,105,-1,97,95,99,-1,99,95,101,-1,83,81,85,-1,85,81,75,-1,85,75,87,-1,87,75,73,-1,73,71,87,-1,87,71,69,-1,87,69,67,-1,95,93,101,-1,101,93,91,-1,101,91,89,-1,67,111,87,-1,87,111,105,-1,87,105,89,-1,89,105,103,-1,89,103,101,-1,67,65,111,-1,111,65,63,-1,111,63,61,-1,53,51,113,-1,113,51,49,-1,113,49,47,-1,61,59,111,-1,111,59,57,-1,111,57,113,-1,113,57,55,-1,113,55,53,-1,39,5,41,-1,41,5,113,-1,41,113,43,-1,43,113,47,-1,43,47,45,-1,39,37,5,-1,5,37,35,-1,5,35,33,-1,20,19,5,-1,5,19,16,-1,5,16,6,-1,12,10,8,-1,33,30,5,-1,5,30,28,-1,5,28,26,-1,26,24,5,-1,5,24,22,-1,5,22,20,-1,6,16,8,-1,8,16,14,-1,8,14,12,-1,114,115,116,-1,116,115,117,-1,118,114,119,-1,119,114,116,-1,118,119,120,-1,118,120,121,-1,121,120,122,-1,121,122,123,-1,123,122,124,-1,123,124,125,-1,125,124,126,-1,125,126,127,-1,127,126,128,-1,127,128,129,-1,129,128,130,-1,129,130,131,-1,132,131,133,-1,133,131,130,-1,132,133,134,-1,132,134,135,-1,135,134,136,-1,135,136,137,-1,137,136,138,-1,137,138,139,-1,139,138,140,-1,139,140,141,-1,141,140,142,-1,141,142,143,-1,143,142,144,-1,143,144,145,-1,146,145,147,-1,147,145,144,-1,146,147,148,-1,148,147,149,-1,148,149,150,-1,150,149,151,-1,150,151,152,-1,152,151,153,-1,152,153,154,-1,154,153,155,-1,154,155,156,-1,156,155,157,-1,156,157,158,-1,158,157,159,-1,160,158,161,-1,161,158,159,-1,160,161,162,-1,162,161,163,-1,162,163,164,-1,164,163,165,-1,164,165,166,-1,166,165,167,-1,166,167,168,-1,168,167,169,-1,168,169,170,-1,170,169,171,-1,170,171,172,-1,172,171,173,-1,174,172,175,-1,175,172,173,-1,174,175,176,-1,176,175,177,-1,176,177,178,-1,178,177,179,-1,178,179,180,-1,180,179,181,-1,180,181,182,-1,182,181,183,-1,182,183,184,-1,184,183,185,-1,184,185,186,-1,186,185,187,-1,188,186,189,-1,189,186,187,-1,190,188,191,-1,191,188,189,-1,192,190,193,-1,193,190,191,-1,194,192,195,-1,195,192,193,-1,196,194,197,-1,197,194,195,-1,198,196,199,-1,199,196,197,-1,200,198,201,-1,201,198,199,-1,202,200,203,-1,203,200,201,-1,204,202,205,-1,205,202,203,-1,206,204,207,-1,207,204,205,-1,208,206,209,-1,209,206,207,-1,210,208,211,-1,211,208,209,-1,212,210,213,-1,213,210,211,-1,214,212,215,-1,215,212,213,-1,216,214,217,-1,217,214,215,-1,218,216,219,-1,219,216,217,-1,220,218,221,-1,221,218,219,-1,222,220,223,-1,223,220,221,-1,224,222,225,-1,225,222,223,-1,226,224,227,-1,227,224,225,-1,115,226,117,-1,117,226,227,-1,194,196,192,-1,192,196,198,-1,192,198,190,-1,220,222,218,-1,218,222,224,-1,115,114,226,-1,226,114,118,-1,210,212,208,-1,208,212,214,-1,208,214,206,-1,206,214,202,-1,206,202,204,-1,180,182,200,-1,160,162,226,-1,226,162,164,-1,182,184,200,-1,200,184,186,-1,200,186,198,-1,198,186,188,-1,198,188,190,-1,145,146,148,-1,172,174,224,-1,224,174,176,-1,224,176,178,-1,214,216,202,-1,202,216,218,-1,202,218,200,-1,200,218,224,-1,200,224,180,-1,180,224,178,-1,164,166,226,-1,226,166,168,-1,226,168,224,-1,224,168,170,-1,224,170,172,-1,150,152,118,-1,118,152,154,-1,118,154,226,-1,226,154,156,-1,226,156,160,-1,160,156,158,-1,150,118,148,-1,148,118,121,-1,148,121,123,-1,123,125,148,-1,148,125,127,-1,148,127,129,-1,129,131,148,-1,148,131,132,-1,148,132,145,-1,145,132,135,-1,145,135,137,-1,137,139,145,-1,145,139,141,-1,145,141,143,-1,193,191,195,-1,195,191,189,-1,119,116,227,-1,227,116,117,-1,223,221,225,-1,225,221,219,-1,211,209,213,-1,213,209,215,-1,197,195,199,-1,199,195,189,-1,199,189,201,-1,201,189,187,-1,187,185,201,-1,201,185,183,-1,201,183,181,-1,209,207,215,-1,215,207,205,-1,215,205,203,-1,181,225,201,-1,201,225,219,-1,201,219,203,-1,203,219,217,-1,203,217,215,-1,181,179,225,-1,225,179,177,-1,225,177,175,-1,153,151,119,-1,119,151,149,-1,119,149,147,-1,175,173,225,-1,225,173,171,-1,225,171,227,-1,227,171,169,-1,227,169,167,-1,167,165,227,-1,227,165,163,-1,227,163,161,-1,134,133,119,-1,119,133,130,-1,119,130,120,-1,153,119,155,-1,155,119,227,-1,155,227,157,-1,157,227,161,-1,157,161,159,-1,126,124,122,-1,147,144,119,-1,119,144,142,-1,119,142,140,-1,140,138,119,-1,119,138,136,-1,119,136,134,-1,120,130,122,-1,122,130,128,-1,122,128,126,-1,
        ]
    }
}
Shape{
    appearance Appearance {
        material  Material 	{
            diffuseColor 0.10980392156862745 0.10980392156862745 0.10980392156862745
            specularColor 0.00784313725490196 0.00784313725490196 0.00784313725490196
            ambientIntensity 0.1569
            transparency 0.0
            shininess 0.5
        }
    }
    geometry IndexedFaceSet {
        ccw TRUE
        solid FALSE
        coord DEF co Coordinate {
            point [
                -1.0236 1.7713 0.3528, -1.4961 1.7713 0.3528, -1.0236 1.7713 0.6284, -1.4961 1.7713 0.7874, 1.0236 1.7713 0.6284, 1.4961 1.7713 0.7874, 1.0236 1.7713 0.3528, 1.4961 1.7713 0.3528, -1.2795 1.4209 0.7874, -1.4961 1.4209 0.7874, 1.4961 1.4209 0.7874, 1.2795 1.4209 0.7874, 1.2795 1.1807 0.7874, -1.2795 1.1807 0.7874, 1.2795 0.9429 0.5496, -1.2795 0.9429 0.5496, 1.2795 0.8072 0.5496, -1.2795 0.8072 0.5496, 1.2795 0.8072 0.3528, -1.2795 0.8072 0.3528, -0.9449 1.6925 0.3528, -1.4961 1.4209 0.3528, -1.2795 1.4209 0.3528, -0.9449 1.3776 0.3528, 0.9449 1.3776 0.3528, 1.2795 1.4209 0.3528, 0.9449 1.6925 0.3528, 1.4961 1.4209 0.3528, -0.9449 1.6925 0.5496, -0.9449 1.3776 0.5496, 0.9449 1.6925 0.5496, 0.9449 1.3776 0.5496
            ]
        }
        coordIndex [
            0,1,2,-1,2,1,3,-1,2,3,4,-1,4,3,5,-1,4,5,6,-1,6,5,7,-1,5,3,8,-1,8,3,9,-1,10,5,11,-1,11,5,8,-1,11,8,12,-1,12,8,13,-1,14,12,15,-1,15,12,13,-1,16,14,17,-1,17,14,15,-1,18,16,19,-1,19,16,17,-1,1,0,20,-1,21,1,22,-1,22,1,20,-1,22,20,19,-1,19,20,23,-1,19,23,18,-1,18,23,24,-1,18,24,25,-1,25,24,26,-1,26,6,25,-1,25,6,7,-1,25,7,27,-1,11,25,10,-1,10,25,27,-1,10,27,5,-1,5,27,7,-1,16,18,14,-1,14,18,25,-1,14,25,12,-1,12,25,11,-1,9,3,21,-1,21,3,1,-1,8,9,22,-1,22,9,21,-1,13,8,15,-1,15,8,22,-1,15,22,17,-1,17,22,19,-1,28,29,20,-1,20,29,23,-1,26,24,30,-1,30,24,31,-1,30,31,28,-1,28,31,29,-1,31,24,29,-1,29,24,23,-1,30,4,26,-1,26,4,6,-1,28,2,30,-1,30,2,4,-1,2,28,0,-1,0,28,20,-1,
        ]
    }
}
Shape{
    appearance Appearance {
        material  Material 	{
            diffuseColor 0.6470588235294118 0.6196078431372549 0.5882352941176471
            specularColor 0.45098039215686275 0.43529411764705883 0.4117647058823529
            ambientIntensity 0.6242
            transparency 0.0
            shininess 0.5
        }
    }
    geometry IndexedFaceSet {
        ccw TRUE
        solid FALSE
        coord DEF co Coordinate {
            point [
                0.0591 -0.3547 0.6693, 0.0591 -0.3547 0.5976, 0.1378 -0.3547 0.6693, 0.1378 -0.3547 0.5976, 0.0591 0.8598 0.6693, 0.1378 0.8598 0.6693, 0.1378 0.8731 0.6675, 0.0591 0.8731 0.6675, 0.1378 0.8854 0.6624, 0.0591 0.8854 0.6624, 0.1378 0.896 0.6543, 0.0591 0.896 0.6543, 0.1378 0.9041 0.6437, 0.0591 0.9041 0.6437, 0.1378 0.9093 0.6314, 0.0591 0.9093 0.6314, 0.1378 0.911 0.6181, 0.0591 0.911 0.6181, 0.0591 0.911 0.6074, 0.1378 0.911 0.6074, 0.1378 0.9093 0.5941, 0.0591 0.9093 0.5941, 0.1378 0.9041 0.5818, 0.0591 0.9041 0.5818, 0.1378 0.896 0.5712, 0.0591 0.896 0.5712, 0.1378 0.8854 0.563, 0.0591 0.8854 0.563, 0.1378 0.8731 0.5579, 0.0591 0.8731 0.5579, 0.1378 0.8598 0.5562, 0.0591 0.8598 0.5562, 0.0591 0.8188 0.5562, 0.1378 0.8188 0.5562, 0.0591 0.7882 0.5764, 0.1378 0.7882 0.5764, 0.0591 0.7537 0.589, 0.1378 0.7537 0.589, 0.0591 0.7173 0.5933, 0.1378 0.7173 0.5933, 0.0591 0.6808 0.589, 0.1378 0.6808 0.589, 0.0591 0.6464 0.5764, 0.1378 0.6464 0.5764, 0.0591 0.6157 0.5562, 0.1378 0.6157 0.5562, 0.0591 0.0449 0.5562, 0.1378 0.0449 0.5562, 0.0591 0.0143 0.5522, 0.1378 0.0143 0.5522, 0.0591 -0.0142 0.5404, 0.1378 -0.0142 0.5404, 0.0591 -0.0387 0.5216, 0.1378 -0.0387 0.5216, 0.0591 -0.0574 0.4971, 0.1378 -0.0574 0.4971, 0.0591 -0.0692 0.4686, 0.1378 -0.0692 0.4686, 0.0591 -0.0732 0.4381, 0.1378 -0.0732 0.4381, 0.0591 -0.0732 0.4055, 0.1378 -0.0732 0.4055, 0.0591 -0.0692 0.375, 0.1378 -0.0692 0.375, 0.0591 -0.0574 0.3465, 0.1378 -0.0574 0.3465, 0.0591 -0.0387 0.322, 0.1378 -0.0387 0.322, 0.0591 -0.0142 0.3033, 0.1378 -0.0142 0.3033, 0.0591 0.0143 0.2915, 0.1378 0.0143 0.2915, 0.0591 0.0449 0.2874, 0.1378 0.0449 0.2874, 0.0591 0.6322 0.2874, 0.1378 0.6322 0.2874, 0.0591 0.6322 0.3465, 0.1378 0.6322 0.3465, 0.0591 1.0392 0.2362, 0.1378 1.0392 0.2362, 0.0591 1.0392 0.1819, 0.1378 1.0392 0.1819, 0.0591 0.785 0.1819, 0.1378 0.785 0.1819, 0.0591 0.7536 0.2133, 0.1378 0.7536 0.2133, 0.0591 0.0653 0.1575, 0.1378 0.0653 0.1575, 0.0591 -0.2562 0.1575, 0.1378 -0.2562 0.1575, 0.0591 -0.2562 0.0591, 0.1378 -0.2562 0.0591, 0.0591 -0.3743 0.0591, 0.1378 -0.3743 0.0591, 0.0591 -0.4334 0.0, 0.1378 -0.4334 0.0, 0.0591 -0.6303 0.0, 0.1378 -0.6303 0.0, 0.0591 -0.6303 0.0787, 0.1378 -0.6303 0.0787, 0.0591 -0.4728 0.1209, 0.1378 -0.4728 0.1209, 0.0591 -0.3035 0.263, 0.1378 -0.3035 0.263, 0.0591 -0.3035 0.3417, 0.1378 -0.3035 0.3417, 0.0591 -0.3547 0.3417, 0.1378 -0.3547 0.3417, 0.0591 -0.3547 0.5189, 0.1378 -0.3547 0.5189, 0.0591 -0.3035 0.5189, 0.1378 -0.3035 0.5189, 0.0591 -0.3035 0.5976, 0.1378 -0.3035 0.5976, 1.063 0.7594 0.2362, 1.063 0.7594 0.0, 1.063 0.5902 0.2362, 1.063 -0.2327 0.0, 1.063 0.5902 0.5512, 1.063 -0.2327 0.5512, 1.626 0.7594 0.0787, 1.626 0.7594 0.0, 1.1417 0.7594 0.0787, 1.1417 0.7594 0.2362, 1.1417 -0.2327 0.0, 1.1417 0.3657 0.0, 1.1417 -0.2327 0.5512, 1.1417 0.3657 0.0787, 1.1417 0.5902 0.5512, 1.1417 0.5902 0.2362, 1.5567 0.532 0.0, 1.5614 0.5206 0.0, 1.569 0.5108 0.0, 1.5787 0.5033 0.0, 1.626 0.3657 0.0, 1.5901 0.4986 0.0, 1.6024 0.497 0.0, 1.5614 0.6046 0.0, 1.569 0.6144 0.0, 1.5787 0.6219 0.0, 1.5567 0.5932 0.0, 1.5551 0.581 0.0, 1.5551 0.5442 0.0, 1.6716 0.7244 0.0, 1.6732 0.7122 0.0, 1.6024 0.6282 0.0, 1.6732 0.6755 0.0, 1.6669 0.3894 0.0, 1.6594 0.3796 0.0, 1.5901 0.6266 0.0, 1.6382 0.7578 0.0, 1.6496 0.7531 0.0, 1.6594 0.7456 0.0, 1.6669 0.7358 0.0, 1.6716 0.4008 0.0, 1.6716 0.6632 0.0, 1.6382 0.6298 0.0, 1.626 0.6282 0.0, 1.6382 0.4954 0.0, 1.6496 0.4906 0.0, 1.6716 0.462 0.0, 1.6594 0.4831 0.0, 1.6669 0.4734 0.0, 1.626 0.497 0.0, 1.6732 0.4497 0.0, 1.6732 0.413 0.0, 1.6496 0.3721 0.0, 1.6382 0.3674 0.0, 1.6669 0.6518 0.0, 1.6594 0.6421 0.0, 1.6496 0.6345 0.0, 1.6732 0.7122 0.0787, 1.6716 0.7244 0.0787, 1.6669 0.7358 0.0787, 1.6594 0.7456 0.0787, 1.6496 0.7531 0.0787, 1.6382 0.7578 0.0787, 1.6732 0.6755 0.0787, 1.626 0.6282 0.0787, 1.6382 0.6298 0.0787, 1.6496 0.6345 0.0787, 1.6594 0.6421 0.0787, 1.6669 0.6518 0.0787, 1.6716 0.6632 0.0787, 1.6024 0.6282 0.0787, 1.5551 0.581 0.0787, 1.5567 0.5932 0.0787, 1.5614 0.6046 0.0787, 1.569 0.6144 0.0787, 1.5787 0.6219 0.0787, 1.5901 0.6266 0.0787, 1.5551 0.5442 0.0787, 1.6024 0.497 0.0787, 1.5901 0.4986 0.0787, 1.5787 0.5033 0.0787, 1.569 0.5108 0.0787, 1.5614 0.5206 0.0787, 1.5567 0.532 0.0787, 1.626 0.497 0.0787, 1.6732 0.4497 0.0787, 1.6716 0.462 0.0787, 1.6669 0.4734 0.0787, 1.6594 0.4831 0.0787, 1.6496 0.4906 0.0787, 1.6382 0.4954 0.0787, 1.6732 0.413 0.0787, 1.626 0.3657 0.0787, 1.6382 0.3674 0.0787, 1.6496 0.3721 0.0787, 1.6594 0.3796 0.0787, 1.6669 0.3894 0.0787, 1.6716 0.4008 0.0787, -0.7283 -0.3547 0.6693, -0.7283 -0.3547 0.5976, -0.6496 -0.3547 0.6693, -0.6496 -0.3547 0.5976, -0.7283 0.8598 0.6693, -0.6496 0.8598 0.6693, -0.6496 0.8731 0.6675, -0.7283 0.8731 0.6675, -0.6496 0.8854 0.6624, -0.7283 0.8854 0.6624, -0.6496 0.896 0.6543, -0.7283 0.896 0.6543, -0.6496 0.9041 0.6437, -0.7283 0.9041 0.6437, -0.6496 0.9093 0.6314, -0.7283 0.9093 0.6314, -0.6496 0.911 0.6181, -0.7283 0.911 0.6181, -0.7283 0.911 0.6074, -0.6496 0.911 0.6074, -0.6496 0.9093 0.5941, -0.7283 0.9093 0.5941, -0.6496 0.9041 0.5818, -0.7283 0.9041 0.5818, -0.6496 0.896 0.5712, -0.7283 0.896 0.5712, -0.6496 0.8854 0.563, -0.7283 0.8854 0.563, -0.6496 0.8731 0.5579, -0.7283 0.8731 0.5579, -0.6496 0.8598 0.5562, -0.7283 0.8598 0.5562, -0.7283 0.8188 0.5562, -0.6496 0.8188 0.5562, -0.7283 0.7882 0.5764, -0.6496 0.7882 0.5764, -0.7283 0.7537 0.589, -0.6496 0.7537 0.589, -0.7283 0.7173 0.5933, -0.6496 0.7173 0.5933, -0.7283 0.6808 0.589, -0.6496 0.6808 0.589, -0.7283 0.6464 0.5764, -0.6496 0.6464 0.5764, -0.7283 0.6157 0.5562, -0.6496 0.6157 0.5562, -0.7283 0.0449 0.5562, -0.6496 0.0449 0.5562, -0.7283 0.0143 0.5522, -0.6496 0.0143 0.5522, -0.7283 -0.0142 0.5404, -0.6496 -0.0142 0.5404, -0.7283 -0.0387 0.5216, -0.6496 -0.0387 0.5216, -0.7283 -0.0574 0.4971, -0.6496 -0.0574 0.4971, -0.7283 -0.0692 0.4686, -0.6496 -0.0692 0.4686, -0.7283 -0.0732 0.4381, -0.6496 -0.0732 0.4381, -0.7283 -0.0732 0.4055, -0.6496 -0.0732 0.4055, -0.7283 -0.0692 0.375, -0.6496 -0.0692 0.375, -0.7283 -0.0574 0.3465, -0.6496 -0.0574 0.3465, -0.7283 -0.0387 0.322, -0.6496 -0.0387 0.322, -0.7283 -0.0142 0.3033, -0.6496 -0.0142 0.3033, -0.7283 0.0143 0.2915, -0.6496 0.0143 0.2915, -0.7283 0.0449 0.2874, -0.6496 0.0449 0.2874, -0.7283 0.6322 0.2874, -0.6496 0.6322 0.2874, -0.7283 0.6322 0.3465, -0.6496 0.6322 0.3465, -0.7283 1.0392 0.2362, -0.6496 1.0392 0.2362, -0.7283 1.0392 0.1819, -0.6496 1.0392 0.1819, -0.7283 0.785 0.1819, -0.6496 0.785 0.1819, -0.7283 0.7536 0.2133, -0.6496 0.7536 0.2133, -0.7283 0.0653 0.1575, -0.6496 0.0653 0.1575, -0.7283 -0.2562 0.1575, -0.6496 -0.2562 0.1575, -0.7283 -0.2562 0.0591, -0.6496 -0.2562 0.0591, -0.7283 -0.3743 0.0591, -0.6496 -0.3743 0.0591, -0.7283 -0.4334 0.0, -0.6496 -0.4334 0.0, -0.7283 -0.6303 0.0, -0.6496 -0.6303 0.0, -0.7283 -0.6303 0.0787, -0.6496 -0.6303 0.0787, -0.7283 -0.4728 0.1209, -0.6496 -0.4728 0.1209, -0.7283 -0.3035 0.263, -0.6496 -0.3035 0.263, -0.7283 -0.3035 0.3417, -0.6496 -0.3035 0.3417, -0.7283 -0.3547 0.3417, -0.6496 -0.3547 0.3417, -0.7283 -0.3547 0.5189, -0.6496 -0.3547 0.5189, -0.7283 -0.3035 0.5189, -0.6496 -0.3035 0.5189, -0.7283 -0.3035 0.5976, -0.6496 -0.3035 0.5976, -1.063 0.7594 0.0, -1.063 0.7594 0.2362, -1.063 0.5902 0.2362, -1.063 0.5902 0.5512, -1.063 -0.2327 0.5512, -1.063 -0.2327 0.0, -1.1417 0.7594 0.2362, -1.1417 0.7594 0.0787, -1.626 0.7594 0.0787, -1.626 0.7594 0.0, -1.1417 -0.2327 0.5512, -1.1417 0.5902 0.5512, -1.1417 -0.2327 0.0, -1.1417 0.5902 0.2362, -1.1417 0.3657 0.0787, -1.1417 0.3657 0.0, -1.5567 0.5932 0.0, -1.5614 0.6046 0.0, -1.569 0.6144 0.0, -1.5787 0.6219 0.0, -1.5901 0.6266 0.0, -1.6024 0.6282 0.0, -1.5614 0.5206 0.0, -1.569 0.5108 0.0, -1.5787 0.5033 0.0, -1.5567 0.532 0.0, -1.5551 0.5442 0.0, -1.5551 0.581 0.0, -1.6594 0.3796 0.0, -1.6669 0.3894 0.0, -1.6024 0.497 0.0, -1.6496 0.3721 0.0, -1.6732 0.7122 0.0, -1.6732 0.6755 0.0, -1.626 0.6282 0.0, -1.6716 0.6632 0.0, -1.6382 0.6298 0.0, -1.6496 0.6345 0.0, -1.6594 0.6421 0.0, -1.6669 0.6518 0.0, -1.6716 0.7244 0.0, -1.6669 0.7358 0.0, -1.6594 0.7456 0.0, -1.6496 0.7531 0.0, -1.6382 0.7578 0.0, -1.5901 0.4986 0.0, -1.626 0.3657 0.0, -1.6382 0.3674 0.0, -1.6716 0.462 0.0, -1.6669 0.4734 0.0, -1.6594 0.4831 0.0, -1.6716 0.4008 0.0, -1.6732 0.413 0.0, -1.626 0.497 0.0, -1.6732 0.4497 0.0, -1.6382 0.4954 0.0, -1.6496 0.4906 0.0, -1.6382 0.7578 0.0787, -1.6496 0.7531 0.0787, -1.6594 0.7456 0.0787, -1.6669 0.7358 0.0787, -1.6716 0.7244 0.0787, -1.6732 0.7122 0.0787, -1.6732 0.6755 0.0787, -1.6716 0.6632 0.0787, -1.6669 0.6518 0.0787, -1.6594 0.6421 0.0787, -1.6496 0.6345 0.0787, -1.6382 0.6298 0.0787, -1.626 0.6282 0.0787, -1.6024 0.6282 0.0787, -1.5901 0.6266 0.0787, -1.5787 0.6219 0.0787, -1.569 0.6144 0.0787, -1.5614 0.6046 0.0787, -1.5567 0.5932 0.0787, -1.5551 0.581 0.0787, -1.5551 0.5442 0.0787, -1.5567 0.532 0.0787, -1.5614 0.5206 0.0787, -1.569 0.5108 0.0787, -1.5787 0.5033 0.0787, -1.5901 0.4986 0.0787, -1.6024 0.497 0.0787, -1.626 0.497 0.0787, -1.6382 0.4954 0.0787, -1.6496 0.4906 0.0787, -1.6594 0.4831 0.0787, -1.6669 0.4734 0.0787, -1.6716 0.462 0.0787, -1.6732 0.4497 0.0787, -1.6732 0.413 0.0787, -1.6716 0.4008 0.0787, -1.6669 0.3894 0.0787, -1.6594 0.3796 0.0787, -1.6496 0.3721 0.0787, -1.6382 0.3674 0.0787, -1.626 0.3657 0.0787, -0.3346 -0.3547 0.6693, -0.3346 -0.3547 0.5976, -0.2559 -0.3547 0.6693, -0.2559 -0.3547 0.5976, -0.3346 0.8598 0.6693, -0.2559 0.8598 0.6693, -0.2559 0.8731 0.6675, -0.3346 0.8731 0.6675, -0.2559 0.8854 0.6624, -0.3346 0.8854 0.6624, -0.2559 0.896 0.6543, -0.3346 0.896 0.6543, -0.2559 0.9041 0.6437, -0.3346 0.9041 0.6437, -0.2559 0.9093 0.6314, -0.3346 0.9093 0.6314, -0.2559 0.911 0.6181, -0.3346 0.911 0.6181, -0.3346 0.911 0.6074, -0.2559 0.911 0.6074, -0.2559 0.9093 0.5941, -0.3346 0.9093 0.5941, -0.2559 0.9041 0.5818, -0.3346 0.9041 0.5818, -0.2559 0.896 0.5712, -0.3346 0.896 0.5712, -0.2559 0.8854 0.563, -0.3346 0.8854 0.563, -0.2559 0.8731 0.5579, -0.3346 0.8731 0.5579, -0.2559 0.8598 0.5562, -0.3346 0.8598 0.5562, -0.3346 0.8188 0.5562, -0.2559 0.8188 0.5562, -0.3346 0.7882 0.5764, -0.2559 0.7882 0.5764, -0.3346 0.7537 0.589, -0.2559 0.7537 0.589, -0.3346 0.7173 0.5933, -0.2559 0.7173 0.5933, -0.3346 0.6808 0.589, -0.2559 0.6808 0.589, -0.3346 0.6464 0.5764, -0.2559 0.6464 0.5764, -0.3346 0.6157 0.5562, -0.2559 0.6157 0.5562, -0.3346 0.0449 0.5562, -0.2559 0.0449 0.5562, -0.3346 0.0143 0.5522, -0.2559 0.0143 0.5522, -0.3346 -0.0142 0.5404, -0.2559 -0.0142 0.5404, -0.3346 -0.0387 0.5216, -0.2559 -0.0387 0.5216, -0.3346 -0.0574 0.4971, -0.2559 -0.0574 0.4971, -0.3346 -0.0692 0.4686, -0.2559 -0.0692 0.4686, -0.3346 -0.0732 0.4381, -0.2559 -0.0732 0.4381, -0.3346 -0.0732 0.4055, -0.2559 -0.0732 0.4055, -0.3346 -0.0692 0.375, -0.2559 -0.0692 0.375, -0.3346 -0.0574 0.3465, -0.2559 -0.0574 0.3465, -0.3346 -0.0387 0.322, -0.2559 -0.0387 0.322, -0.3346 -0.0142 0.3033, -0.2559 -0.0142 0.3033, -0.3346 0.0143 0.2915, -0.2559 0.0143 0.2915, -0.3346 0.0449 0.2874, -0.2559 0.0449 0.2874, -0.3346 0.6322 0.2874, -0.2559 0.6322 0.2874, -0.3346 0.6322 0.3465, -0.2559 0.6322 0.3465, -0.3346 1.0392 0.2362, -0.2559 1.0392 0.2362, -0.3346 1.0392 0.1819, -0.2559 1.0392 0.1819, -0.3346 0.785 0.1819, -0.2559 0.785 0.1819, -0.3346 0.7536 0.2133, -0.2559 0.7536 0.2133, -0.3346 0.0653 0.1575, -0.2559 0.0653 0.1575, -0.3346 -0.2562 0.1575, -0.2559 -0.2562 0.1575, -0.3346 -0.2562 0.0591, -0.2559 -0.2562 0.0591, -0.3346 -0.3743 0.0591, -0.2559 -0.3743 0.0591, -0.3346 -0.4334 0.0, -0.2559 -0.4334 0.0, -0.3346 -0.6303 0.0, -0.2559 -0.6303 0.0, -0.3346 -0.6303 0.0787, -0.2559 -0.6303 0.0787, -0.3346 -0.4728 0.1209, -0.2559 -0.4728 0.1209, -0.3346 -0.3035 0.263, -0.2559 -0.3035 0.263, -0.3346 -0.3035 0.3417, -0.2559 -0.3035 0.3417, -0.3346 -0.3547 0.3417, -0.2559 -0.3547 0.3417, -0.3346 -0.3547 0.5189, -0.2559 -0.3547 0.5189, -0.3346 -0.3035 0.5189, -0.2559 -0.3035 0.5189, -0.3346 -0.3035 0.5976, -0.2559 -0.3035 0.5976, 0.2559 -0.3547 0.6693, 0.2559 -0.3547 0.5976, 0.3346 -0.3547 0.6693, 0.3346 -0.3547 0.5976, 0.2559 0.8598 0.6693, 0.3346 0.8598 0.6693, 0.3346 0.8731 0.6675, 0.2559 0.8731 0.6675, 0.3346 0.8854 0.6624, 0.2559 0.8854 0.6624, 0.3346 0.896 0.6543, 0.2559 0.896 0.6543, 0.3346 0.9041 0.6437, 0.2559 0.9041 0.6437, 0.3346 0.9093 0.6314, 0.2559 0.9093 0.6314, 0.3346 0.911 0.6181, 0.2559 0.911 0.6181, 0.2559 0.911 0.6074, 0.3346 0.911 0.6074, 0.3346 0.9093 0.5941, 0.2559 0.9093 0.5941, 0.3346 0.9041 0.5818, 0.2559 0.9041 0.5818, 0.3346 0.896 0.5712, 0.2559 0.896 0.5712, 0.3346 0.8854 0.563, 0.2559 0.8854 0.563, 0.3346 0.8731 0.5579, 0.2559 0.8731 0.5579, 0.3346 0.8598 0.5562, 0.2559 0.8598 0.5562, 0.2559 0.8188 0.5562, 0.3346 0.8188 0.5562, 0.2559 0.7882 0.5764, 0.3346 0.7882 0.5764, 0.2559 0.7537 0.589, 0.3346 0.7537 0.589, 0.2559 0.7173 0.5933, 0.3346 0.7173 0.5933, 0.2559 0.6808 0.589, 0.3346 0.6808 0.589, 0.2559 0.6464 0.5764, 0.3346 0.6464 0.5764, 0.2559 0.6157 0.5562, 0.3346 0.6157 0.5562, 0.2559 0.0449 0.5562, 0.3346 0.0449 0.5562, 0.2559 0.0143 0.5522, 0.3346 0.0143 0.5522, 0.2559 -0.0142 0.5404, 0.3346 -0.0142 0.5404, 0.2559 -0.0387 0.5216, 0.3346 -0.0387 0.5216, 0.2559 -0.0574 0.4971, 0.3346 -0.0574 0.4971, 0.2559 -0.0692 0.4686, 0.3346 -0.0692 0.4686, 0.2559 -0.0732 0.4381, 0.3346 -0.0732 0.4381, 0.2559 -0.0732 0.4055, 0.3346 -0.0732 0.4055, 0.2559 -0.0692 0.375, 0.3346 -0.0692 0.375, 0.2559 -0.0574 0.3465, 0.3346 -0.0574 0.3465, 0.2559 -0.0387 0.322, 0.3346 -0.0387 0.322, 0.2559 -0.0142 0.3033, 0.3346 -0.0142 0.3033, 0.2559 0.0143 0.2915, 0.3346 0.0143 0.2915, 0.2559 0.0449 0.2874, 0.3346 0.0449 0.2874, 0.2559 0.6322 0.2874, 0.3346 0.6322 0.2874, 0.2559 0.6322 0.3465, 0.3346 0.6322 0.3465, 0.2559 1.0392 0.2362, 0.3346 1.0392 0.2362, 0.2559 1.0392 0.1819, 0.3346 1.0392 0.1819, 0.2559 0.785 0.1819, 0.3346 0.785 0.1819, 0.2559 0.7536 0.2133, 0.3346 0.7536 0.2133, 0.2559 0.0653 0.1575, 0.3346 0.0653 0.1575, 0.2559 -0.2562 0.1575, 0.3346 -0.2562 0.1575, 0.2559 -0.2562 0.0591, 0.3346 -0.2562 0.0591, 0.2559 -0.3743 0.0591, 0.3346 -0.3743 0.0591, 0.2559 -0.4334 0.0, 0.3346 -0.4334 0.0, 0.2559 -0.6303 0.0, 0.3346 -0.6303 0.0, 0.2559 -0.6303 0.0787, 0.3346 -0.6303 0.0787, 0.2559 -0.4728 0.1209, 0.3346 -0.4728 0.1209, 0.2559 -0.3035 0.263, 0.3346 -0.3035 0.263, 0.2559 -0.3035 0.3417, 0.3346 -0.3035 0.3417, 0.2559 -0.3547 0.3417, 0.3346 -0.3547 0.3417, 0.2559 -0.3547 0.5189, 0.3346 -0.3547 0.5189, 0.2559 -0.3035 0.5189, 0.3346 -0.3035 0.5189, 0.2559 -0.3035 0.5976, 0.3346 -0.3035 0.5976, 0.4528 -0.3547 0.6693, 0.4528 -0.3547 0.5976, 0.5315 -0.3547 0.6693, 0.5315 -0.3547 0.5976, 0.4528 0.8598 0.6693, 0.5315 0.8598 0.6693, 0.5315 0.8731 0.6675, 0.4528 0.8731 0.6675, 0.5315 0.8854 0.6624, 0.4528 0.8854 0.6624, 0.5315 0.896 0.6543, 0.4528 0.896 0.6543, 0.5315 0.9041 0.6437, 0.4528 0.9041 0.6437, 0.5315 0.9093 0.6314, 0.4528 0.9093 0.6314, 0.5315 0.911 0.6181, 0.4528 0.911 0.6181, 0.4528 0.911 0.6074, 0.5315 0.911 0.6074, 0.5315 0.9093 0.5941, 0.4528 0.9093 0.5941, 0.5315 0.9041 0.5818, 0.4528 0.9041 0.5818, 0.5315 0.896 0.5712, 0.4528 0.896 0.5712, 0.5315 0.8854 0.563, 0.4528 0.8854 0.563, 0.5315 0.8731 0.5579, 0.4528 0.8731 0.5579, 0.5315 0.8598 0.5562, 0.4528 0.8598 0.5562, 0.4528 0.8188 0.5562, 0.5315 0.8188 0.5562, 0.4528 0.7882 0.5764, 0.5315 0.7882 0.5764, 0.4528 0.7537 0.589, 0.5315 0.7537 0.589, 0.4528 0.7173 0.5933, 0.5315 0.7173 0.5933, 0.4528 0.6808 0.589, 0.5315 0.6808 0.589, 0.4528 0.6464 0.5764, 0.5315 0.6464 0.5764, 0.4528 0.6157 0.5562, 0.5315 0.6157 0.5562, 0.4528 0.0449 0.5562, 0.5315 0.0449 0.5562, 0.4528 0.0143 0.5522, 0.5315 0.0143 0.5522, 0.4528 -0.0142 0.5404, 0.5315 -0.0142 0.5404, 0.4528 -0.0387 0.5216, 0.5315 -0.0387 0.5216, 0.4528 -0.0574 0.4971, 0.5315 -0.0574 0.4971, 0.4528 -0.0692 0.4686, 0.5315 -0.0692 0.4686, 0.4528 -0.0732 0.4381, 0.5315 -0.0732 0.4381, 0.4528 -0.0732 0.4055, 0.5315 -0.0732 0.4055, 0.4528 -0.0692 0.375, 0.5315 -0.0692 0.375, 0.4528 -0.0574 0.3465, 0.5315 -0.0574 0.3465, 0.4528 -0.0387 0.322, 0.5315 -0.0387 0.322, 0.4528 -0.0142 0.3033, 0.5315 -0.0142 0.3033, 0.4528 0.0143 0.2915, 0.5315 0.0143 0.2915, 0.4528 0.0449 0.2874, 0.5315 0.0449 0.2874, 0.4528 0.6322 0.2874, 0.5315 0.6322 0.2874, 0.4528 0.6322 0.3465, 0.5315 0.6322 0.3465, 0.4528 1.0392 0.2362, 0.5315 1.0392 0.2362, 0.4528 1.0392 0.1819, 0.5315 1.0392 0.1819, 0.4528 0.785 0.1819, 0.5315 0.785 0.1819, 0.4528 0.7536 0.2133, 0.5315 0.7536 0.2133, 0.4528 0.0653 0.1575, 0.5315 0.0653 0.1575, 0.4528 -0.2562 0.1575, 0.5315 -0.2562 0.1575, 0.4528 -0.2562 0.0591, 0.5315 -0.2562 0.0591, 0.4528 -0.3743 0.0591, 0.5315 -0.3743 0.0591, 0.4528 -0.4334 0.0, 0.5315 -0.4334 0.0, 0.4528 -0.6303 0.0, 0.5315 -0.6303 0.0, 0.4528 -0.6303 0.0787, 0.5315 -0.6303 0.0787, 0.4528 -0.4728 0.1209, 0.5315 -0.4728 0.1209, 0.4528 -0.3035 0.263, 0.5315 -0.3035 0.263, 0.4528 -0.3035 0.3417, 0.5315 -0.3035 0.3417, 0.4528 -0.3547 0.3417, 0.5315 -0.3547 0.3417, 0.4528 -0.3547 0.5189, 0.5315 -0.3547 0.5189, 0.4528 -0.3035 0.5189, 0.5315 -0.3035 0.5189, 0.4528 -0.3035 0.5976, 0.5315 -0.3035 0.5976, 0.6496 -0.3547 0.6693, 0.6496 -0.3547 0.5976, 0.7283 -0.3547 0.6693, 0.7283 -0.3547 0.5976, 0.6496 0.8598 0.6693, 0.7283 0.8598 0.6693, 0.7283 0.8731 0.6675, 0.6496 0.8731 0.6675, 0.7283 0.8854 0.6624, 0.6496 0.8854 0.6624, 0.7283 0.896 0.6543, 0.6496 0.896 0.6543, 0.7283 0.9041 0.6437, 0.6496 0.9041 0.6437, 0.7283 0.9093 0.6314, 0.6496 0.9093 0.6314, 0.7283 0.911 0.6181, 0.6496 0.911 0.6181, 0.6496 0.911 0.6074, 0.7283 0.911 0.6074, 0.7283 0.9093 0.5941, 0.6496 0.9093 0.5941, 0.7283 0.9041 0.5818, 0.6496 0.9041 0.5818, 0.7283 0.896 0.5712, 0.6496 0.896 0.5712, 0.7283 0.8854 0.563, 0.6496 0.8854 0.563, 0.7283 0.8731 0.5579, 0.6496 0.8731 0.5579, 0.7283 0.8598 0.5562, 0.6496 0.8598 0.5562, 0.6496 0.8188 0.5562, 0.7283 0.8188 0.5562, 0.6496 0.7882 0.5764, 0.7283 0.7882 0.5764, 0.6496 0.7537 0.589, 0.7283 0.7537 0.589, 0.6496 0.7173 0.5933, 0.7283 0.7173 0.5933, 0.6496 0.6808 0.589, 0.7283 0.6808 0.589, 0.6496 0.6464 0.5764, 0.7283 0.6464 0.5764, 0.6496 0.6157 0.5562, 0.7283 0.6157 0.5562, 0.6496 0.0449 0.5562, 0.7283 0.0449 0.5562, 0.6496 0.0143 0.5522, 0.7283 0.0143 0.5522, 0.6496 -0.0142 0.5404, 0.7283 -0.0142 0.5404, 0.6496 -0.0387 0.5216, 0.7283 -0.0387 0.5216, 0.6496 -0.0574 0.4971, 0.7283 -0.0574 0.4971, 0.6496 -0.0692 0.4686, 0.7283 -0.0692 0.4686, 0.6496 -0.0732 0.4381, 0.7283 -0.0732 0.4381, 0.6496 -0.0732 0.4055, 0.7283 -0.0732 0.4055, 0.6496 -0.0692 0.375, 0.7283 -0.0692 0.375, 0.6496 -0.0574 0.3465, 0.7283 -0.0574 0.3465, 0.6496 -0.0387 0.322, 0.7283 -0.0387 0.322, 0.6496 -0.0142 0.3033, 0.7283 -0.0142 0.3033, 0.6496 0.0143 0.2915, 0.7283 0.0143 0.2915, 0.6496 0.0449 0.2874, 0.7283 0.0449 0.2874, 0.6496 0.6322 0.2874, 0.7283 0.6322 0.2874, 0.6496 0.6322 0.3465, 0.7283 0.6322 0.3465, 0.6496 1.0392 0.2362, 0.7283 1.0392 0.2362, 0.6496 1.0392 0.1819, 0.7283 1.0392 0.1819, 0.6496 0.785 0.1819, 0.7283 0.785 0.1819, 0.6496 0.7536 0.2133, 0.7283 0.7536 0.2133, 0.6496 0.0653 0.1575, 0.7283 0.0653 0.1575, 0.6496 -0.2562 0.1575, 0.7283 -0.2562 0.1575, 0.6496 -0.2562 0.0591, 0.7283 -0.2562 0.0591, 0.6496 -0.3743 0.0591, 0.7283 -0.3743 0.0591, 0.6496 -0.4334 0.0, 0.7283 -0.4334 0.0, 0.6496 -0.6303 0.0, 0.7283 -0.6303 0.0, 0.6496 -0.6303 0.0787, 0.7283 -0.6303 0.0787, 0.6496 -0.4728 0.1209, 0.7283 -0.4728 0.1209, 0.6496 -0.3035 0.263, 0.7283 -0.3035 0.263, 0.6496 -0.3035 0.3417, 0.7283 -0.3035 0.3417, 0.6496 -0.3547 0.3417, 0.7283 -0.3547 0.3417, 0.6496 -0.3547 0.5189, 0.7283 -0.3547 0.5189, 0.6496 -0.3035 0.5189, 0.7283 -0.3035 0.5189, 0.6496 -0.3035 0.5976, 0.7283 -0.3035 0.5976
            ]
        }
        coordIndex [
            0,1,2,-1,2,1,3,-1,4,0,5,-1,5,0,2,-1,4,5,6,-1,4,6,7,-1,7,6,8,-1,7,8,9,-1,9,8,10,-1,9,10,11,-1,11,10,12,-1,11,12,13,-1,13,12,14,-1,13,14,15,-1,15,14,16,-1,15,16,17,-1,18,17,19,-1,19,17,16,-1,18,19,20,-1,18,20,21,-1,21,20,22,-1,21,22,23,-1,23,22,24,-1,23,24,25,-1,25,24,26,-1,25,26,27,-1,27,26,28,-1,27,28,29,-1,29,28,30,-1,29,30,31,-1,32,31,33,-1,33,31,30,-1,32,33,34,-1,34,33,35,-1,34,35,36,-1,36,35,37,-1,36,37,38,-1,38,37,39,-1,38,39,40,-1,40,39,41,-1,40,41,42,-1,42,41,43,-1,42,43,44,-1,44,43,45,-1,46,44,47,-1,47,44,45,-1,46,47,48,-1,48,47,49,-1,48,49,50,-1,50,49,51,-1,50,51,52,-1,52,51,53,-1,52,53,54,-1,54,53,55,-1,54,55,56,-1,56,55,57,-1,56,57,58,-1,58,57,59,-1,60,58,61,-1,61,58,59,-1,60,61,62,-1,62,61,63,-1,62,63,64,-1,64,63,65,-1,64,65,66,-1,66,65,67,-1,66,67,68,-1,68,67,69,-1,68,69,70,-1,70,69,71,-1,70,71,72,-1,72,71,73,-1,74,72,75,-1,75,72,73,-1,76,74,77,-1,77,74,75,-1,78,76,79,-1,79,76,77,-1,80,78,81,-1,81,78,79,-1,82,80,83,-1,83,80,81,-1,84,82,85,-1,85,82,83,-1,86,84,87,-1,87,84,85,-1,88,86,89,-1,89,86,87,-1,90,88,91,-1,91,88,89,-1,92,90,93,-1,93,90,91,-1,94,92,95,-1,95,92,93,-1,96,94,97,-1,97,94,95,-1,98,96,99,-1,99,96,97,-1,100,98,101,-1,101,98,99,-1,102,100,103,-1,103,100,101,-1,104,102,105,-1,105,102,103,-1,106,104,107,-1,107,104,105,-1,108,106,109,-1,109,106,107,-1,110,108,111,-1,111,108,109,-1,112,110,113,-1,113,110,111,-1,1,112,3,-1,3,112,113,-1,80,82,78,-1,78,82,84,-1,78,84,76,-1,106,108,104,-1,104,108,110,-1,1,0,112,-1,112,0,4,-1,96,98,94,-1,94,98,100,-1,94,100,92,-1,92,100,88,-1,92,88,90,-1,66,68,86,-1,46,48,112,-1,112,48,50,-1,68,70,86,-1,86,70,72,-1,86,72,84,-1,84,72,74,-1,84,74,76,-1,58,60,110,-1,110,60,62,-1,110,62,64,-1,100,102,88,-1,88,102,104,-1,88,104,86,-1,86,104,110,-1,86,110,66,-1,66,110,64,-1,50,52,112,-1,112,52,54,-1,112,54,110,-1,110,54,56,-1,110,56,58,-1,15,17,34,-1,34,17,18,-1,36,38,4,-1,4,38,40,-1,4,40,112,-1,112,40,42,-1,112,42,46,-1,46,42,44,-1,36,4,34,-1,34,4,7,-1,34,7,9,-1,9,11,34,-1,34,11,13,-1,34,13,15,-1,21,23,18,-1,18,23,25,-1,18,25,27,-1,32,34,31,-1,31,34,18,-1,31,18,29,-1,29,18,27,-1,79,77,81,-1,81,77,75,-1,5,2,113,-1,113,2,3,-1,6,5,16,-1,109,107,111,-1,111,107,105,-1,97,95,99,-1,99,95,101,-1,67,87,69,-1,69,87,71,-1,95,93,101,-1,101,93,91,-1,101,91,89,-1,83,81,85,-1,85,81,75,-1,85,75,87,-1,87,75,73,-1,87,73,71,-1,67,111,87,-1,87,111,105,-1,87,105,89,-1,89,105,103,-1,89,103,101,-1,67,65,111,-1,111,65,63,-1,111,63,61,-1,61,59,111,-1,111,59,57,-1,111,57,113,-1,113,57,55,-1,113,55,53,-1,53,51,113,-1,113,51,49,-1,113,49,47,-1,5,39,37,-1,39,5,41,-1,41,5,113,-1,41,113,43,-1,43,113,47,-1,43,47,45,-1,37,35,5,-1,5,35,33,-1,5,33,30,-1,5,24,22,-1,12,10,8,-1,30,28,5,-1,5,28,26,-1,5,26,24,-1,22,20,5,-1,5,20,19,-1,5,19,16,-1,6,16,8,-1,8,16,14,-1,8,14,12,-1,114,115,116,-1,116,115,117,-1,116,117,118,-1,118,117,119,-1,120,121,122,-1,122,121,115,-1,122,115,123,-1,123,115,114,-1,124,125,126,-1,126,125,127,-1,128,126,129,-1,129,126,127,-1,129,127,123,-1,123,127,122,-1,117,124,119,-1,119,124,126,-1,130,131,125,-1,124,117,125,-1,125,117,115,-1,131,132,125,-1,125,132,133,-1,125,133,134,-1,134,133,135,-1,134,135,136,-1,137,115,138,-1,138,115,139,-1,137,140,115,-1,115,140,141,-1,115,141,125,-1,125,141,142,-1,125,142,130,-1,143,144,145,-1,145,144,146,-1,147,148,136,-1,139,115,149,-1,149,115,121,-1,149,121,145,-1,145,121,150,-1,145,150,151,-1,151,152,145,-1,145,152,153,-1,145,153,143,-1,147,136,154,-1,155,156,146,-1,146,156,157,-1,146,157,145,-1,158,159,160,-1,160,159,161,-1,160,161,162,-1,158,160,163,-1,163,160,164,-1,163,164,136,-1,136,164,165,-1,136,165,154,-1,148,166,136,-1,136,166,167,-1,136,167,134,-1,168,169,155,-1,155,169,170,-1,155,170,156,-1,126,128,119,-1,119,128,118,-1,171,144,143,-1,171,143,172,-1,172,143,153,-1,172,153,173,-1,173,153,152,-1,173,152,174,-1,174,152,151,-1,174,151,175,-1,175,151,150,-1,175,150,176,-1,176,150,121,-1,176,121,120,-1,171,177,144,-1,144,177,146,-1,178,157,156,-1,178,156,179,-1,179,156,170,-1,179,170,180,-1,180,170,169,-1,180,169,181,-1,181,169,168,-1,181,168,182,-1,182,168,155,-1,182,155,183,-1,183,155,146,-1,183,146,177,-1,178,184,157,-1,157,184,145,-1,185,141,186,-1,186,141,140,-1,186,140,187,-1,187,140,137,-1,187,137,188,-1,188,137,138,-1,188,138,189,-1,189,138,139,-1,189,139,190,-1,190,139,149,-1,190,149,184,-1,184,149,145,-1,185,191,141,-1,141,191,142,-1,192,136,193,-1,193,136,135,-1,193,135,194,-1,194,135,133,-1,194,133,195,-1,195,133,132,-1,195,132,196,-1,196,132,131,-1,196,131,197,-1,197,131,130,-1,197,130,191,-1,191,130,142,-1,192,198,136,-1,136,198,163,-1,199,164,160,-1,199,160,200,-1,200,160,162,-1,200,162,201,-1,201,162,161,-1,201,161,202,-1,202,161,159,-1,202,159,203,-1,203,159,158,-1,203,158,204,-1,204,158,163,-1,204,163,198,-1,199,205,164,-1,164,205,165,-1,206,134,167,-1,206,167,207,-1,207,167,166,-1,207,166,208,-1,208,166,148,-1,208,148,209,-1,209,148,147,-1,209,147,210,-1,210,147,154,-1,210,154,211,-1,211,154,165,-1,211,165,205,-1,206,127,134,-1,134,127,125,-1,176,120,184,-1,195,196,127,-1,186,187,122,-1,195,127,194,-1,204,198,200,-1,187,188,122,-1,122,188,189,-1,122,189,120,-1,120,189,190,-1,120,190,184,-1,208,209,192,-1,192,209,210,-1,194,127,193,-1,193,127,206,-1,193,206,192,-1,192,206,207,-1,192,207,208,-1,210,211,192,-1,192,211,205,-1,192,205,198,-1,198,205,199,-1,198,199,200,-1,196,197,127,-1,127,197,191,-1,127,191,122,-1,122,191,185,-1,122,185,186,-1,180,177,179,-1,179,177,178,-1,172,173,184,-1,201,202,200,-1,200,202,203,-1,200,203,204,-1,180,181,177,-1,177,181,182,-1,177,182,183,-1,178,177,184,-1,184,177,171,-1,184,171,172,-1,173,174,184,-1,184,174,175,-1,184,175,176,-1,129,116,128,-1,128,116,118,-1,123,114,129,-1,129,114,116,-1,212,213,214,-1,214,213,215,-1,216,212,217,-1,217,212,214,-1,216,217,218,-1,216,218,219,-1,219,218,220,-1,219,220,221,-1,221,220,222,-1,221,222,223,-1,223,222,224,-1,223,224,225,-1,225,224,226,-1,225,226,227,-1,227,226,228,-1,227,228,229,-1,230,229,231,-1,231,229,228,-1,230,231,232,-1,230,232,233,-1,233,232,234,-1,233,234,235,-1,235,234,236,-1,235,236,237,-1,237,236,238,-1,237,238,239,-1,239,238,240,-1,239,240,241,-1,241,240,242,-1,241,242,243,-1,244,243,245,-1,245,243,242,-1,244,245,246,-1,246,245,247,-1,246,247,248,-1,248,247,249,-1,248,249,250,-1,250,249,251,-1,250,251,252,-1,252,251,253,-1,252,253,254,-1,254,253,255,-1,254,255,256,-1,256,255,257,-1,258,256,259,-1,259,256,257,-1,258,259,260,-1,260,259,261,-1,260,261,262,-1,262,261,263,-1,262,263,264,-1,264,263,265,-1,264,265,266,-1,266,265,267,-1,266,267,268,-1,268,267,269,-1,268,269,270,-1,270,269,271,-1,272,270,273,-1,273,270,271,-1,272,273,274,-1,274,273,275,-1,274,275,276,-1,276,275,277,-1,276,277,278,-1,278,277,279,-1,278,279,280,-1,280,279,281,-1,280,281,282,-1,282,281,283,-1,282,283,284,-1,284,283,285,-1,286,284,287,-1,287,284,285,-1,288,286,289,-1,289,286,287,-1,290,288,291,-1,291,288,289,-1,292,290,293,-1,293,290,291,-1,294,292,295,-1,295,292,293,-1,296,294,297,-1,297,294,295,-1,298,296,299,-1,299,296,297,-1,300,298,301,-1,301,298,299,-1,302,300,303,-1,303,300,301,-1,304,302,305,-1,305,302,303,-1,306,304,307,-1,307,304,305,-1,308,306,309,-1,309,306,307,-1,310,308,311,-1,311,308,309,-1,312,310,313,-1,313,310,311,-1,314,312,315,-1,315,312,313,-1,316,314,317,-1,317,314,315,-1,318,316,319,-1,319,316,317,-1,320,318,321,-1,321,318,319,-1,322,320,323,-1,323,320,321,-1,324,322,325,-1,325,322,323,-1,213,324,215,-1,215,324,325,-1,292,294,290,-1,290,294,296,-1,290,296,288,-1,318,320,316,-1,316,320,322,-1,213,212,324,-1,324,212,216,-1,308,310,306,-1,306,310,312,-1,306,312,304,-1,304,312,300,-1,304,300,302,-1,298,278,280,-1,258,260,324,-1,324,260,262,-1,270,272,322,-1,322,272,274,-1,322,274,276,-1,312,314,300,-1,300,314,316,-1,300,316,298,-1,298,316,322,-1,298,322,278,-1,278,322,276,-1,243,244,246,-1,280,282,298,-1,298,282,284,-1,298,284,296,-1,296,284,286,-1,296,286,288,-1,248,250,216,-1,216,250,252,-1,216,252,324,-1,324,252,254,-1,324,254,258,-1,258,254,256,-1,262,264,324,-1,324,264,266,-1,324,266,322,-1,322,266,268,-1,322,268,270,-1,248,216,246,-1,246,216,219,-1,246,219,221,-1,221,223,246,-1,246,223,225,-1,246,225,227,-1,227,229,246,-1,246,229,230,-1,246,230,243,-1,243,230,233,-1,243,233,235,-1,235,237,243,-1,243,237,239,-1,243,239,241,-1,291,289,293,-1,293,289,287,-1,217,214,325,-1,325,214,215,-1,321,319,323,-1,323,319,317,-1,309,307,311,-1,311,307,313,-1,295,293,297,-1,297,293,287,-1,297,287,299,-1,299,287,285,-1,285,283,299,-1,299,283,281,-1,299,281,279,-1,265,263,325,-1,325,263,261,-1,325,261,259,-1,307,305,313,-1,313,305,303,-1,313,303,301,-1,279,323,299,-1,299,323,317,-1,299,317,301,-1,301,317,315,-1,301,315,313,-1,279,277,323,-1,323,277,275,-1,323,275,273,-1,273,271,323,-1,323,271,269,-1,323,269,325,-1,325,269,267,-1,325,267,265,-1,251,217,253,-1,253,217,325,-1,253,325,255,-1,255,325,259,-1,255,259,257,-1,251,249,217,-1,217,249,247,-1,217,247,245,-1,232,231,217,-1,217,231,228,-1,217,228,218,-1,224,222,220,-1,245,242,217,-1,217,242,240,-1,217,240,238,-1,238,236,217,-1,217,236,234,-1,217,234,232,-1,218,228,220,-1,220,228,226,-1,220,226,224,-1,326,327,328,-1,329,330,328,-1,328,330,331,-1,328,331,326,-1,332,327,333,-1,333,327,326,-1,333,326,334,-1,334,326,335,-1,336,337,338,-1,338,337,339,-1,332,333,339,-1,339,333,340,-1,339,340,338,-1,338,340,341,-1,338,331,336,-1,336,331,330,-1,326,331,341,-1,341,331,338,-1,342,343,326,-1,343,344,326,-1,326,344,345,-1,326,345,335,-1,335,345,346,-1,335,346,347,-1,348,341,349,-1,349,341,350,-1,348,351,341,-1,341,351,352,-1,341,352,326,-1,326,352,353,-1,326,353,342,-1,354,355,356,-1,354,356,357,-1,358,347,359,-1,359,347,360,-1,359,360,361,-1,361,360,362,-1,362,363,361,-1,361,363,364,-1,361,364,365,-1,358,366,347,-1,347,366,367,-1,347,367,368,-1,368,369,347,-1,347,369,370,-1,347,370,335,-1,350,341,371,-1,371,341,372,-1,371,372,356,-1,356,372,373,-1,356,373,357,-1,374,375,376,-1,355,377,356,-1,356,377,378,-1,356,378,379,-1,379,378,380,-1,379,380,381,-1,381,380,374,-1,381,374,382,-1,382,374,376,-1,337,336,329,-1,329,336,330,-1,334,335,370,-1,334,370,383,-1,383,370,369,-1,383,369,384,-1,384,369,368,-1,384,368,385,-1,385,368,367,-1,385,367,386,-1,386,367,366,-1,386,366,387,-1,387,366,358,-1,387,358,388,-1,389,388,359,-1,359,388,358,-1,389,359,361,-1,389,361,390,-1,390,361,365,-1,390,365,391,-1,391,365,364,-1,391,364,392,-1,392,364,363,-1,392,363,393,-1,393,363,362,-1,393,362,394,-1,394,362,360,-1,394,360,395,-1,396,395,347,-1,347,395,360,-1,396,347,397,-1,397,347,346,-1,397,346,398,-1,398,346,345,-1,398,345,399,-1,399,345,344,-1,399,344,400,-1,400,344,343,-1,400,343,401,-1,401,343,342,-1,401,342,402,-1,402,342,353,-1,403,402,352,-1,352,402,353,-1,403,352,404,-1,404,352,351,-1,404,351,405,-1,405,351,348,-1,405,348,406,-1,406,348,349,-1,406,349,407,-1,407,349,350,-1,407,350,408,-1,408,350,371,-1,408,371,409,-1,409,371,356,-1,410,409,379,-1,379,409,356,-1,410,379,381,-1,410,381,411,-1,411,381,382,-1,411,382,412,-1,412,382,376,-1,412,376,413,-1,413,376,375,-1,413,375,414,-1,414,375,374,-1,414,374,415,-1,415,374,380,-1,415,380,416,-1,417,416,378,-1,378,416,380,-1,417,378,377,-1,417,377,418,-1,418,377,355,-1,418,355,419,-1,419,355,354,-1,419,354,420,-1,420,354,357,-1,420,357,421,-1,421,357,373,-1,421,373,422,-1,422,373,372,-1,422,372,423,-1,340,423,341,-1,341,423,372,-1,404,405,340,-1,400,333,399,-1,399,333,398,-1,405,406,340,-1,340,406,407,-1,340,407,423,-1,423,407,408,-1,423,408,409,-1,394,395,390,-1,400,401,333,-1,333,401,402,-1,333,402,340,-1,340,402,403,-1,340,403,404,-1,410,416,409,-1,409,416,417,-1,384,385,396,-1,396,385,386,-1,386,387,396,-1,396,387,388,-1,396,388,395,-1,395,388,389,-1,395,389,390,-1,398,333,397,-1,397,333,334,-1,397,334,396,-1,396,334,383,-1,396,383,384,-1,415,416,414,-1,414,416,413,-1,410,411,416,-1,416,411,412,-1,416,412,413,-1,417,418,409,-1,409,418,419,-1,409,419,420,-1,391,392,390,-1,390,392,393,-1,390,393,394,-1,420,421,409,-1,409,421,422,-1,409,422,423,-1,328,339,329,-1,329,339,337,-1,327,332,328,-1,328,332,339,-1,424,425,426,-1,426,425,427,-1,428,424,429,-1,429,424,426,-1,428,429,430,-1,428,430,431,-1,431,430,432,-1,431,432,433,-1,433,432,434,-1,433,434,435,-1,435,434,436,-1,435,436,437,-1,437,436,438,-1,437,438,439,-1,439,438,440,-1,439,440,441,-1,442,441,443,-1,443,441,440,-1,442,443,444,-1,442,444,445,-1,445,444,446,-1,445,446,447,-1,447,446,448,-1,447,448,449,-1,449,448,450,-1,449,450,451,-1,451,450,452,-1,451,452,453,-1,453,452,454,-1,453,454,455,-1,456,455,457,-1,457,455,454,-1,456,457,458,-1,458,457,459,-1,458,459,460,-1,460,459,461,-1,460,461,462,-1,462,461,463,-1,462,463,464,-1,464,463,465,-1,464,465,466,-1,466,465,467,-1,466,467,468,-1,468,467,469,-1,470,468,471,-1,471,468,469,-1,470,471,472,-1,472,471,473,-1,472,473,474,-1,474,473,475,-1,474,475,476,-1,476,475,477,-1,476,477,478,-1,478,477,479,-1,478,479,480,-1,480,479,481,-1,480,481,482,-1,482,481,483,-1,484,482,485,-1,485,482,483,-1,484,485,486,-1,486,485,487,-1,486,487,488,-1,488,487,489,-1,488,489,490,-1,490,489,491,-1,490,491,492,-1,492,491,493,-1,492,493,494,-1,494,493,495,-1,494,495,496,-1,496,495,497,-1,498,496,499,-1,499,496,497,-1,500,498,501,-1,501,498,499,-1,502,500,503,-1,503,500,501,-1,504,502,505,-1,505,502,503,-1,506,504,507,-1,507,504,505,-1,508,506,509,-1,509,506,507,-1,510,508,511,-1,511,508,509,-1,512,510,513,-1,513,510,511,-1,514,512,515,-1,515,512,513,-1,516,514,517,-1,517,514,515,-1,518,516,519,-1,519,516,517,-1,520,518,521,-1,521,518,519,-1,522,520,523,-1,523,520,521,-1,524,522,525,-1,525,522,523,-1,526,524,527,-1,527,524,525,-1,528,526,529,-1,529,526,527,-1,530,528,531,-1,531,528,529,-1,532,530,533,-1,533,530,531,-1,534,532,535,-1,535,532,533,-1,536,534,537,-1,537,534,535,-1,425,536,427,-1,427,536,537,-1,504,506,502,-1,502,506,508,-1,502,508,500,-1,530,532,528,-1,528,532,534,-1,425,424,536,-1,536,424,428,-1,520,522,518,-1,518,522,524,-1,518,524,516,-1,516,524,512,-1,516,512,514,-1,490,492,510,-1,470,472,536,-1,536,472,474,-1,492,494,510,-1,510,494,496,-1,510,496,508,-1,508,496,498,-1,508,498,500,-1,455,456,458,-1,482,484,534,-1,534,484,486,-1,534,486,488,-1,524,526,512,-1,512,526,528,-1,512,528,510,-1,510,528,534,-1,510,534,490,-1,490,534,488,-1,474,476,536,-1,536,476,478,-1,536,478,534,-1,534,478,480,-1,534,480,482,-1,460,462,428,-1,428,462,464,-1,428,464,536,-1,536,464,466,-1,536,466,470,-1,470,466,468,-1,460,428,458,-1,458,428,431,-1,458,431,433,-1,433,435,458,-1,458,435,437,-1,458,437,439,-1,439,441,458,-1,458,441,442,-1,458,442,455,-1,455,442,445,-1,455,445,447,-1,447,449,455,-1,455,449,451,-1,455,451,453,-1,503,501,505,-1,505,501,499,-1,429,426,537,-1,537,426,427,-1,533,531,535,-1,535,531,529,-1,521,519,523,-1,523,519,525,-1,507,505,509,-1,509,505,499,-1,509,499,511,-1,511,499,497,-1,497,495,511,-1,511,495,493,-1,511,493,491,-1,519,517,525,-1,525,517,515,-1,525,515,513,-1,491,535,511,-1,511,535,529,-1,511,529,513,-1,513,529,527,-1,513,527,525,-1,491,489,535,-1,535,489,487,-1,535,487,485,-1,463,461,429,-1,429,461,459,-1,429,459,457,-1,485,483,535,-1,535,483,481,-1,535,481,537,-1,537,481,479,-1,537,479,477,-1,477,475,537,-1,537,475,473,-1,537,473,471,-1,444,443,429,-1,429,443,440,-1,429,440,430,-1,463,429,465,-1,465,429,537,-1,465,537,467,-1,467,537,471,-1,467,471,469,-1,436,434,432,-1,457,454,429,-1,429,454,452,-1,429,452,450,-1,450,448,429,-1,429,448,446,-1,429,446,444,-1,430,440,432,-1,432,440,438,-1,432,438,436,-1,538,539,540,-1,540,539,541,-1,542,538,543,-1,543,538,540,-1,542,543,544,-1,542,544,545,-1,545,544,546,-1,545,546,547,-1,547,546,548,-1,547,548,549,-1,549,548,550,-1,549,550,551,-1,551,550,552,-1,551,552,553,-1,553,552,554,-1,553,554,555,-1,556,555,557,-1,557,555,554,-1,556,557,558,-1,556,558,559,-1,559,558,560,-1,559,560,561,-1,561,560,562,-1,561,562,563,-1,563,562,564,-1,563,564,565,-1,565,564,566,-1,565,566,567,-1,567,566,568,-1,567,568,569,-1,570,569,571,-1,571,569,568,-1,570,571,572,-1,572,571,573,-1,572,573,574,-1,574,573,575,-1,574,575,576,-1,576,575,577,-1,576,577,578,-1,578,577,579,-1,578,579,580,-1,580,579,581,-1,580,581,582,-1,582,581,583,-1,584,582,585,-1,585,582,583,-1,584,585,586,-1,586,585,587,-1,586,587,588,-1,588,587,589,-1,588,589,590,-1,590,589,591,-1,590,591,592,-1,592,591,593,-1,592,593,594,-1,594,593,595,-1,594,595,596,-1,596,595,597,-1,598,596,599,-1,599,596,597,-1,598,599,600,-1,600,599,601,-1,600,601,602,-1,602,601,603,-1,602,603,604,-1,604,603,605,-1,604,605,606,-1,606,605,607,-1,606,607,608,-1,608,607,609,-1,608,609,610,-1,610,609,611,-1,612,610,613,-1,613,610,611,-1,614,612,615,-1,615,612,613,-1,616,614,617,-1,617,614,615,-1,618,616,619,-1,619,616,617,-1,620,618,621,-1,621,618,619,-1,622,620,623,-1,623,620,621,-1,624,622,625,-1,625,622,623,-1,626,624,627,-1,627,624,625,-1,628,626,629,-1,629,626,627,-1,630,628,631,-1,631,628,629,-1,632,630,633,-1,633,630,631,-1,634,632,635,-1,635,632,633,-1,636,634,637,-1,637,634,635,-1,638,636,639,-1,639,636,637,-1,640,638,641,-1,641,638,639,-1,642,640,643,-1,643,640,641,-1,644,642,645,-1,645,642,643,-1,646,644,647,-1,647,644,645,-1,648,646,649,-1,649,646,647,-1,650,648,651,-1,651,648,649,-1,539,650,541,-1,541,650,651,-1,618,620,616,-1,616,620,622,-1,616,622,614,-1,644,646,642,-1,642,646,648,-1,539,538,650,-1,650,538,542,-1,634,636,632,-1,632,636,638,-1,632,638,630,-1,630,638,626,-1,630,626,628,-1,604,606,624,-1,584,586,650,-1,650,586,588,-1,606,608,624,-1,624,608,610,-1,624,610,622,-1,622,610,612,-1,622,612,614,-1,596,598,648,-1,648,598,600,-1,648,600,602,-1,638,640,626,-1,626,640,642,-1,626,642,624,-1,624,642,648,-1,624,648,604,-1,604,648,602,-1,588,590,650,-1,650,590,592,-1,650,592,648,-1,648,592,594,-1,648,594,596,-1,553,555,572,-1,572,555,556,-1,574,576,542,-1,542,576,578,-1,542,578,650,-1,650,578,580,-1,650,580,584,-1,584,580,582,-1,574,542,572,-1,572,542,545,-1,572,545,547,-1,547,549,572,-1,572,549,551,-1,572,551,553,-1,559,561,556,-1,556,561,563,-1,556,563,565,-1,570,572,569,-1,569,572,556,-1,569,556,567,-1,567,556,565,-1,617,615,619,-1,619,615,613,-1,543,540,651,-1,651,540,541,-1,544,543,554,-1,647,645,649,-1,649,645,643,-1,635,633,637,-1,637,633,639,-1,605,625,607,-1,607,625,609,-1,633,631,639,-1,639,631,629,-1,639,629,627,-1,621,619,623,-1,623,619,613,-1,623,613,625,-1,625,613,611,-1,625,611,609,-1,605,649,625,-1,625,649,643,-1,625,643,627,-1,627,643,641,-1,627,641,639,-1,605,603,649,-1,649,603,601,-1,649,601,599,-1,599,597,649,-1,649,597,595,-1,649,595,651,-1,651,595,593,-1,651,593,591,-1,591,589,651,-1,651,589,587,-1,651,587,585,-1,571,568,543,-1,577,575,543,-1,543,575,573,-1,543,573,571,-1,577,543,579,-1,579,543,651,-1,579,651,581,-1,581,651,585,-1,581,585,583,-1,543,562,560,-1,550,548,546,-1,568,566,543,-1,543,566,564,-1,543,564,562,-1,560,558,543,-1,543,558,557,-1,543,557,554,-1,544,554,546,-1,546,554,552,-1,546,552,550,-1,652,653,654,-1,654,653,655,-1,656,652,657,-1,657,652,654,-1,656,657,658,-1,656,658,659,-1,659,658,660,-1,659,660,661,-1,661,660,662,-1,661,662,663,-1,663,662,664,-1,663,664,665,-1,665,664,666,-1,665,666,667,-1,667,666,668,-1,667,668,669,-1,670,669,671,-1,671,669,668,-1,670,671,672,-1,670,672,673,-1,673,672,674,-1,673,674,675,-1,675,674,676,-1,675,676,677,-1,677,676,678,-1,677,678,679,-1,679,678,680,-1,679,680,681,-1,681,680,682,-1,681,682,683,-1,684,683,685,-1,685,683,682,-1,684,685,686,-1,686,685,687,-1,686,687,688,-1,688,687,689,-1,688,689,690,-1,690,689,691,-1,690,691,692,-1,692,691,693,-1,692,693,694,-1,694,693,695,-1,694,695,696,-1,696,695,697,-1,698,696,699,-1,699,696,697,-1,698,699,700,-1,700,699,701,-1,700,701,702,-1,702,701,703,-1,702,703,704,-1,704,703,705,-1,704,705,706,-1,706,705,707,-1,706,707,708,-1,708,707,709,-1,708,709,710,-1,710,709,711,-1,712,710,713,-1,713,710,711,-1,712,713,714,-1,714,713,715,-1,714,715,716,-1,716,715,717,-1,716,717,718,-1,718,717,719,-1,718,719,720,-1,720,719,721,-1,720,721,722,-1,722,721,723,-1,722,723,724,-1,724,723,725,-1,726,724,727,-1,727,724,725,-1,728,726,729,-1,729,726,727,-1,730,728,731,-1,731,728,729,-1,732,730,733,-1,733,730,731,-1,734,732,735,-1,735,732,733,-1,736,734,737,-1,737,734,735,-1,738,736,739,-1,739,736,737,-1,740,738,741,-1,741,738,739,-1,742,740,743,-1,743,740,741,-1,744,742,745,-1,745,742,743,-1,746,744,747,-1,747,744,745,-1,748,746,749,-1,749,746,747,-1,750,748,751,-1,751,748,749,-1,752,750,753,-1,753,750,751,-1,754,752,755,-1,755,752,753,-1,756,754,757,-1,757,754,755,-1,758,756,759,-1,759,756,757,-1,760,758,761,-1,761,758,759,-1,762,760,763,-1,763,760,761,-1,764,762,765,-1,765,762,763,-1,653,764,655,-1,655,764,765,-1,732,734,730,-1,730,734,736,-1,730,736,728,-1,758,760,756,-1,756,760,762,-1,653,652,764,-1,764,652,656,-1,748,750,746,-1,746,750,752,-1,746,752,744,-1,744,752,740,-1,744,740,742,-1,718,720,738,-1,698,700,764,-1,764,700,702,-1,720,722,738,-1,738,722,724,-1,738,724,736,-1,736,724,726,-1,736,726,728,-1,710,712,762,-1,762,712,714,-1,762,714,716,-1,752,754,740,-1,740,754,756,-1,740,756,738,-1,738,756,762,-1,738,762,718,-1,718,762,716,-1,702,704,764,-1,764,704,706,-1,764,706,762,-1,762,706,708,-1,762,708,710,-1,667,669,686,-1,686,669,670,-1,688,690,656,-1,656,690,692,-1,656,692,764,-1,764,692,694,-1,764,694,698,-1,698,694,696,-1,688,656,686,-1,686,656,659,-1,686,659,661,-1,661,663,686,-1,686,663,665,-1,686,665,667,-1,673,675,670,-1,670,675,677,-1,670,677,679,-1,684,686,683,-1,683,686,670,-1,683,670,681,-1,681,670,679,-1,731,729,733,-1,733,729,727,-1,657,654,765,-1,765,654,655,-1,658,657,668,-1,761,759,763,-1,763,759,757,-1,749,747,751,-1,751,747,753,-1,719,739,721,-1,721,739,723,-1,747,745,753,-1,753,745,743,-1,753,743,741,-1,735,733,737,-1,737,733,727,-1,737,727,739,-1,739,727,725,-1,739,725,723,-1,719,763,739,-1,739,763,757,-1,739,757,741,-1,741,757,755,-1,741,755,753,-1,719,717,763,-1,763,717,715,-1,763,715,713,-1,713,711,763,-1,763,711,709,-1,763,709,765,-1,765,709,707,-1,765,707,705,-1,705,703,765,-1,765,703,701,-1,765,701,699,-1,685,682,657,-1,691,689,657,-1,657,689,687,-1,657,687,685,-1,691,657,693,-1,693,657,765,-1,693,765,695,-1,695,765,699,-1,695,699,697,-1,657,676,674,-1,664,662,660,-1,682,680,657,-1,657,680,678,-1,657,678,676,-1,674,672,657,-1,657,672,671,-1,657,671,668,-1,658,668,660,-1,660,668,666,-1,660,666,664,-1,766,767,768,-1,768,767,769,-1,770,766,771,-1,771,766,768,-1,770,771,772,-1,770,772,773,-1,773,772,774,-1,773,774,775,-1,775,774,776,-1,775,776,777,-1,777,776,778,-1,777,778,779,-1,779,778,780,-1,779,780,781,-1,781,780,782,-1,781,782,783,-1,784,783,785,-1,785,783,782,-1,784,785,786,-1,784,786,787,-1,787,786,788,-1,787,788,789,-1,789,788,790,-1,789,790,791,-1,791,790,792,-1,791,792,793,-1,793,792,794,-1,793,794,795,-1,795,794,796,-1,795,796,797,-1,798,797,799,-1,799,797,796,-1,798,799,800,-1,800,799,801,-1,800,801,802,-1,802,801,803,-1,802,803,804,-1,804,803,805,-1,804,805,806,-1,806,805,807,-1,806,807,808,-1,808,807,809,-1,808,809,810,-1,810,809,811,-1,812,810,813,-1,813,810,811,-1,812,813,814,-1,814,813,815,-1,814,815,816,-1,816,815,817,-1,816,817,818,-1,818,817,819,-1,818,819,820,-1,820,819,821,-1,820,821,822,-1,822,821,823,-1,822,823,824,-1,824,823,825,-1,826,824,827,-1,827,824,825,-1,826,827,828,-1,828,827,829,-1,828,829,830,-1,830,829,831,-1,830,831,832,-1,832,831,833,-1,832,833,834,-1,834,833,835,-1,834,835,836,-1,836,835,837,-1,836,837,838,-1,838,837,839,-1,840,838,841,-1,841,838,839,-1,842,840,843,-1,843,840,841,-1,844,842,845,-1,845,842,843,-1,846,844,847,-1,847,844,845,-1,848,846,849,-1,849,846,847,-1,850,848,851,-1,851,848,849,-1,852,850,853,-1,853,850,851,-1,854,852,855,-1,855,852,853,-1,856,854,857,-1,857,854,855,-1,858,856,859,-1,859,856,857,-1,860,858,861,-1,861,858,859,-1,862,860,863,-1,863,860,861,-1,864,862,865,-1,865,862,863,-1,866,864,867,-1,867,864,865,-1,868,866,869,-1,869,866,867,-1,870,868,871,-1,871,868,869,-1,872,870,873,-1,873,870,871,-1,874,872,875,-1,875,872,873,-1,876,874,877,-1,877,874,875,-1,878,876,879,-1,879,876,877,-1,767,878,769,-1,769,878,879,-1,846,848,844,-1,844,848,850,-1,844,850,842,-1,872,874,870,-1,870,874,876,-1,767,766,878,-1,878,766,770,-1,862,864,860,-1,860,864,866,-1,860,866,858,-1,858,866,854,-1,858,854,856,-1,832,834,852,-1,812,814,878,-1,878,814,816,-1,834,836,852,-1,852,836,838,-1,852,838,850,-1,850,838,840,-1,850,840,842,-1,824,826,876,-1,876,826,828,-1,876,828,830,-1,866,868,854,-1,854,868,870,-1,854,870,852,-1,852,870,876,-1,852,876,832,-1,832,876,830,-1,816,818,878,-1,878,818,820,-1,878,820,876,-1,876,820,822,-1,876,822,824,-1,781,783,800,-1,800,783,784,-1,802,804,770,-1,770,804,806,-1,770,806,878,-1,878,806,808,-1,878,808,812,-1,812,808,810,-1,802,770,800,-1,800,770,773,-1,800,773,775,-1,775,777,800,-1,800,777,779,-1,800,779,781,-1,787,789,784,-1,784,789,791,-1,784,791,793,-1,798,800,797,-1,797,800,784,-1,797,784,795,-1,795,784,793,-1,845,843,847,-1,847,843,841,-1,771,768,879,-1,879,768,769,-1,772,771,782,-1,875,873,877,-1,877,873,871,-1,863,861,865,-1,865,861,867,-1,833,853,835,-1,835,853,837,-1,861,859,867,-1,867,859,857,-1,867,857,855,-1,849,847,851,-1,851,847,841,-1,851,841,853,-1,853,841,839,-1,853,839,837,-1,833,877,853,-1,853,877,871,-1,853,871,855,-1,855,871,869,-1,855,869,867,-1,833,831,877,-1,877,831,829,-1,877,829,827,-1,827,825,877,-1,877,825,823,-1,877,823,879,-1,879,823,821,-1,879,821,819,-1,771,805,803,-1,803,801,771,-1,771,801,799,-1,771,799,796,-1,819,817,879,-1,879,817,815,-1,879,815,813,-1,805,771,807,-1,807,771,879,-1,807,879,809,-1,809,879,813,-1,809,813,811,-1,771,790,788,-1,778,776,774,-1,796,794,771,-1,771,794,792,-1,771,792,790,-1,788,786,771,-1,771,786,785,-1,771,785,782,-1,772,782,774,-1,774,782,780,-1,774,780,778,-1,
        ]
    }
}